new_product_ids,new_product_names,old_product_id,old_product_name,old_product_first_sale_date,month_since_launch_proxy,sale_month,sales_quantity
22663,433-53,60,351-48,2023-07-19,1,2023-07-01,17.0
22663,433-53,60,351-48,2023-07-19,2,2023-08-01,0.0
22663,433-53,60,351-48,2023-07-19,3,2023-09-01,0.0
22663,433-53,60,351-48,2023-07-19,4,2023-10-01,16.0
22663,433-53,60,351-48,2023-07-19,5,2023-11-01,0.0
22663,433-53,60,351-48,2023-07-19,6,2023-12-01,0.0
22663,433-53,60,351-48,2023-07-19,7,2024-01-01,0.0
22663,433-53,60,351-48,2023-07-19,8,2024-02-01,0.0
22663,433-53,60,351-48,2023-07-19,9,2024-03-01,0.0
22663,433-53,60,351-48,2023-07-19,10,2024-04-01,0.0
22663,433-53,60,351-48,2023-07-19,11,2024-05-01,0.0
22663,433-53,60,351-48,2023-07-19,12,2024-06-01,9.0
22663,433-53,60,351-48,2023-07-19,13,2024-07-01,1.0
22663,433-53,60,351-48,2023-07-19,14,2024-08-01,0.5
22663,433-53,60,351-48,2023-07-19,15,2024-09-01,42.5
22663,433-53,60,351-48,2023-07-19,16,2024-10-01,0.0
22663,433-53,60,351-48,2023-07-19,17,2024-11-01,0.0
22663,433-53,60,351-48,2023-07-19,18,2024-12-01,10.0
22663,433-53,60,351-48,2023-07-19,19,2025-01-01,0.0
22663,433-53,60,351-48,2023-07-19,20,2025-02-01,0.0
22663,433-53,60,351-48,2023-07-19,21,2025-03-01,1.5
22663,433-53,60,351-48,2023-07-19,22,2025-04-01,0.0
22663,433-53,60,351-48,2023-07-19,23,2025-05-01,0.0
22663,433-53,60,351-48,2023-07-19,24,2025-06-01,0.0
22663,433-53,60,351-48,2023-07-19,25,2025-07-01,0.0
22663,433-53,60,351-48,2023-07-19,26,2025-08-01,0.0
22663,433-53,60,351-48,2023-07-19,27,2025-09-01,0.0
22663,433-53,60,351-48,2023-07-19,28,2025-10-01,0.0
22663,433-53,60,351-48,2023-07-19,29,2025-11-01,0.0
22663,433-53,60,351-48,2023-07-19,30,2025-12-01,0.0
22663,433-53,60,351-48,2023-07-19,31,2026-01-01,0.0
22663,433-53,60,351-48,2023-07-19,32,2026-02-01,0.0
22663,433-53,60,351-48,2023-07-19,33,2026-03-01,0.0
22663,433-53,60,351-48,2023-07-19,34,2026-04-01,0.0
22663,433-53,60,351-48,2023-07-19,35,2026-05-01,18.0
22663,433-53,60,351-48,2023-07-19,36,2026-06-01,0.0
22663,433-53,60,351-48,2023-07-19,37,2026-07-01,0.0
22663,433-53,60,351-48,2023-07-19,38,2026-08-01,0.0
22662,433-47,54,351-42,2023-10-18,1,2023-10-01,46.5
22662,433-47,54,351-42,2023-10-18,2,2023-11-01,0.0
22662,433-47,54,351-42,2023-10-18,3,2023-12-01,0.0
22662,433-47,54,351-42,2023-10-18,4,2024-01-01,0.0
22662,433-47,54,351-42,2023-10-18,5,2024-02-01,0.0
22662,433-47,54,351-42,2023-10-18,6,2024-03-01,0.0
22662,433-47,54,351-42,2023-10-18,7,2024-04-01,0.0
22662,433-47,54,351-42,2023-10-18,8,2024-05-01,0.0
22662,433-47,54,351-42,2023-10-18,9,2024-06-01,0.0
22662,433-47,54,351-42,2023-10-18,10,2024-07-01,0.0
22662,433-47,54,351-42,2023-10-18,11,2024-08-01,17.0
22662,433-47,54,351-42,2023-10-18,12,2024-09-01,1.0
22662,433-47,54,351-42,2023-10-18,13,2024-10-01,0.0
22662,433-47,54,351-42,2023-10-18,14,2024-11-01,6.0
22662,433-47,54,351-42,2023-10-18,15,2024-12-01,0.0
22662,433-47,54,351-42,2023-10-18,16,2025-01-01,0.0
22662,433-47,54,351-42,2023-10-18,17,2025-02-01,0.0
22662,433-47,54,351-42,2023-10-18,18,2025-03-01,27.5
22662,433-47,54,351-42,2023-10-18,19,2025-04-01,44.0
22662,433-47,54,351-42,2023-10-18,20,2025-05-01,0.0
22662,433-47,54,351-42,2023-10-18,21,2025-06-01,0.0
22662,433-47,54,351-42,2023-10-18,22,2025-07-01,5.0
22662,433-47,54,351-42,2023-10-18,23,2025-08-01,0.0
22662,433-47,54,351-42,2023-10-18,24,2025-09-01,0.0
22662,433-47,54,351-42,2023-10-18,25,2025-10-01,0.0
22662,433-47,54,351-42,2023-10-18,26,2025-11-01,24.0
22662,433-47,54,351-42,2023-10-18,27,2025-12-01,0.0
22662,433-47,54,351-42,2023-10-18,28,2026-01-01,15.0
22662,433-47,54,351-42,2023-10-18,29,2026-02-01,3.0
22662,433-47,54,351-42,2023-10-18,30,2026-03-01,88.0
22662,433-47,54,351-42,2023-10-18,31,2026-04-01,18.0
22662,433-47,54,351-42,2023-10-18,32,2026-05-01,33.0
22662,433-47,54,351-42,2023-10-18,33,2026-06-01,5.0
22662,433-47,54,351-42,2023-10-18,34,2026-07-01,0.0
22662,433-47,54,351-42,2023-10-18,35,2026-08-01,0.0
22660,448-44,6716,380-30,2023-06-13,1,2023-06-01,24.5
22660,448-44,6716,380-30,2023-06-13,2,2023-07-01,0.0
22660,448-44,6716,380-30,2023-06-13,3,2023-08-01,5.0
22660,448-44,6716,380-30,2023-06-13,4,2023-09-01,18.0
22660,448-44,6716,380-30,2023-06-13,5,2023-10-01,6.0
22660,448-44,6716,380-30,2023-06-13,6,2023-11-01,8.0
22660,448-44,6716,380-30,2023-06-13,7,2023-12-01,0.0
22660,448-44,6716,380-30,2023-06-13,8,2024-01-01,2.0
22660,448-44,6716,380-30,2023-06-13,9,2024-02-01,13.0
22660,448-44,6716,380-30,2023-06-13,10,2024-03-01,4.0
22660,448-44,6716,380-30,2023-06-13,11,2024-04-01,5.0
22660,448-44,6716,380-30,2023-06-13,12,2024-05-01,7.0
22660,448-44,6716,380-30,2023-06-13,13,2024-06-01,0.0
22660,448-44,6716,380-30,2023-06-13,14,2024-07-01,5.0
22660,448-44,6716,380-30,2023-06-13,15,2024-08-01,0.0
22660,448-44,6716,380-30,2023-06-13,16,2024-09-01,2.0
22660,448-44,6716,380-30,2023-06-13,17,2024-10-01,1.5
22660,448-44,6716,380-30,2023-06-13,18,2024-11-01,1.5
22660,448-44,6716,380-30,2023-06-13,19,2024-12-01,1.0
22660,448-44,6716,380-30,2023-06-13,20,2025-01-01,2.5
22660,448-44,6716,380-30,2023-06-13,21,2025-02-01,1.0
22660,448-44,6716,380-30,2023-06-13,22,2025-03-01,0.0
22660,448-44,6716,380-30,2023-06-13,23,2025-04-01,0.0
22660,448-44,6716,380-30,2023-06-13,24,2025-05-01,3.5
22660,448-44,6716,380-30,2023-06-13,25,2025-06-01,0.0
22660,448-44,6716,380-30,2023-06-13,26,2025-07-01,0.0
22660,448-44,6716,380-30,2023-06-13,27,2025-08-01,12.0
22660,448-44,6716,380-30,2023-06-13,28,2025-09-01,0.0
22660,448-44,6716,380-30,2023-06-13,29,2025-10-01,0.0
22660,448-44,6716,380-30,2023-06-13,30,2025-11-01,0.0
22660,448-44,6716,380-30,2023-06-13,31,2025-12-01,0.0
22660,448-44,6716,380-30,2023-06-13,32,2026-01-01,0.0
22660,448-44,6716,380-30,2023-06-13,33,2026-02-01,4.0
22660,448-44,6716,380-30,2023-06-13,34,2026-03-01,0.0
22660,448-44,6716,380-30,2023-06-13,35,2026-04-01,0.0
22660,448-44,6716,380-30,2023-06-13,36,2026-05-01,0.0
22660,448-44,6716,380-30,2023-06-13,37,2026-06-01,0.0
22660,448-44,6716,380-30,2023-06-13,38,2026-07-01,0.0
22660,448-44,6716,380-30,2023-06-13,39,2026-08-01,0.0
22659,448-43,6712,380-25,2023-09-19,1,2023-09-01,33.0
22659,448-43,6712,380-25,2023-09-19,2,2023-10-01,3.0
22659,448-43,6712,380-25,2023-09-19,3,2023-11-01,2.0
22659,448-43,6712,380-25,2023-09-19,4,2023-12-01,4.5
22659,448-43,6712,380-25,2023-09-19,5,2024-01-01,0.0
22659,448-43,6712,380-25,2023-09-19,6,2024-02-01,0.0
22659,448-43,6712,380-25,2023-09-19,7,2024-03-01,0.0
22659,448-43,6712,380-25,2023-09-19,8,2024-04-01,2.0
22659,448-43,6712,380-25,2023-09-19,9,2024-05-01,0.0
22659,448-43,6712,380-25,2023-09-19,10,2024-06-01,0.0
22659,448-43,6712,380-25,2023-09-19,11,2024-07-01,0.0
22659,448-43,6712,380-25,2023-09-19,12,2024-08-01,4.0
22659,448-43,6712,380-25,2023-09-19,13,2024-09-01,6.0
22659,448-43,6712,380-25,2023-09-19,14,2024-10-01,2.5
22659,448-43,6712,380-25,2023-09-19,15,2024-11-01,0.0
22659,448-43,6712,380-25,2023-09-19,16,2024-12-01,0.0
22659,448-43,6712,380-25,2023-09-19,17,2025-01-01,5.0
22659,448-43,6712,380-25,2023-09-19,18,2025-02-01,14.0
22659,448-43,6712,380-25,2023-09-19,19,2025-03-01,8.0
22659,448-43,6712,380-25,2023-09-19,20,2025-04-01,0.0
22659,448-43,6712,380-25,2023-09-19,21,2025-05-01,13.0
22659,448-43,6712,380-25,2023-09-19,22,2025-06-01,0.0
22659,448-43,6712,380-25,2023-09-19,23,2025-07-01,0.0
22659,448-43,6712,380-25,2023-09-19,24,2025-08-01,2.5
22659,448-43,6712,380-25,2023-09-19,25,2025-09-01,3.0
22659,448-43,6712,380-25,2023-09-19,26,2025-10-01,0.0
22659,448-43,6712,380-25,2023-09-19,27,2025-11-01,4.0
22659,448-43,6712,380-25,2023-09-19,28,2025-12-01,0.0
22659,448-43,6712,380-25,2023-09-19,29,2026-01-01,3.0
22659,448-43,6712,380-25,2023-09-19,30,2026-02-01,4.0
22659,448-43,6712,380-25,2023-09-19,31,2026-03-01,0.0
22659,448-43,6712,380-25,2023-09-19,32,2026-04-01,0.0
22659,448-43,6712,380-25,2023-09-19,33,2026-05-01,25.0
22659,448-43,6712,380-25,2023-09-19,34,2026-06-01,0.0
22659,448-43,6712,380-25,2023-09-19,35,2026-07-01,0.0
22659,448-43,6712,380-25,2023-09-19,36,2026-08-01,0.0
22658,448-42,6715,380-29,2023-08-23,1,2023-08-01,4.0
22658,448-42,6715,380-29,2023-08-23,2,2023-09-01,2.5
22658,448-42,6715,380-29,2023-08-23,3,2023-10-01,3.5
22658,448-42,6715,380-29,2023-08-23,4,2023-11-01,3.0
22658,448-42,6715,380-29,2023-08-23,5,2023-12-01,5.0
22658,448-42,6715,380-29,2023-08-23,6,2024-01-01,0.0
22658,448-42,6715,380-29,2023-08-23,7,2024-02-01,3.5
22658,448-42,6715,380-29,2023-08-23,8,2024-03-01,2.5
22658,448-42,6715,380-29,2023-08-23,9,2024-04-01,0.0
22658,448-42,6715,380-29,2023-08-23,10,2024-05-01,7.0
22658,448-42,6715,380-29,2023-08-23,11,2024-06-01,12.0
22658,448-42,6715,380-29,2023-08-23,12,2024-07-01,2.0
22658,448-42,6715,380-29,2023-08-23,13,2024-08-01,23.0
22658,448-42,6715,380-29,2023-08-23,14,2024-09-01,4.5
22658,448-42,6715,380-29,2023-08-23,15,2024-10-01,21.5
22658,448-42,6715,380-29,2023-08-23,16,2024-11-01,51.5
22658,448-42,6715,380-29,2023-08-23,17,2024-12-01,13.5
22658,448-42,6715,380-29,2023-08-23,18,2025-01-01,8.0
22658,448-42,6715,380-29,2023-08-23,19,2025-02-01,0.0
22658,448-42,6715,380-29,2023-08-23,20,2025-03-01,0.0
22658,448-42,6715,380-29,2023-08-23,21,2025-04-01,0.0
22658,448-42,6715,380-29,2023-08-23,22,2025-05-01,1.0
22658,448-42,6715,380-29,2023-08-23,23,2025-06-01,5.0
22658,448-42,6715,380-29,2023-08-23,24,2025-07-01,0.0
22658,448-42,6715,380-29,2023-08-23,25,2025-08-01,11.5
22658,448-42,6715,380-29,2023-08-23,26,2025-09-01,0.0
22658,448-42,6715,380-29,2023-08-23,27,2025-10-01,0.0
22658,448-42,6715,380-29,2023-08-23,28,2025-11-01,1.25
22658,448-42,6715,380-29,2023-08-23,29,2025-12-01,0.0
22658,448-42,6715,380-29,2023-08-23,30,2026-01-01,0.0
22658,448-42,6715,380-29,2023-08-23,31,2026-02-01,10.0
22658,448-42,6715,380-29,2023-08-23,32,2026-03-01,0.0
22658,448-42,6715,380-29,2023-08-23,33,2026-04-01,5.0
22658,448-42,6715,380-29,2023-08-23,34,2026-05-01,3.0
22658,448-42,6715,380-29,2023-08-23,35,2026-06-01,0.0
22658,448-42,6715,380-29,2023-08-23,36,2026-07-01,5.0
22658,448-42,6715,380-29,2023-08-23,37,2026-08-01,0.0
22657,448-41,6714,380-28,2023-06-14,1,2023-06-01,10.0
22657,448-41,6714,380-28,2023-06-14,2,2023-07-01,8.0
22657,448-41,6714,380-28,2023-06-14,3,2023-08-01,7.0
22657,448-41,6714,380-28,2023-06-14,4,2023-09-01,1.5
22657,448-41,6714,380-28,2023-06-14,5,2023-10-01,5.0
22657,448-41,6714,380-28,2023-06-14,6,2023-11-01,12.0
22657,448-41,6714,380-28,2023-06-14,7,2023-12-01,1.0
22657,448-41,6714,380-28,2023-06-14,8,2024-01-01,3.0
22657,448-41,6714,380-28,2023-06-14,9,2024-02-01,16.5
22657,448-41,6714,380-28,2023-06-14,10,2024-03-01,5.5
22657,448-41,6714,380-28,2023-06-14,11,2024-04-01,5.0
22657,448-41,6714,380-28,2023-06-14,12,2024-05-01,3.0
22657,448-41,6714,380-28,2023-06-14,13,2024-06-01,5.0
22657,448-41,6714,380-28,2023-06-14,14,2024-07-01,32.0
22657,448-41,6714,380-28,2023-06-14,15,2024-08-01,20.0
22657,448-41,6714,380-28,2023-06-14,16,2024-09-01,15.0
22657,448-41,6714,380-28,2023-06-14,17,2024-10-01,18.5
22657,448-41,6714,380-28,2023-06-14,18,2024-11-01,6.0
22657,448-41,6714,380-28,2023-06-14,19,2024-12-01,1.0
22657,448-41,6714,380-28,2023-06-14,20,2025-01-01,5.0
22657,448-41,6714,380-28,2023-06-14,21,2025-02-01,35.0
22657,448-41,6714,380-28,2023-06-14,22,2025-03-01,0.0
22657,448-41,6714,380-28,2023-06-14,23,2025-04-01,0.0
22657,448-41,6714,380-28,2023-06-14,24,2025-05-01,0.0
22657,448-41,6714,380-28,2023-06-14,25,2025-06-01,0.0
22657,448-41,6714,380-28,2023-06-14,26,2025-07-01,26.0
22657,448-41,6714,380-28,2023-06-14,27,2025-08-01,0.0
22657,448-41,6714,380-28,2023-06-14,28,2025-09-01,0.0
22657,448-41,6714,380-28,2023-06-14,29,2025-10-01,0.0
22657,448-41,6714,380-28,2023-06-14,30,2025-11-01,0.0
22657,448-41,6714,380-28,2023-06-14,31,2025-12-01,0.0
22657,448-41,6714,380-28,2023-06-14,32,2026-01-01,1.5
22657,448-41,6714,380-28,2023-06-14,33,2026-02-01,0.0
22657,448-41,6714,380-28,2023-06-14,34,2026-03-01,0.0
22657,448-41,6714,380-28,2023-06-14,35,2026-04-01,0.0
22657,448-41,6714,380-28,2023-06-14,36,2026-05-01,2.5
22657,448-41,6714,380-28,2023-06-14,37,2026-06-01,0.0
22657,448-41,6714,380-28,2023-06-14,38,2026-07-01,0.0
22657,448-41,6714,380-28,2023-06-14,39,2026-08-01,0.0
22656,448-40,6713,380-27,2023-06-06,1,2023-06-01,1.0
22656,448-40,6713,380-27,2023-06-06,2,2023-07-01,0.5
22656,448-40,6713,380-27,2023-06-06,3,2023-08-01,0.0
22656,448-40,6713,380-27,2023-06-06,4,2023-09-01,2.5
22656,448-40,6713,380-27,2023-06-06,5,2023-10-01,10.0
22656,448-40,6713,380-27,2023-06-06,6,2023-11-01,2.5
22656,448-40,6713,380-27,2023-06-06,7,2023-12-01,0.0
22656,448-40,6713,380-27,2023-06-06,8,2024-01-01,11.0
22656,448-40,6713,380-27,2023-06-06,9,2024-02-01,0.0
22656,448-40,6713,380-27,2023-06-06,10,2024-03-01,16.0
22656,448-40,6713,380-27,2023-06-06,11,2024-04-01,2.0
22656,448-40,6713,380-27,2023-06-06,12,2024-05-01,10.5
22656,448-40,6713,380-27,2023-06-06,13,2024-06-01,3.0
22656,448-40,6713,380-27,2023-06-06,14,2024-07-01,0.0
22656,448-40,6713,380-27,2023-06-06,15,2024-08-01,0.0
22656,448-40,6713,380-27,2023-06-06,16,2024-09-01,0.0
22656,448-40,6713,380-27,2023-06-06,17,2024-10-01,16.0
22656,448-40,6713,380-27,2023-06-06,18,2024-11-01,1.0
22656,448-40,6713,380-27,2023-06-06,19,2024-12-01,7.0
22656,448-40,6713,380-27,2023-06-06,20,2025-01-01,1.0
22656,448-40,6713,380-27,2023-06-06,21,2025-02-01,66.0
22656,448-40,6713,380-27,2023-06-06,22,2025-03-01,2.5
22656,448-40,6713,380-27,2023-06-06,23,2025-04-01,3.0
22656,448-40,6713,380-27,2023-06-06,24,2025-05-01,0.0
22656,448-40,6713,380-27,2023-06-06,25,2025-06-01,1.0
22656,448-40,6713,380-27,2023-06-06,26,2025-07-01,18.0
22656,448-40,6713,380-27,2023-06-06,27,2025-08-01,1.0
22656,448-40,6713,380-27,2023-06-06,28,2025-09-01,18.0
22656,448-40,6713,380-27,2023-06-06,29,2025-10-01,2.5
22656,448-40,6713,380-27,2023-06-06,30,2025-11-01,21.0
22656,448-40,6713,380-27,2023-06-06,31,2025-12-01,9.0
22656,448-40,6713,380-27,2023-06-06,32,2026-01-01,0.0
22656,448-40,6713,380-27,2023-06-06,33,2026-02-01,0.0
22656,448-40,6713,380-27,2023-06-06,34,2026-03-01,0.0
22656,448-40,6713,380-27,2023-06-06,35,2026-04-01,0.0
22656,448-40,6713,380-27,2023-06-06,36,2026-05-01,30.0
22656,448-40,6713,380-27,2023-06-06,37,2026-06-01,0.0
22656,448-40,6713,380-27,2023-06-06,38,2026-07-01,0.0
22656,448-40,6713,380-27,2023-06-06,39,2026-08-01,0.0
22649;22655,448-30; 448-39,6695,380-08,2023-06-06,1,2023-06-01,1.0
22649;22655,448-30; 448-39,6695,380-08,2023-06-06,2,2023-07-01,0.0
22649;22655,448-30; 448-39,6695,380-08,2023-06-06,3,2023-08-01,9.0
22649;22655,448-30; 448-39,6695,380-08,2023-06-06,4,2023-09-01,1.5
22649;22655,448-30; 448-39,6695,380-08,2023-06-06,5,2023-10-01,0.0
22649;22655,448-30; 448-39,6695,380-08,2023-06-06,6,2023-11-01,13.0
22649;22655,448-30; 448-39,6695,380-08,2023-06-06,7,2023-12-01,3.5
22649;22655,448-30; 448-39,6695,380-08,2023-06-06,8,2024-01-01,0.0
22649;22655,448-30; 448-39,6695,380-08,2023-06-06,9,2024-02-01,16.5
22649;22655,448-30; 448-39,6695,380-08,2023-06-06,10,2024-03-01,67.5
22649;22655,448-30; 448-39,6695,380-08,2023-06-06,11,2024-04-01,1.0
22649;22655,448-30; 448-39,6695,380-08,2023-06-06,12,2024-05-01,11.0
22649;22655,448-30; 448-39,6695,380-08,2023-06-06,13,2024-06-01,0.5
22649;22655,448-30; 448-39,6695,380-08,2023-06-06,14,2024-07-01,5.5
22649;22655,448-30; 448-39,6695,380-08,2023-06-06,15,2024-08-01,0.0
22649;22655,448-30; 448-39,6695,380-08,2023-06-06,16,2024-09-01,0.0
22649;22655,448-30; 448-39,6695,380-08,2023-06-06,17,2024-10-01,3.0
22649;22655,448-30; 448-39,6695,380-08,2023-06-06,18,2024-11-01,0.0
22649;22655,448-30; 448-39,6695,380-08,2023-06-06,19,2024-12-01,7.5
22649;22655,448-30; 448-39,6695,380-08,2023-06-06,20,2025-01-01,5.0
22649;22655,448-30; 448-39,6695,380-08,2023-06-06,21,2025-02-01,46.0
22649;22655,448-30; 448-39,6695,380-08,2023-06-06,22,2025-03-01,26.0
22649;22655,448-30; 448-39,6695,380-08,2023-06-06,23,2025-04-01,0.0
22649;22655,448-30; 448-39,6695,380-08,2023-06-06,24,2025-05-01,14.0
22649;22655,448-30; 448-39,6695,380-08,2023-06-06,25,2025-06-01,0.0
22649;22655,448-30; 448-39,6695,380-08,2023-06-06,26,2025-07-01,0.0
22649;22655,448-30; 448-39,6695,380-08,2023-06-06,27,2025-08-01,0.0
22649;22655,448-30; 448-39,6695,380-08,2023-06-06,28,2025-09-01,0.0
22649;22655,448-30; 448-39,6695,380-08,2023-06-06,29,2025-10-01,0.0
22649;22655,448-30; 448-39,6695,380-08,2023-06-06,30,2025-11-01,10.0
22649;22655,448-30; 448-39,6695,380-08,2023-06-06,31,2025-12-01,0.0
22649;22655,448-30; 448-39,6695,380-08,2023-06-06,32,2026-01-01,0.0
22649;22655,448-30; 448-39,6695,380-08,2023-06-06,33,2026-02-01,11.0
22649;22655,448-30; 448-39,6695,380-08,2023-06-06,34,2026-03-01,0.0
22649;22655,448-30; 448-39,6695,380-08,2023-06-06,35,2026-04-01,10.0
22649;22655,448-30; 448-39,6695,380-08,2023-06-06,36,2026-05-01,25.0
22649;22655,448-30; 448-39,6695,380-08,2023-06-06,37,2026-06-01,0.0
22649;22655,448-30; 448-39,6695,380-08,2023-06-06,38,2026-07-01,0.0
22649;22655,448-30; 448-39,6695,380-08,2023-06-06,39,2026-08-01,0.0
22654,448-35,6699,380-12,2023-06-10,1,2023-06-01,16.5
22654,448-35,6699,380-12,2023-06-10,2,2023-07-01,18.0
22654,448-35,6699,380-12,2023-06-10,3,2023-08-01,17.0
22654,448-35,6699,380-12,2023-06-10,4,2023-09-01,16.0
22654,448-35,6699,380-12,2023-06-10,5,2023-10-01,3.0
22654,448-35,6699,380-12,2023-06-10,6,2023-11-01,14.5
22654,448-35,6699,380-12,2023-06-10,7,2023-12-01,12.0
22654,448-35,6699,380-12,2023-06-10,8,2024-01-01,9.0
22654,448-35,6699,380-12,2023-06-10,9,2024-02-01,17.0
22654,448-35,6699,380-12,2023-06-10,10,2024-03-01,11.0
22654,448-35,6699,380-12,2023-06-10,11,2024-04-01,12.0
22654,448-35,6699,380-12,2023-06-10,12,2024-05-01,0.0
22654,448-35,6699,380-12,2023-06-10,13,2024-06-01,10.0
22654,448-35,6699,380-12,2023-06-10,14,2024-07-01,0.0
22654,448-35,6699,380-12,2023-06-10,15,2024-08-01,0.0
22654,448-35,6699,380-12,2023-06-10,16,2024-09-01,1.0
22654,448-35,6699,380-12,2023-06-10,17,2024-10-01,21.0
22654,448-35,6699,380-12,2023-06-10,18,2024-11-01,1.5
22654,448-35,6699,380-12,2023-06-10,19,2024-12-01,2.5
22654,448-35,6699,380-12,2023-06-10,20,2025-01-01,0.0
22654,448-35,6699,380-12,2023-06-10,21,2025-02-01,0.0
22654,448-35,6699,380-12,2023-06-10,22,2025-03-01,0.0
22654,448-35,6699,380-12,2023-06-10,23,2025-04-01,0.0
22654,448-35,6699,380-12,2023-06-10,24,2025-05-01,0.0
22654,448-35,6699,380-12,2023-06-10,25,2025-06-01,59.0
22654,448-35,6699,380-12,2023-06-10,26,2025-07-01,6.0
22654,448-35,6699,380-12,2023-06-10,27,2025-08-01,0.0
22654,448-35,6699,380-12,2023-06-10,28,2025-09-01,1.5
22654,448-35,6699,380-12,2023-06-10,29,2025-10-01,0.0
22654,448-35,6699,380-12,2023-06-10,30,2025-11-01,2.0
22654,448-35,6699,380-12,2023-06-10,31,2025-12-01,0.0
22654,448-35,6699,380-12,2023-06-10,32,2026-01-01,0.0
22654,448-35,6699,380-12,2023-06-10,33,2026-02-01,0.0
22654,448-35,6699,380-12,2023-06-10,34,2026-03-01,11.0
22654,448-35,6699,380-12,2023-06-10,35,2026-04-01,0.0
22654,448-35,6699,380-12,2023-06-10,36,2026-05-01,0.0
22654,448-35,6699,380-12,2023-06-10,37,2026-06-01,0.0
22654,448-35,6699,380-12,2023-06-10,38,2026-07-01,12.0
22654,448-35,6699,380-12,2023-06-10,39,2026-08-01,0.0
22653,448-34,6694,380-07,2023-06-22,1,2023-06-01,1.0
22653,448-34,6694,380-07,2023-06-22,2,2023-07-01,0.0
22653,448-34,6694,380-07,2023-06-22,3,2023-08-01,0.0
22653,448-34,6694,380-07,2023-06-22,4,2023-09-01,5.0
22653,448-34,6694,380-07,2023-06-22,5,2023-10-01,3.5
22653,448-34,6694,380-07,2023-06-22,6,2023-11-01,9.5
22653,448-34,6694,380-07,2023-06-22,7,2023-12-01,8.0
22653,448-34,6694,380-07,2023-06-22,8,2024-01-01,56.5
22653,448-34,6694,380-07,2023-06-22,9,2024-02-01,0.0
22653,448-34,6694,380-07,2023-06-22,10,2024-03-01,3.0
22653,448-34,6694,380-07,2023-06-22,11,2024-04-01,41.5
22653,448-34,6694,380-07,2023-06-22,12,2024-05-01,0.0
22653,448-34,6694,380-07,2023-06-22,13,2024-06-01,3.0
22653,448-34,6694,380-07,2023-06-22,14,2024-07-01,13.0
22653,448-34,6694,380-07,2023-06-22,15,2024-08-01,0.0
22653,448-34,6694,380-07,2023-06-22,16,2024-09-01,9.0
22653,448-34,6694,380-07,2023-06-22,17,2024-10-01,0.0
22653,448-34,6694,380-07,2023-06-22,18,2024-11-01,13.0
22653,448-34,6694,380-07,2023-06-22,19,2024-12-01,1.0
22653,448-34,6694,380-07,2023-06-22,20,2025-01-01,10.0
22653,448-34,6694,380-07,2023-06-22,21,2025-02-01,0.0
22653,448-34,6694,380-07,2023-06-22,22,2025-03-01,22.0
22653,448-34,6694,380-07,2023-06-22,23,2025-04-01,0.0
22653,448-34,6694,380-07,2023-06-22,24,2025-05-01,10.0
22653,448-34,6694,380-07,2023-06-22,25,2025-06-01,7.0
22653,448-34,6694,380-07,2023-06-22,26,2025-07-01,0.0
22653,448-34,6694,380-07,2023-06-22,27,2025-08-01,7.0
22653,448-34,6694,380-07,2023-06-22,28,2025-09-01,0.0
22653,448-34,6694,380-07,2023-06-22,29,2025-10-01,2.5
22653,448-34,6694,380-07,2023-06-22,30,2025-11-01,4.0
22653,448-34,6694,380-07,2023-06-22,31,2025-12-01,0.0
22653,448-34,6694,380-07,2023-06-22,32,2026-01-01,0.0
22653,448-34,6694,380-07,2023-06-22,33,2026-02-01,0.0
22653,448-34,6694,380-07,2023-06-22,34,2026-03-01,8.0
22653,448-34,6694,380-07,2023-06-22,35,2026-04-01,0.0
22653,448-34,6694,380-07,2023-06-22,36,2026-05-01,19.0
22653,448-34,6694,380-07,2023-06-22,37,2026-06-01,0.0
22653,448-34,6694,380-07,2023-06-22,38,2026-07-01,0.0
22653,448-34,6694,380-07,2023-06-22,39,2026-08-01,0.0
22652,448-33,6698,380-11,2023-07-08,1,2023-07-01,6.0
22652,448-33,6698,380-11,2023-07-08,2,2023-08-01,5.0
22652,448-33,6698,380-11,2023-07-08,3,2023-09-01,27.0
22652,448-33,6698,380-11,2023-07-08,4,2023-10-01,16.0
22652,448-33,6698,380-11,2023-07-08,5,2023-11-01,9.0
22652,448-33,6698,380-11,2023-07-08,6,2023-12-01,15.0
22652,448-33,6698,380-11,2023-07-08,7,2024-01-01,20.0
22652,448-33,6698,380-11,2023-07-08,8,2024-02-01,5.0
22652,448-33,6698,380-11,2023-07-08,9,2024-03-01,46.0
22652,448-33,6698,380-11,2023-07-08,10,2024-04-01,11.0
22652,448-33,6698,380-11,2023-07-08,11,2024-05-01,21.0
22652,448-33,6698,380-11,2023-07-08,12,2024-06-01,5.0
22652,448-33,6698,380-11,2023-07-08,13,2024-07-01,3.6
22652,448-33,6698,380-11,2023-07-08,14,2024-08-01,10.0
22652,448-33,6698,380-11,2023-07-08,15,2024-09-01,0.0
22652,448-33,6698,380-11,2023-07-08,16,2024-10-01,27.0
22652,448-33,6698,380-11,2023-07-08,17,2024-11-01,17.0
22652,448-33,6698,380-11,2023-07-08,18,2024-12-01,0.0
22652,448-33,6698,380-11,2023-07-08,19,2025-01-01,0.0
22652,448-33,6698,380-11,2023-07-08,20,2025-02-01,0.0
22652,448-33,6698,380-11,2023-07-08,21,2025-03-01,10.0
22652,448-33,6698,380-11,2023-07-08,22,2025-04-01,4.0
22652,448-33,6698,380-11,2023-07-08,23,2025-05-01,10.0
22652,448-33,6698,380-11,2023-07-08,24,2025-06-01,21.0
22652,448-33,6698,380-11,2023-07-08,25,2025-07-01,4.0
22652,448-33,6698,380-11,2023-07-08,26,2025-08-01,5.0
22652,448-33,6698,380-11,2023-07-08,27,2025-09-01,50.0
22652,448-33,6698,380-11,2023-07-08,28,2025-10-01,0.0
22652,448-33,6698,380-11,2023-07-08,29,2025-11-01,1.0
22652,448-33,6698,380-11,2023-07-08,30,2025-12-01,1.0
22652,448-33,6698,380-11,2023-07-08,31,2026-01-01,0.0
22652,448-33,6698,380-11,2023-07-08,32,2026-02-01,25.0
22652,448-33,6698,380-11,2023-07-08,33,2026-03-01,4.0
22652,448-33,6698,380-11,2023-07-08,34,2026-04-01,0.0
22652,448-33,6698,380-11,2023-07-08,35,2026-05-01,15.5
22652,448-33,6698,380-11,2023-07-08,36,2026-06-01,0.0
22652,448-33,6698,380-11,2023-07-08,37,2026-07-01,7.0
22652,448-33,6698,380-11,2023-07-08,38,2026-08-01,0.0
22651,448-32,6697,380-10,2023-06-10,1,2023-06-01,3.0
22651,448-32,6697,380-10,2023-06-10,2,2023-07-01,11.0
22651,448-32,6697,380-10,2023-06-10,3,2023-08-01,1.0
22651,448-32,6697,380-10,2023-06-10,4,2023-09-01,15.0
22651,448-32,6697,380-10,2023-06-10,5,2023-10-01,1.0
22651,448-32,6697,380-10,2023-06-10,6,2023-11-01,106.0
22651,448-32,6697,380-10,2023-06-10,7,2023-12-01,1.0
22651,448-32,6697,380-10,2023-06-10,8,2024-01-01,6.0
22651,448-32,6697,380-10,2023-06-10,9,2024-02-01,11.0
22651,448-32,6697,380-10,2023-06-10,10,2024-03-01,5.0
22651,448-32,6697,380-10,2023-06-10,11,2024-04-01,20.0
22651,448-32,6697,380-10,2023-06-10,12,2024-05-01,2.0
22651,448-32,6697,380-10,2023-06-10,13,2024-06-01,10.0
22651,448-32,6697,380-10,2023-06-10,14,2024-07-01,14.5
22651,448-32,6697,380-10,2023-06-10,15,2024-08-01,0.0
22651,448-32,6697,380-10,2023-06-10,16,2024-09-01,1.0
22651,448-32,6697,380-10,2023-06-10,17,2024-10-01,107.0
22651,448-32,6697,380-10,2023-06-10,18,2024-11-01,75.9
22651,448-32,6697,380-10,2023-06-10,19,2024-12-01,4.5
22651,448-32,6697,380-10,2023-06-10,20,2025-01-01,10.0
22651,448-32,6697,380-10,2023-06-10,21,2025-02-01,0.0
22651,448-32,6697,380-10,2023-06-10,22,2025-03-01,14.0
22651,448-32,6697,380-10,2023-06-10,23,2025-04-01,0.0
22651,448-32,6697,380-10,2023-06-10,24,2025-05-01,97.0
22651,448-32,6697,380-10,2023-06-10,25,2025-06-01,0.0
22651,448-32,6697,380-10,2023-06-10,26,2025-07-01,0.0
22651,448-32,6697,380-10,2023-06-10,27,2025-08-01,3.0
22651,448-32,6697,380-10,2023-06-10,28,2025-09-01,0.0
22651,448-32,6697,380-10,2023-06-10,29,2025-10-01,0.0
22651,448-32,6697,380-10,2023-06-10,30,2025-11-01,9.5
22651,448-32,6697,380-10,2023-06-10,31,2025-12-01,0.0
22651,448-32,6697,380-10,2023-06-10,32,2026-01-01,0.0
22651,448-32,6697,380-10,2023-06-10,33,2026-02-01,0.0
22651,448-32,6697,380-10,2023-06-10,34,2026-03-01,7.0
22651,448-32,6697,380-10,2023-06-10,35,2026-04-01,0.0
22651,448-32,6697,380-10,2023-06-10,36,2026-05-01,0.0
22651,448-32,6697,380-10,2023-06-10,37,2026-06-01,0.0
22651,448-32,6697,380-10,2023-06-10,38,2026-07-01,125.0
22651,448-32,6697,380-10,2023-06-10,39,2026-08-01,0.0
22650,448-31,6696,380-09,2023-06-06,1,2023-06-01,11.0
22650,448-31,6696,380-09,2023-06-06,2,2023-07-01,9.0
22650,448-31,6696,380-09,2023-06-06,3,2023-08-01,2.5
22650,448-31,6696,380-09,2023-06-06,4,2023-09-01,37.0
22650,448-31,6696,380-09,2023-06-06,5,2023-10-01,2.0
22650,448-31,6696,380-09,2023-06-06,6,2023-11-01,67.0
22650,448-31,6696,380-09,2023-06-06,7,2023-12-01,36.0
22650,448-31,6696,380-09,2023-06-06,8,2024-01-01,49.0
22650,448-31,6696,380-09,2023-06-06,9,2024-02-01,1.0
22650,448-31,6696,380-09,2023-06-06,10,2024-03-01,50.0
22650,448-31,6696,380-09,2023-06-06,11,2024-04-01,1.0
22650,448-31,6696,380-09,2023-06-06,12,2024-05-01,8.5
22650,448-31,6696,380-09,2023-06-06,13,2024-06-01,0.0
22650,448-31,6696,380-09,2023-06-06,14,2024-07-01,0.0
22650,448-31,6696,380-09,2023-06-06,15,2024-08-01,25.5
22650,448-31,6696,380-09,2023-06-06,16,2024-09-01,4.5
22650,448-31,6696,380-09,2023-06-06,17,2024-10-01,162.0
22650,448-31,6696,380-09,2023-06-06,18,2024-11-01,111.5
22650,448-31,6696,380-09,2023-06-06,19,2024-12-01,1.0
22650,448-31,6696,380-09,2023-06-06,20,2025-01-01,100.0
22650,448-31,6696,380-09,2023-06-06,21,2025-02-01,0.0
22650,448-31,6696,380-09,2023-06-06,22,2025-03-01,8.0
22650,448-31,6696,380-09,2023-06-06,23,2025-04-01,1.0
22650,448-31,6696,380-09,2023-06-06,24,2025-05-01,100.0
22650,448-31,6696,380-09,2023-06-06,25,2025-06-01,12.0
22650,448-31,6696,380-09,2023-06-06,26,2025-07-01,3.0
22650,448-31,6696,380-09,2023-06-06,27,2025-08-01,6.0
22650,448-31,6696,380-09,2023-06-06,28,2025-09-01,10.0
22650,448-31,6696,380-09,2023-06-06,29,2025-10-01,11.5
22650,448-31,6696,380-09,2023-06-06,30,2025-11-01,9.5
22650,448-31,6696,380-09,2023-06-06,31,2025-12-01,0.0
22650,448-31,6696,380-09,2023-06-06,32,2026-01-01,10.0
22650,448-31,6696,380-09,2023-06-06,33,2026-02-01,19.0
22650,448-31,6696,380-09,2023-06-06,34,2026-03-01,0.0
22650,448-31,6696,380-09,2023-06-06,35,2026-04-01,0.0
22650,448-31,6696,380-09,2023-06-06,36,2026-05-01,2.0
22650,448-31,6696,380-09,2023-06-06,37,2026-06-01,0.0
22650,448-31,6696,380-09,2023-06-06,38,2026-07-01,135.0
22650,448-31,6696,380-09,2023-06-06,39,2026-08-01,0.0
22648,448-26,6693,380-06,2023-06-12,1,2023-06-01,20.5
22648,448-26,6693,380-06,2023-06-12,2,2023-07-01,11.0
22648,448-26,6693,380-06,2023-06-12,3,2023-08-01,2.5
22648,448-26,6693,380-06,2023-06-12,4,2023-09-01,16.0
22648,448-26,6693,380-06,2023-06-12,5,2023-10-01,1.5
22648,448-26,6693,380-06,2023-06-12,6,2023-11-01,96.5
22648,448-26,6693,380-06,2023-06-12,7,2023-12-01,57.0
22648,448-26,6693,380-06,2023-06-12,8,2024-01-01,27.0
22648,448-26,6693,380-06,2023-06-12,9,2024-02-01,40.0
22648,448-26,6693,380-06,2023-06-12,10,2024-03-01,57.0
22648,448-26,6693,380-06,2023-06-12,11,2024-04-01,3.0
22648,448-26,6693,380-06,2023-06-12,12,2024-05-01,6.0
22648,448-26,6693,380-06,2023-06-12,13,2024-06-01,6.0
22648,448-26,6693,380-06,2023-06-12,14,2024-07-01,4.0
22648,448-26,6693,380-06,2023-06-12,15,2024-08-01,17.5
22648,448-26,6693,380-06,2023-06-12,16,2024-09-01,2.0
22648,448-26,6693,380-06,2023-06-12,17,2024-10-01,20.0
22648,448-26,6693,380-06,2023-06-12,18,2024-11-01,42.3
22648,448-26,6693,380-06,2023-06-12,19,2024-12-01,30.5
22648,448-26,6693,380-06,2023-06-12,20,2025-01-01,12.0
22648,448-26,6693,380-06,2023-06-12,21,2025-02-01,5.5
22648,448-26,6693,380-06,2023-06-12,22,2025-03-01,21.0
22648,448-26,6693,380-06,2023-06-12,23,2025-04-01,0.0
22648,448-26,6693,380-06,2023-06-12,24,2025-05-01,0.0
22648,448-26,6693,380-06,2023-06-12,25,2025-06-01,86.5
22648,448-26,6693,380-06,2023-06-12,26,2025-07-01,7.0
22648,448-26,6693,380-06,2023-06-12,27,2025-08-01,0.0
22648,448-26,6693,380-06,2023-06-12,28,2025-09-01,2.0
22648,448-26,6693,380-06,2023-06-12,29,2025-10-01,0.0
22648,448-26,6693,380-06,2023-06-12,30,2025-11-01,26.0
22648,448-26,6693,380-06,2023-06-12,31,2025-12-01,7.5
22648,448-26,6693,380-06,2023-06-12,32,2026-01-01,5.0
22648,448-26,6693,380-06,2023-06-12,33,2026-02-01,0.0
22648,448-26,6693,380-06,2023-06-12,34,2026-03-01,1.5
22648,448-26,6693,380-06,2023-06-12,35,2026-04-01,1.0
22648,448-26,6693,380-06,2023-06-12,36,2026-05-01,6.0
22648,448-26,6693,380-06,2023-06-12,37,2026-06-01,0.0
22648,448-26,6693,380-06,2023-06-12,38,2026-07-01,7.0
22648,448-26,6693,380-06,2023-06-12,39,2026-08-01,0.0
22647,448-25,6682,380-01,2023-07-04,1,2023-07-01,39.0
22647,448-25,6682,380-01,2023-07-04,2,2023-08-01,48.0
22647,448-25,6682,380-01,2023-07-04,3,2023-09-01,54.5
22647,448-25,6682,380-01,2023-07-04,4,2023-10-01,77.5
22647,448-25,6682,380-01,2023-07-04,5,2023-11-01,39.0
22647,448-25,6682,380-01,2023-07-04,6,2023-12-01,35.0
22647,448-25,6682,380-01,2023-07-04,7,2024-01-01,56.0
22647,448-25,6682,380-01,2023-07-04,8,2024-02-01,74.0
22647,448-25,6682,380-01,2023-07-04,9,2024-03-01,52.5
22647,448-25,6682,380-01,2023-07-04,10,2024-04-01,18.0
22647,448-25,6682,380-01,2023-07-04,11,2024-05-01,8.0
22647,448-25,6682,380-01,2023-07-04,12,2024-06-01,25.0
22647,448-25,6682,380-01,2023-07-04,13,2024-07-01,62.0
22647,448-25,6682,380-01,2023-07-04,14,2024-08-01,71.5
22647,448-25,6682,380-01,2023-07-04,15,2024-09-01,19.5
22647,448-25,6682,380-01,2023-07-04,16,2024-10-01,5.0
22647,448-25,6682,380-01,2023-07-04,17,2024-11-01,76.0
22647,448-25,6682,380-01,2023-07-04,18,2024-12-01,0.0
22647,448-25,6682,380-01,2023-07-04,19,2025-01-01,25.0
22647,448-25,6682,380-01,2023-07-04,20,2025-02-01,16.5
22647,448-25,6682,380-01,2023-07-04,21,2025-03-01,2.5
22647,448-25,6682,380-01,2023-07-04,22,2025-04-01,6.0
22647,448-25,6682,380-01,2023-07-04,23,2025-05-01,0.0
22647,448-25,6682,380-01,2023-07-04,24,2025-06-01,6.5
22647,448-25,6682,380-01,2023-07-04,25,2025-07-01,0.0
22647,448-25,6682,380-01,2023-07-04,26,2025-08-01,6.0
22647,448-25,6682,380-01,2023-07-04,27,2025-09-01,0.0
22647,448-25,6682,380-01,2023-07-04,28,2025-10-01,42.0
22647,448-25,6682,380-01,2023-07-04,29,2025-11-01,18.0
22647,448-25,6682,380-01,2023-07-04,30,2025-12-01,4.5
22647,448-25,6682,380-01,2023-07-04,31,2026-01-01,3.0
22647,448-25,6682,380-01,2023-07-04,32,2026-02-01,0.0
22647,448-25,6682,380-01,2023-07-04,33,2026-03-01,0.0
22647,448-25,6682,380-01,2023-07-04,34,2026-04-01,0.0
22647,448-25,6682,380-01,2023-07-04,35,2026-05-01,0.0
22647,448-25,6682,380-01,2023-07-04,36,2026-06-01,1.0
22647,448-25,6682,380-01,2023-07-04,37,2026-07-01,0.0
22647,448-25,6682,380-01,2023-07-04,38,2026-08-01,0.0
22646,448-24,6692,380-05,2023-06-22,1,2023-06-01,2.0
22646,448-24,6692,380-05,2023-06-22,2,2023-07-01,30.5
22646,448-24,6692,380-05,2023-06-22,3,2023-08-01,5.0
22646,448-24,6692,380-05,2023-06-22,4,2023-09-01,3.0
22646,448-24,6692,380-05,2023-06-22,5,2023-10-01,57.0
22646,448-24,6692,380-05,2023-06-22,6,2023-11-01,0.0
22646,448-24,6692,380-05,2023-06-22,7,2023-12-01,137.0
22646,448-24,6692,380-05,2023-06-22,8,2024-01-01,19.0
22646,448-24,6692,380-05,2023-06-22,9,2024-02-01,21.0
22646,448-24,6692,380-05,2023-06-22,10,2024-03-01,90.0
22646,448-24,6692,380-05,2023-06-22,11,2024-04-01,0.0
22646,448-24,6692,380-05,2023-06-22,12,2024-05-01,45.5
22646,448-24,6692,380-05,2023-06-22,13,2024-06-01,18.5
22646,448-24,6692,380-05,2023-06-22,14,2024-07-01,18.5
22646,448-24,6692,380-05,2023-06-22,15,2024-08-01,3.0
22646,448-24,6692,380-05,2023-06-22,16,2024-09-01,1.0
22646,448-24,6692,380-05,2023-06-22,17,2024-10-01,5.0
22646,448-24,6692,380-05,2023-06-22,18,2024-11-01,45.2
22646,448-24,6692,380-05,2023-06-22,19,2024-12-01,13.5
22646,448-24,6692,380-05,2023-06-22,20,2025-01-01,2.0
22646,448-24,6692,380-05,2023-06-22,21,2025-02-01,20.0
22646,448-24,6692,380-05,2023-06-22,22,2025-03-01,0.0
22646,448-24,6692,380-05,2023-06-22,23,2025-04-01,6.0
22646,448-24,6692,380-05,2023-06-22,24,2025-05-01,94.0
22646,448-24,6692,380-05,2023-06-22,25,2025-06-01,9.0
22646,448-24,6692,380-05,2023-06-22,26,2025-07-01,2.5
22646,448-24,6692,380-05,2023-06-22,27,2025-08-01,15.5
22646,448-24,6692,380-05,2023-06-22,28,2025-09-01,14.5
22646,448-24,6692,380-05,2023-06-22,29,2025-10-01,5.0
22646,448-24,6692,380-05,2023-06-22,30,2025-11-01,104.75
22646,448-24,6692,380-05,2023-06-22,31,2025-12-01,0.0
22646,448-24,6692,380-05,2023-06-22,32,2026-01-01,0.0
22646,448-24,6692,380-05,2023-06-22,33,2026-02-01,4.5
22646,448-24,6692,380-05,2023-06-22,34,2026-03-01,0.0
22646,448-24,6692,380-05,2023-06-22,35,2026-04-01,10.0
22646,448-24,6692,380-05,2023-06-22,36,2026-05-01,6.0
22646,448-24,6692,380-05,2023-06-22,37,2026-06-01,0.0
22646,448-24,6692,380-05,2023-06-22,38,2026-07-01,2.0
22646,448-24,6692,380-05,2023-06-22,39,2026-08-01,0.0
22645,448-23,6691,380-04,2023-06-24,1,2023-06-01,3.5
22645,448-23,6691,380-04,2023-06-24,2,2023-07-01,116.0
22645,448-23,6691,380-04,2023-06-24,3,2023-08-01,29.5
22645,448-23,6691,380-04,2023-06-24,4,2023-09-01,31.0
22645,448-23,6691,380-04,2023-06-24,5,2023-10-01,46.5
22645,448-23,6691,380-04,2023-06-24,6,2023-11-01,9.0
22645,448-23,6691,380-04,2023-06-24,7,2023-12-01,8.5
22645,448-23,6691,380-04,2023-06-24,8,2024-01-01,60.0
22645,448-23,6691,380-04,2023-06-24,9,2024-02-01,82.0
22645,448-23,6691,380-04,2023-06-24,10,2024-03-01,43.0
22645,448-23,6691,380-04,2023-06-24,11,2024-04-01,17.5
22645,448-23,6691,380-04,2023-06-24,12,2024-05-01,15.5
22645,448-23,6691,380-04,2023-06-24,13,2024-06-01,19.5
22645,448-23,6691,380-04,2023-06-24,14,2024-07-01,11.5
22645,448-23,6691,380-04,2023-06-24,15,2024-08-01,53.5
22645,448-23,6691,380-04,2023-06-24,16,2024-09-01,2.0
22645,448-23,6691,380-04,2023-06-24,17,2024-10-01,5.0
22645,448-23,6691,380-04,2023-06-24,18,2024-11-01,67.0
22645,448-23,6691,380-04,2023-06-24,19,2024-12-01,39.5
22645,448-23,6691,380-04,2023-06-24,20,2025-01-01,2.0
22645,448-23,6691,380-04,2023-06-24,21,2025-02-01,40.0
22645,448-23,6691,380-04,2023-06-24,22,2025-03-01,242.0
22645,448-23,6691,380-04,2023-06-24,23,2025-04-01,0.0
22645,448-23,6691,380-04,2023-06-24,24,2025-05-01,6.5
22645,448-23,6691,380-04,2023-06-24,25,2025-06-01,90.5
22645,448-23,6691,380-04,2023-06-24,26,2025-07-01,2.5
22645,448-23,6691,380-04,2023-06-24,27,2025-08-01,16.5
22645,448-23,6691,380-04,2023-06-24,28,2025-09-01,6.5
22645,448-23,6691,380-04,2023-06-24,29,2025-10-01,2.0
22645,448-23,6691,380-04,2023-06-24,30,2025-11-01,49.5
22645,448-23,6691,380-04,2023-06-24,31,2025-12-01,2.0
22645,448-23,6691,380-04,2023-06-24,32,2026-01-01,15.0
22645,448-23,6691,380-04,2023-06-24,33,2026-02-01,5.0
22645,448-23,6691,380-04,2023-06-24,34,2026-03-01,0.0
22645,448-23,6691,380-04,2023-06-24,35,2026-04-01,10.0
22645,448-23,6691,380-04,2023-06-24,36,2026-05-01,0.0
22645,448-23,6691,380-04,2023-06-24,37,2026-06-01,0.0
22645,448-23,6691,380-04,2023-06-24,38,2026-07-01,0.0
22645,448-23,6691,380-04,2023-06-24,39,2026-08-01,0.0
22644,448-22,6684,380-03,2023-06-06,1,2023-06-01,1.0
22644,448-22,6684,380-03,2023-06-06,2,2023-07-01,39.5
22644,448-22,6684,380-03,2023-06-06,3,2023-08-01,45.5
22644,448-22,6684,380-03,2023-06-06,4,2023-09-01,33.5
22644,448-22,6684,380-03,2023-06-06,5,2023-10-01,54.5
22644,448-22,6684,380-03,2023-06-06,6,2023-11-01,22.5
22644,448-22,6684,380-03,2023-06-06,7,2023-12-01,32.5
22644,448-22,6684,380-03,2023-06-06,8,2024-01-01,25.0
22644,448-22,6684,380-03,2023-06-06,9,2024-02-01,72.5
22644,448-22,6684,380-03,2023-06-06,10,2024-03-01,49.0
22644,448-22,6684,380-03,2023-06-06,11,2024-04-01,2.5
22644,448-22,6684,380-03,2023-06-06,12,2024-05-01,15.0
22644,448-22,6684,380-03,2023-06-06,13,2024-06-01,62.5
22644,448-22,6684,380-03,2023-06-06,14,2024-07-01,19.0
22644,448-22,6684,380-03,2023-06-06,15,2024-08-01,18.5
22644,448-22,6684,380-03,2023-06-06,16,2024-09-01,11.5
22644,448-22,6684,380-03,2023-06-06,17,2024-10-01,28.0
22644,448-22,6684,380-03,2023-06-06,18,2024-11-01,14.5
22644,448-22,6684,380-03,2023-06-06,19,2024-12-01,36.0
22644,448-22,6684,380-03,2023-06-06,20,2025-01-01,2.0
22644,448-22,6684,380-03,2023-06-06,21,2025-02-01,13.0
22644,448-22,6684,380-03,2023-06-06,22,2025-03-01,4.0
22644,448-22,6684,380-03,2023-06-06,23,2025-04-01,12.0
22644,448-22,6684,380-03,2023-06-06,24,2025-05-01,34.0
22644,448-22,6684,380-03,2023-06-06,25,2025-06-01,9.0
22644,448-22,6684,380-03,2023-06-06,26,2025-07-01,0.0
22644,448-22,6684,380-03,2023-06-06,27,2025-08-01,23.0
22644,448-22,6684,380-03,2023-06-06,28,2025-09-01,22.0
22644,448-22,6684,380-03,2023-06-06,29,2025-10-01,0.0
22644,448-22,6684,380-03,2023-06-06,30,2025-11-01,2.0
22644,448-22,6684,380-03,2023-06-06,31,2025-12-01,6.0
22644,448-22,6684,380-03,2023-06-06,32,2026-01-01,5.5
22644,448-22,6684,380-03,2023-06-06,33,2026-02-01,22.0
22644,448-22,6684,380-03,2023-06-06,34,2026-03-01,7.0
22644,448-22,6684,380-03,2023-06-06,35,2026-04-01,0.0
22644,448-22,6684,380-03,2023-06-06,36,2026-05-01,12.0
22644,448-22,6684,380-03,2023-06-06,37,2026-06-01,0.5
22644,448-22,6684,380-03,2023-06-06,38,2026-07-01,6.0
22644,448-22,6684,380-03,2023-06-06,39,2026-08-01,0.0
22643,448-21,6683,380-02,2023-06-06,1,2023-06-01,1.0
22643,448-21,6683,380-02,2023-06-06,2,2023-07-01,5.0
22643,448-21,6683,380-02,2023-06-06,3,2023-08-01,17.0
22643,448-21,6683,380-02,2023-06-06,4,2023-09-01,110.5
22643,448-21,6683,380-02,2023-06-06,5,2023-10-01,54.0
22643,448-21,6683,380-02,2023-06-06,6,2023-11-01,23.5
22643,448-21,6683,380-02,2023-06-06,7,2023-12-01,24.5
22643,448-21,6683,380-02,2023-06-06,8,2024-01-01,9.0
22643,448-21,6683,380-02,2023-06-06,9,2024-02-01,33.0
22643,448-21,6683,380-02,2023-06-06,10,2024-03-01,84.0
22643,448-21,6683,380-02,2023-06-06,11,2024-04-01,57.0
22643,448-21,6683,380-02,2023-06-06,12,2024-05-01,50.0
22643,448-21,6683,380-02,2023-06-06,13,2024-06-01,0.5
22643,448-21,6683,380-02,2023-06-06,14,2024-07-01,5.5
22643,448-21,6683,380-02,2023-06-06,15,2024-08-01,4.0
22643,448-21,6683,380-02,2023-06-06,16,2024-09-01,82.0
22643,448-21,6683,380-02,2023-06-06,17,2024-10-01,8.0
22643,448-21,6683,380-02,2023-06-06,18,2024-11-01,42.0
22643,448-21,6683,380-02,2023-06-06,19,2024-12-01,26.5
22643,448-21,6683,380-02,2023-06-06,20,2025-01-01,34.0
22643,448-21,6683,380-02,2023-06-06,21,2025-02-01,44.0
22643,448-21,6683,380-02,2023-06-06,22,2025-03-01,9.0
22643,448-21,6683,380-02,2023-06-06,23,2025-04-01,42.0
22643,448-21,6683,380-02,2023-06-06,24,2025-05-01,0.0
22643,448-21,6683,380-02,2023-06-06,25,2025-06-01,45.5
22643,448-21,6683,380-02,2023-06-06,26,2025-07-01,40.0
22643,448-21,6683,380-02,2023-06-06,27,2025-08-01,39.0
22643,448-21,6683,380-02,2023-06-06,28,2025-09-01,10.0
22643,448-21,6683,380-02,2023-06-06,29,2025-10-01,9.0
22643,448-21,6683,380-02,2023-06-06,30,2025-11-01,22.0
22643,448-21,6683,380-02,2023-06-06,31,2025-12-01,43.5
22643,448-21,6683,380-02,2023-06-06,32,2026-01-01,1.0
22643,448-21,6683,380-02,2023-06-06,33,2026-02-01,11.5
22643,448-21,6683,380-02,2023-06-06,34,2026-03-01,11.0
22643,448-21,6683,380-02,2023-06-06,35,2026-04-01,0.0
22643,448-21,6683,380-02,2023-06-06,36,2026-05-01,0.0
22643,448-21,6683,380-02,2023-06-06,37,2026-06-01,11.0
22643,448-21,6683,380-02,2023-06-06,38,2026-07-01,65.0
22643,448-21,6683,380-02,2023-06-06,39,2026-08-01,1.0
22642,448-17,6705,380-18,2023-06-24,1,2023-06-01,3.0
22642,448-17,6705,380-18,2023-06-24,2,2023-07-01,0.0
22642,448-17,6705,380-18,2023-06-24,3,2023-08-01,0.0
22642,448-17,6705,380-18,2023-06-24,4,2023-09-01,1.0
22642,448-17,6705,380-18,2023-06-24,5,2023-10-01,1.5
22642,448-17,6705,380-18,2023-06-24,6,2023-11-01,4.0
22642,448-17,6705,380-18,2023-06-24,7,2023-12-01,5.0
22642,448-17,6705,380-18,2023-06-24,8,2024-01-01,4.0
22642,448-17,6705,380-18,2023-06-24,9,2024-02-01,0.0
22642,448-17,6705,380-18,2023-06-24,10,2024-03-01,0.0
22642,448-17,6705,380-18,2023-06-24,11,2024-04-01,10.0
22642,448-17,6705,380-18,2023-06-24,12,2024-05-01,5.5
22642,448-17,6705,380-18,2023-06-24,13,2024-06-01,2.5
22642,448-17,6705,380-18,2023-06-24,14,2024-07-01,7.0
22642,448-17,6705,380-18,2023-06-24,15,2024-08-01,0.0
22642,448-17,6705,380-18,2023-06-24,16,2024-09-01,0.0
22642,448-17,6705,380-18,2023-06-24,17,2024-10-01,2.5
22642,448-17,6705,380-18,2023-06-24,18,2024-11-01,5.0
22642,448-17,6705,380-18,2023-06-24,19,2024-12-01,2.5
22642,448-17,6705,380-18,2023-06-24,20,2025-01-01,0.0
22642,448-17,6705,380-18,2023-06-24,21,2025-02-01,0.0
22642,448-17,6705,380-18,2023-06-24,22,2025-03-01,0.0
22642,448-17,6705,380-18,2023-06-24,23,2025-04-01,5.5
22642,448-17,6705,380-18,2023-06-24,24,2025-05-01,5.0
22642,448-17,6705,380-18,2023-06-24,25,2025-06-01,196.0
22642,448-17,6705,380-18,2023-06-24,26,2025-07-01,2.0
22642,448-17,6705,380-18,2023-06-24,27,2025-08-01,373.0
22642,448-17,6705,380-18,2023-06-24,28,2025-09-01,368.0
22642,448-17,6705,380-18,2023-06-24,29,2025-10-01,0.0
22642,448-17,6705,380-18,2023-06-24,30,2025-11-01,5.0
22642,448-17,6705,380-18,2023-06-24,31,2025-12-01,2.0
22642,448-17,6705,380-18,2023-06-24,32,2026-01-01,7.0
22642,448-17,6705,380-18,2023-06-24,33,2026-02-01,0.0
22642,448-17,6705,380-18,2023-06-24,34,2026-03-01,0.0
22642,448-17,6705,380-18,2023-06-24,35,2026-04-01,0.0
22642,448-17,6705,380-18,2023-06-24,36,2026-05-01,3.5
22642,448-17,6705,380-18,2023-06-24,37,2026-06-01,0.0
22642,448-17,6705,380-18,2023-06-24,38,2026-07-01,0.0
22642,448-17,6705,380-18,2023-06-24,39,2026-08-01,0.0
22641,448-15,6704,380-17,2023-07-04,1,2023-07-01,4.5
22641,448-15,6704,380-17,2023-07-04,2,2023-08-01,12.0
22641,448-15,6704,380-17,2023-07-04,3,2023-09-01,5.0
22641,448-15,6704,380-17,2023-07-04,4,2023-10-01,14.0
22641,448-15,6704,380-17,2023-07-04,5,2023-11-01,30.0
22641,448-15,6704,380-17,2023-07-04,6,2023-12-01,7.5
22641,448-15,6704,380-17,2023-07-04,7,2024-01-01,18.5
22641,448-15,6704,380-17,2023-07-04,8,2024-02-01,14.5
22641,448-15,6704,380-17,2023-07-04,9,2024-03-01,29.0
22641,448-15,6704,380-17,2023-07-04,10,2024-04-01,65.0
22641,448-15,6704,380-17,2023-07-04,11,2024-05-01,27.0
22641,448-15,6704,380-17,2023-07-04,12,2024-06-01,35.0
22641,448-15,6704,380-17,2023-07-04,13,2024-07-01,30.0
22641,448-15,6704,380-17,2023-07-04,14,2024-08-01,18.0
22641,448-15,6704,380-17,2023-07-04,15,2024-09-01,6.0
22641,448-15,6704,380-17,2023-07-04,16,2024-10-01,2.0
22641,448-15,6704,380-17,2023-07-04,17,2024-11-01,0.0
22641,448-15,6704,380-17,2023-07-04,18,2024-12-01,12.0
22641,448-15,6704,380-17,2023-07-04,19,2025-01-01,0.0
22641,448-15,6704,380-17,2023-07-04,20,2025-02-01,11.0
22641,448-15,6704,380-17,2023-07-04,21,2025-03-01,13.5
22641,448-15,6704,380-17,2023-07-04,22,2025-04-01,15.5
22641,448-15,6704,380-17,2023-07-04,23,2025-05-01,30.0
22641,448-15,6704,380-17,2023-07-04,24,2025-06-01,31.0
22641,448-15,6704,380-17,2023-07-04,25,2025-07-01,0.0
22641,448-15,6704,380-17,2023-07-04,26,2025-08-01,0.0
22641,448-15,6704,380-17,2023-07-04,27,2025-09-01,0.0
22641,448-15,6704,380-17,2023-07-04,28,2025-10-01,3.5
22641,448-15,6704,380-17,2023-07-04,29,2025-11-01,11.25
22641,448-15,6704,380-17,2023-07-04,30,2025-12-01,9.0
22641,448-15,6704,380-17,2023-07-04,31,2026-01-01,171.5
22641,448-15,6704,380-17,2023-07-04,32,2026-02-01,33.0
22641,448-15,6704,380-17,2023-07-04,33,2026-03-01,4.0
22641,448-15,6704,380-17,2023-07-04,34,2026-04-01,8.0
22641,448-15,6704,380-17,2023-07-04,35,2026-05-01,0.0
22641,448-15,6704,380-17,2023-07-04,36,2026-06-01,0.0
22641,448-15,6704,380-17,2023-07-04,37,2026-07-01,0.0
22641,448-15,6704,380-17,2023-07-04,38,2026-08-01,1.0
22640,448-14,6703,380-16,2023-08-17,1,2023-08-01,3.0
22640,448-14,6703,380-16,2023-08-17,2,2023-09-01,3.0
22640,448-14,6703,380-16,2023-08-17,3,2023-10-01,7.5
22640,448-14,6703,380-16,2023-08-17,4,2023-11-01,13.0
22640,448-14,6703,380-16,2023-08-17,5,2023-12-01,98.5
22640,448-14,6703,380-16,2023-08-17,6,2024-01-01,21.5
22640,448-14,6703,380-16,2023-08-17,7,2024-02-01,47.5
22640,448-14,6703,380-16,2023-08-17,8,2024-03-01,1.0
22640,448-14,6703,380-16,2023-08-17,9,2024-04-01,39.5
22640,448-14,6703,380-16,2023-08-17,10,2024-05-01,7.0
22640,448-14,6703,380-16,2023-08-17,11,2024-06-01,0.0
22640,448-14,6703,380-16,2023-08-17,12,2024-07-01,10.0
22640,448-14,6703,380-16,2023-08-17,13,2024-08-01,0.0
22640,448-14,6703,380-16,2023-08-17,14,2024-09-01,2.0
22640,448-14,6703,380-16,2023-08-17,15,2024-10-01,33.0
22640,448-14,6703,380-16,2023-08-17,16,2024-11-01,6.0
22640,448-14,6703,380-16,2023-08-17,17,2024-12-01,19.0
22640,448-14,6703,380-16,2023-08-17,18,2025-01-01,67.0
22640,448-14,6703,380-16,2023-08-17,19,2025-02-01,70.0
22640,448-14,6703,380-16,2023-08-17,20,2025-03-01,0.0
22640,448-14,6703,380-16,2023-08-17,21,2025-04-01,5.0
22640,448-14,6703,380-16,2023-08-17,22,2025-05-01,34.0
22640,448-14,6703,380-16,2023-08-17,23,2025-06-01,0.0
22640,448-14,6703,380-16,2023-08-17,24,2025-07-01,0.0
22640,448-14,6703,380-16,2023-08-17,25,2025-08-01,9.0
22640,448-14,6703,380-16,2023-08-17,26,2025-09-01,4.5
22640,448-14,6703,380-16,2023-08-17,27,2025-10-01,14.5
22640,448-14,6703,380-16,2023-08-17,28,2025-11-01,6.0
22640,448-14,6703,380-16,2023-08-17,29,2025-12-01,11.5
22640,448-14,6703,380-16,2023-08-17,30,2026-01-01,0.0
22640,448-14,6703,380-16,2023-08-17,31,2026-02-01,0.0
22640,448-14,6703,380-16,2023-08-17,32,2026-03-01,0.0
22640,448-14,6703,380-16,2023-08-17,33,2026-04-01,4.0
22640,448-14,6703,380-16,2023-08-17,34,2026-05-01,0.0
22640,448-14,6703,380-16,2023-08-17,35,2026-06-01,4.5
22640,448-14,6703,380-16,2023-08-17,36,2026-07-01,0.0
22640,448-14,6703,380-16,2023-08-17,37,2026-08-01,0.0
22639,448-13,6702,380-15,2023-06-20,1,2023-06-01,2.5
22639,448-13,6702,380-15,2023-06-20,2,2023-07-01,0.0
22639,448-13,6702,380-15,2023-06-20,3,2023-08-01,3.0
22639,448-13,6702,380-15,2023-06-20,4,2023-09-01,4.0
22639,448-13,6702,380-15,2023-06-20,5,2023-10-01,10.0
22639,448-13,6702,380-15,2023-06-20,6,2023-11-01,9.0
22639,448-13,6702,380-15,2023-06-20,7,2023-12-01,35.0
22639,448-13,6702,380-15,2023-06-20,8,2024-01-01,3.0
22639,448-13,6702,380-15,2023-06-20,9,2024-02-01,3.0
22639,448-13,6702,380-15,2023-06-20,10,2024-03-01,0.0
22639,448-13,6702,380-15,2023-06-20,11,2024-04-01,0.0
22639,448-13,6702,380-15,2023-06-20,12,2024-05-01,0.0
22639,448-13,6702,380-15,2023-06-20,13,2024-06-01,0.0
22639,448-13,6702,380-15,2023-06-20,14,2024-07-01,1.5
22639,448-13,6702,380-15,2023-06-20,15,2024-08-01,1.0
22639,448-13,6702,380-15,2023-06-20,16,2024-09-01,1.0
22639,448-13,6702,380-15,2023-06-20,17,2024-10-01,6.0
22639,448-13,6702,380-15,2023-06-20,18,2024-11-01,0.0
22639,448-13,6702,380-15,2023-06-20,19,2024-12-01,22.0
22639,448-13,6702,380-15,2023-06-20,20,2025-01-01,0.0
22639,448-13,6702,380-15,2023-06-20,21,2025-02-01,0.0
22639,448-13,6702,380-15,2023-06-20,22,2025-03-01,10.0
22639,448-13,6702,380-15,2023-06-20,23,2025-04-01,2.5
22639,448-13,6702,380-15,2023-06-20,24,2025-05-01,42.0
22639,448-13,6702,380-15,2023-06-20,25,2025-06-01,1.5
22639,448-13,6702,380-15,2023-06-20,26,2025-07-01,10.0
22639,448-13,6702,380-15,2023-06-20,27,2025-08-01,0.0
22639,448-13,6702,380-15,2023-06-20,28,2025-09-01,0.0
22639,448-13,6702,380-15,2023-06-20,29,2025-10-01,0.0
22639,448-13,6702,380-15,2023-06-20,30,2025-11-01,8.0
22639,448-13,6702,380-15,2023-06-20,31,2025-12-01,0.0
22639,448-13,6702,380-15,2023-06-20,32,2026-01-01,4.0
22639,448-13,6702,380-15,2023-06-20,33,2026-02-01,0.0
22639,448-13,6702,380-15,2023-06-20,34,2026-03-01,0.0
22639,448-13,6702,380-15,2023-06-20,35,2026-04-01,0.0
22639,448-13,6702,380-15,2023-06-20,36,2026-05-01,0.0
22639,448-13,6702,380-15,2023-06-20,37,2026-06-01,0.0
22639,448-13,6702,380-15,2023-06-20,38,2026-07-01,0.0
22639,448-13,6702,380-15,2023-06-20,39,2026-08-01,0.0
22638,448-12,6701,380-14,2023-06-06,1,2023-06-01,2.5
22638,448-12,6701,380-14,2023-06-06,2,2023-07-01,1.0
22638,448-12,6701,380-14,2023-06-06,3,2023-08-01,55.0
22638,448-12,6701,380-14,2023-06-06,4,2023-09-01,37.0
22638,448-12,6701,380-14,2023-06-06,5,2023-10-01,10.0
22638,448-12,6701,380-14,2023-06-06,6,2023-11-01,58.5
22638,448-12,6701,380-14,2023-06-06,7,2023-12-01,47.0
22638,448-12,6701,380-14,2023-06-06,8,2024-01-01,51.0
22638,448-12,6701,380-14,2023-06-06,9,2024-02-01,47.5
22638,448-12,6701,380-14,2023-06-06,10,2024-03-01,170.0
22638,448-12,6701,380-14,2023-06-06,11,2024-04-01,20.0
22638,448-12,6701,380-14,2023-06-06,12,2024-05-01,5.0
22638,448-12,6701,380-14,2023-06-06,13,2024-06-01,0.0
22638,448-12,6701,380-14,2023-06-06,14,2024-07-01,5.0
22638,448-12,6701,380-14,2023-06-06,15,2024-08-01,10.0
22638,448-12,6701,380-14,2023-06-06,16,2024-09-01,28.5
22638,448-12,6701,380-14,2023-06-06,17,2024-10-01,0.0
22638,448-12,6701,380-14,2023-06-06,18,2024-11-01,92.0
22638,448-12,6701,380-14,2023-06-06,19,2024-12-01,26.0
22638,448-12,6701,380-14,2023-06-06,20,2025-01-01,0.0
22638,448-12,6701,380-14,2023-06-06,21,2025-02-01,12.5
22638,448-12,6701,380-14,2023-06-06,22,2025-03-01,2.0
22638,448-12,6701,380-14,2023-06-06,23,2025-04-01,0.0
22638,448-12,6701,380-14,2023-06-06,24,2025-05-01,8.0
22638,448-12,6701,380-14,2023-06-06,25,2025-06-01,116.0
22638,448-12,6701,380-14,2023-06-06,26,2025-07-01,0.5
22638,448-12,6701,380-14,2023-06-06,27,2025-08-01,0.0
22638,448-12,6701,380-14,2023-06-06,28,2025-09-01,30.0
22638,448-12,6701,380-14,2023-06-06,29,2025-10-01,22.5
22638,448-12,6701,380-14,2023-06-06,30,2025-11-01,33.5
22638,448-12,6701,380-14,2023-06-06,31,2025-12-01,0.0
22638,448-12,6701,380-14,2023-06-06,32,2026-01-01,13.0
22638,448-12,6701,380-14,2023-06-06,33,2026-02-01,3.0
22638,448-12,6701,380-14,2023-06-06,34,2026-03-01,50.0
22638,448-12,6701,380-14,2023-06-06,35,2026-04-01,65.0
22638,448-12,6701,380-14,2023-06-06,36,2026-05-01,26.0
22638,448-12,6701,380-14,2023-06-06,37,2026-06-01,11.5
22638,448-12,6701,380-14,2023-06-06,38,2026-07-01,0.0
22638,448-12,6701,380-14,2023-06-06,39,2026-08-01,18.0
22637,448-08,6711,380-24,2023-07-13,1,2023-07-01,50.0
22637,448-08,6711,380-24,2023-07-13,2,2023-08-01,3.0
22637,448-08,6711,380-24,2023-07-13,3,2023-09-01,0.5
22637,448-08,6711,380-24,2023-07-13,4,2023-10-01,9.0
22637,448-08,6711,380-24,2023-07-13,5,2023-11-01,1.0
22637,448-08,6711,380-24,2023-07-13,6,2023-12-01,60.0
22637,448-08,6711,380-24,2023-07-13,7,2024-01-01,0.0
22637,448-08,6711,380-24,2023-07-13,8,2024-02-01,5.5
22637,448-08,6711,380-24,2023-07-13,9,2024-03-01,5.5
22637,448-08,6711,380-24,2023-07-13,10,2024-04-01,6.0
22637,448-08,6711,380-24,2023-07-13,11,2024-05-01,32.0
22637,448-08,6711,380-24,2023-07-13,12,2024-06-01,0.0
22637,448-08,6711,380-24,2023-07-13,13,2024-07-01,1.5
22637,448-08,6711,380-24,2023-07-13,14,2024-08-01,2.0
22637,448-08,6711,380-24,2023-07-13,15,2024-09-01,1.0
22637,448-08,6711,380-24,2023-07-13,16,2024-10-01,10.0
22637,448-08,6711,380-24,2023-07-13,17,2024-11-01,2.5
22637,448-08,6711,380-24,2023-07-13,18,2024-12-01,3.0
22637,448-08,6711,380-24,2023-07-13,19,2025-01-01,0.0
22637,448-08,6711,380-24,2023-07-13,20,2025-02-01,3.0
22637,448-08,6711,380-24,2023-07-13,21,2025-03-01,30.0
22637,448-08,6711,380-24,2023-07-13,22,2025-04-01,6.5
22637,448-08,6711,380-24,2023-07-13,23,2025-05-01,0.0
22637,448-08,6711,380-24,2023-07-13,24,2025-06-01,0.0
22637,448-08,6711,380-24,2023-07-13,25,2025-07-01,0.0
22637,448-08,6711,380-24,2023-07-13,26,2025-08-01,0.0
22637,448-08,6711,380-24,2023-07-13,27,2025-09-01,3.5
22637,448-08,6711,380-24,2023-07-13,28,2025-10-01,0.0
22637,448-08,6711,380-24,2023-07-13,29,2025-11-01,6.5
22637,448-08,6711,380-24,2023-07-13,30,2025-12-01,0.0
22637,448-08,6711,380-24,2023-07-13,31,2026-01-01,0.0
22637,448-08,6711,380-24,2023-07-13,32,2026-02-01,16.5
22637,448-08,6711,380-24,2023-07-13,33,2026-03-01,1.5
22637,448-08,6711,380-24,2023-07-13,34,2026-04-01,2.5
22637,448-08,6711,380-24,2023-07-13,35,2026-05-01,0.0
22637,448-08,6711,380-24,2023-07-13,36,2026-06-01,0.0
22637,448-08,6711,380-24,2023-07-13,37,2026-07-01,4.0
22637,448-08,6711,380-24,2023-07-13,38,2026-08-01,0.0
22636,448-07,6706,380-19,2023-07-24,1,2023-07-01,30.0
22636,448-07,6706,380-19,2023-07-24,2,2023-08-01,0.0
22636,448-07,6706,380-19,2023-07-24,3,2023-09-01,24.0
22636,448-07,6706,380-19,2023-07-24,4,2023-10-01,94.0
22636,448-07,6706,380-19,2023-07-24,5,2023-11-01,0.0
22636,448-07,6706,380-19,2023-07-24,6,2023-12-01,13.0
22636,448-07,6706,380-19,2023-07-24,7,2024-01-01,35.0
22636,448-07,6706,380-19,2023-07-24,8,2024-02-01,22.0
22636,448-07,6706,380-19,2023-07-24,9,2024-03-01,4.5
22636,448-07,6706,380-19,2023-07-24,10,2024-04-01,31.0
22636,448-07,6706,380-19,2023-07-24,11,2024-05-01,22.0
22636,448-07,6706,380-19,2023-07-24,12,2024-06-01,5.0
22636,448-07,6706,380-19,2023-07-24,13,2024-07-01,15.0
22636,448-07,6706,380-19,2023-07-24,14,2024-08-01,7.5
22636,448-07,6706,380-19,2023-07-24,15,2024-09-01,17.0
22636,448-07,6706,380-19,2023-07-24,16,2024-10-01,0.0
22636,448-07,6706,380-19,2023-07-24,17,2024-11-01,3.0
22636,448-07,6706,380-19,2023-07-24,18,2024-12-01,3.0
22636,448-07,6706,380-19,2023-07-24,19,2025-01-01,40.0
22636,448-07,6706,380-19,2023-07-24,20,2025-02-01,4.0
22636,448-07,6706,380-19,2023-07-24,21,2025-03-01,2.5
22636,448-07,6706,380-19,2023-07-24,22,2025-04-01,0.0
22636,448-07,6706,380-19,2023-07-24,23,2025-05-01,67.5
22636,448-07,6706,380-19,2023-07-24,24,2025-06-01,77.0
22636,448-07,6706,380-19,2023-07-24,25,2025-07-01,26.5
22636,448-07,6706,380-19,2023-07-24,26,2025-08-01,16.0
22636,448-07,6706,380-19,2023-07-24,27,2025-09-01,0.0
22636,448-07,6706,380-19,2023-07-24,28,2025-10-01,8.5
22636,448-07,6706,380-19,2023-07-24,29,2025-11-01,18.0
22636,448-07,6706,380-19,2023-07-24,30,2025-12-01,0.0
22636,448-07,6706,380-19,2023-07-24,31,2026-01-01,84.5
22636,448-07,6706,380-19,2023-07-24,32,2026-02-01,28.0
22636,448-07,6706,380-19,2023-07-24,33,2026-03-01,5.5
22636,448-07,6706,380-19,2023-07-24,34,2026-04-01,10.0
22636,448-07,6706,380-19,2023-07-24,35,2026-05-01,0.0
22636,448-07,6706,380-19,2023-07-24,36,2026-06-01,2.5
22636,448-07,6706,380-19,2023-07-24,37,2026-07-01,45.0
22636,448-07,6706,380-19,2023-07-24,38,2026-08-01,0.5
22635,448-06,6710,380-23,2023-07-08,1,2023-07-01,36.0
22635,448-06,6710,380-23,2023-07-08,2,2023-08-01,0.0
22635,448-06,6710,380-23,2023-07-08,3,2023-09-01,5.5
22635,448-06,6710,380-23,2023-07-08,4,2023-10-01,1.0
22635,448-06,6710,380-23,2023-07-08,5,2023-11-01,6.0
22635,448-06,6710,380-23,2023-07-08,6,2023-12-01,10.0
22635,448-06,6710,380-23,2023-07-08,7,2024-01-01,0.0
22635,448-06,6710,380-23,2023-07-08,8,2024-02-01,2.0
22635,448-06,6710,380-23,2023-07-08,9,2024-03-01,3.5
22635,448-06,6710,380-23,2023-07-08,10,2024-04-01,6.0
22635,448-06,6710,380-23,2023-07-08,11,2024-05-01,2.0
22635,448-06,6710,380-23,2023-07-08,12,2024-06-01,25.0
22635,448-06,6710,380-23,2023-07-08,13,2024-07-01,17.5
22635,448-06,6710,380-23,2023-07-08,14,2024-08-01,5.5
22635,448-06,6710,380-23,2023-07-08,15,2024-09-01,0.0
22635,448-06,6710,380-23,2023-07-08,16,2024-10-01,10.0
22635,448-06,6710,380-23,2023-07-08,17,2024-11-01,23.0
22635,448-06,6710,380-23,2023-07-08,18,2024-12-01,2.0
22635,448-06,6710,380-23,2023-07-08,19,2025-01-01,0.0
22635,448-06,6710,380-23,2023-07-08,20,2025-02-01,16.0
22635,448-06,6710,380-23,2023-07-08,21,2025-03-01,0.0
22635,448-06,6710,380-23,2023-07-08,22,2025-04-01,42.0
22635,448-06,6710,380-23,2023-07-08,23,2025-05-01,0.0
22635,448-06,6710,380-23,2023-07-08,24,2025-06-01,7.0
22635,448-06,6710,380-23,2023-07-08,25,2025-07-01,0.0
22635,448-06,6710,380-23,2023-07-08,26,2025-08-01,5.0
22635,448-06,6710,380-23,2023-07-08,27,2025-09-01,30.0
22635,448-06,6710,380-23,2023-07-08,28,2025-10-01,0.0
22635,448-06,6710,380-23,2023-07-08,29,2025-11-01,0.0
22635,448-06,6710,380-23,2023-07-08,30,2025-12-01,34.0
22635,448-06,6710,380-23,2023-07-08,31,2026-01-01,3.0
22635,448-06,6710,380-23,2023-07-08,32,2026-02-01,10.0
22635,448-06,6710,380-23,2023-07-08,33,2026-03-01,0.0
22635,448-06,6710,380-23,2023-07-08,34,2026-04-01,2.0
22635,448-06,6710,380-23,2023-07-08,35,2026-05-01,12.0
22635,448-06,6710,380-23,2023-07-08,36,2026-06-01,0.0
22635,448-06,6710,380-23,2023-07-08,37,2026-07-01,1.0
22635,448-06,6710,380-23,2023-07-08,38,2026-08-01,0.0
22634,448-05,6709,380-22,2023-06-19,1,2023-06-01,3.0
22634,448-05,6709,380-22,2023-06-19,2,2023-07-01,19.0
22634,448-05,6709,380-22,2023-06-19,3,2023-08-01,26.5
22634,448-05,6709,380-22,2023-06-19,4,2023-09-01,7.0
22634,448-05,6709,380-22,2023-06-19,5,2023-10-01,22.0
22634,448-05,6709,380-22,2023-06-19,6,2023-11-01,14.5
22634,448-05,6709,380-22,2023-06-19,7,2023-12-01,7.0
22634,448-05,6709,380-22,2023-06-19,8,2024-01-01,25.0
22634,448-05,6709,380-22,2023-06-19,9,2024-02-01,12.0
22634,448-05,6709,380-22,2023-06-19,10,2024-03-01,36.5
22634,448-05,6709,380-22,2023-06-19,11,2024-04-01,17.0
22634,448-05,6709,380-22,2023-06-19,12,2024-05-01,9.0
22634,448-05,6709,380-22,2023-06-19,13,2024-06-01,0.0
22634,448-05,6709,380-22,2023-06-19,14,2024-07-01,28.0
22634,448-05,6709,380-22,2023-06-19,15,2024-08-01,0.0
22634,448-05,6709,380-22,2023-06-19,16,2024-09-01,1.0
22634,448-05,6709,380-22,2023-06-19,17,2024-10-01,7.0
22634,448-05,6709,380-22,2023-06-19,18,2024-11-01,0.0
22634,448-05,6709,380-22,2023-06-19,19,2024-12-01,0.0
22634,448-05,6709,380-22,2023-06-19,20,2025-01-01,14.0
22634,448-05,6709,380-22,2023-06-19,21,2025-02-01,0.0
22634,448-05,6709,380-22,2023-06-19,22,2025-03-01,44.5
22634,448-05,6709,380-22,2023-06-19,23,2025-04-01,18.0
22634,448-05,6709,380-22,2023-06-19,24,2025-05-01,7.5
22634,448-05,6709,380-22,2023-06-19,25,2025-06-01,0.0
22634,448-05,6709,380-22,2023-06-19,26,2025-07-01,0.0
22634,448-05,6709,380-22,2023-06-19,27,2025-08-01,144.0
22634,448-05,6709,380-22,2023-06-19,28,2025-09-01,0.0
22634,448-05,6709,380-22,2023-06-19,29,2025-10-01,2.5
22634,448-05,6709,380-22,2023-06-19,30,2025-11-01,14.5
22634,448-05,6709,380-22,2023-06-19,31,2025-12-01,2.0
22634,448-05,6709,380-22,2023-06-19,32,2026-01-01,58.0
22634,448-05,6709,380-22,2023-06-19,33,2026-02-01,81.0
22634,448-05,6709,380-22,2023-06-19,34,2026-03-01,10.5
22634,448-05,6709,380-22,2023-06-19,35,2026-04-01,0.0
22634,448-05,6709,380-22,2023-06-19,36,2026-05-01,0.0
22634,448-05,6709,380-22,2023-06-19,37,2026-06-01,0.0
22634,448-05,6709,380-22,2023-06-19,38,2026-07-01,1.0
22634,448-05,6709,380-22,2023-06-19,39,2026-08-01,0.0
22633,448-04,6708,380-21,2023-06-06,1,2023-06-01,1.0
22633,448-04,6708,380-21,2023-06-06,2,2023-07-01,0.0
22633,448-04,6708,380-21,2023-06-06,3,2023-08-01,0.0
22633,448-04,6708,380-21,2023-06-06,4,2023-09-01,6.0
22633,448-04,6708,380-21,2023-06-06,5,2023-10-01,55.0
22633,448-04,6708,380-21,2023-06-06,6,2023-11-01,9.0
22633,448-04,6708,380-21,2023-06-06,7,2023-12-01,3.0
22633,448-04,6708,380-21,2023-06-06,8,2024-01-01,30.0
22633,448-04,6708,380-21,2023-06-06,9,2024-02-01,0.0
22633,448-04,6708,380-21,2023-06-06,10,2024-03-01,8.0
22633,448-04,6708,380-21,2023-06-06,11,2024-04-01,75.0
22633,448-04,6708,380-21,2023-06-06,12,2024-05-01,11.0
22633,448-04,6708,380-21,2023-06-06,13,2024-06-01,0.0
22633,448-04,6708,380-21,2023-06-06,14,2024-07-01,179.0
22633,448-04,6708,380-21,2023-06-06,15,2024-08-01,0.0
22633,448-04,6708,380-21,2023-06-06,16,2024-09-01,0.0
22633,448-04,6708,380-21,2023-06-06,17,2024-10-01,54.0
22633,448-04,6708,380-21,2023-06-06,18,2024-11-01,0.0
22633,448-04,6708,380-21,2023-06-06,19,2024-12-01,2.0
22633,448-04,6708,380-21,2023-06-06,20,2025-01-01,0.0
22633,448-04,6708,380-21,2023-06-06,21,2025-02-01,0.0
22633,448-04,6708,380-21,2023-06-06,22,2025-03-01,6.0
22633,448-04,6708,380-21,2023-06-06,23,2025-04-01,0.0
22633,448-04,6708,380-21,2023-06-06,24,2025-05-01,29.0
22633,448-04,6708,380-21,2023-06-06,25,2025-06-01,14.0
22633,448-04,6708,380-21,2023-06-06,26,2025-07-01,0.0
22633,448-04,6708,380-21,2023-06-06,27,2025-08-01,3.5
22633,448-04,6708,380-21,2023-06-06,28,2025-09-01,1.0
22633,448-04,6708,380-21,2023-06-06,29,2025-10-01,0.0
22633,448-04,6708,380-21,2023-06-06,30,2025-11-01,0.0
22633,448-04,6708,380-21,2023-06-06,31,2025-12-01,0.0
22633,448-04,6708,380-21,2023-06-06,32,2026-01-01,0.0
22633,448-04,6708,380-21,2023-06-06,33,2026-02-01,0.0
22633,448-04,6708,380-21,2023-06-06,34,2026-03-01,1.0
22633,448-04,6708,380-21,2023-06-06,35,2026-04-01,5.0
22633,448-04,6708,380-21,2023-06-06,36,2026-05-01,0.0
22633,448-04,6708,380-21,2023-06-06,37,2026-06-01,0.0
22633,448-04,6708,380-21,2023-06-06,38,2026-07-01,1.0
22633,448-04,6708,380-21,2023-06-06,39,2026-08-01,5.0
22632,448-03,6707,380-20,2023-06-06,1,2023-06-01,1.0
22632,448-03,6707,380-20,2023-06-06,2,2023-07-01,0.5
22632,448-03,6707,380-20,2023-06-06,3,2023-08-01,26.0
22632,448-03,6707,380-20,2023-06-06,4,2023-09-01,0.0
22632,448-03,6707,380-20,2023-06-06,5,2023-10-01,50.0
22632,448-03,6707,380-20,2023-06-06,6,2023-11-01,13.5
22632,448-03,6707,380-20,2023-06-06,7,2023-12-01,12.0
22632,448-03,6707,380-20,2023-06-06,8,2024-01-01,18.0
22632,448-03,6707,380-20,2023-06-06,9,2024-02-01,16.0
22632,448-03,6707,380-20,2023-06-06,10,2024-03-01,0.0
22632,448-03,6707,380-20,2023-06-06,11,2024-04-01,15.5
22632,448-03,6707,380-20,2023-06-06,12,2024-05-01,25.0
22632,448-03,6707,380-20,2023-06-06,13,2024-06-01,30.0
22632,448-03,6707,380-20,2023-06-06,14,2024-07-01,7.0
22632,448-03,6707,380-20,2023-06-06,15,2024-08-01,0.0
22632,448-03,6707,380-20,2023-06-06,16,2024-09-01,35.0
22632,448-03,6707,380-20,2023-06-06,17,2024-10-01,6.0
22632,448-03,6707,380-20,2023-06-06,18,2024-11-01,44.0
22632,448-03,6707,380-20,2023-06-06,19,2024-12-01,0.0
22632,448-03,6707,380-20,2023-06-06,20,2025-01-01,125.5
22632,448-03,6707,380-20,2023-06-06,21,2025-02-01,2.0
22632,448-03,6707,380-20,2023-06-06,22,2025-03-01,1.0
22632,448-03,6707,380-20,2023-06-06,23,2025-04-01,0.0
22632,448-03,6707,380-20,2023-06-06,24,2025-05-01,60.0
22632,448-03,6707,380-20,2023-06-06,25,2025-06-01,20.5
22632,448-03,6707,380-20,2023-06-06,26,2025-07-01,0.0
22632,448-03,6707,380-20,2023-06-06,27,2025-08-01,0.0
22632,448-03,6707,380-20,2023-06-06,28,2025-09-01,11.0
22632,448-03,6707,380-20,2023-06-06,29,2025-10-01,24.5
22632,448-03,6707,380-20,2023-06-06,30,2025-11-01,23.0
22632,448-03,6707,380-20,2023-06-06,31,2025-12-01,0.0
22632,448-03,6707,380-20,2023-06-06,32,2026-01-01,32.5
22632,448-03,6707,380-20,2023-06-06,33,2026-02-01,28.0
22632,448-03,6707,380-20,2023-06-06,34,2026-03-01,0.0
22632,448-03,6707,380-20,2023-06-06,35,2026-04-01,23.0
22632,448-03,6707,380-20,2023-06-06,36,2026-05-01,13.5
22632,448-03,6707,380-20,2023-06-06,37,2026-06-01,19.0
22632,448-03,6707,380-20,2023-06-06,38,2026-07-01,12.0
22632,448-03,6707,380-20,2023-06-06,39,2026-08-01,20.5
22613,448-16,6700,380-13,2023-06-09,1,2023-06-01,4.0
22613,448-16,6700,380-13,2023-06-09,2,2023-07-01,13.0
22613,448-16,6700,380-13,2023-06-09,3,2023-08-01,2.0
22613,448-16,6700,380-13,2023-06-09,4,2023-09-01,0.0
22613,448-16,6700,380-13,2023-06-09,5,2023-10-01,3.0
22613,448-16,6700,380-13,2023-06-09,6,2023-11-01,0.0
22613,448-16,6700,380-13,2023-06-09,7,2023-12-01,15.5
22613,448-16,6700,380-13,2023-06-09,8,2024-01-01,1.5
22613,448-16,6700,380-13,2023-06-09,9,2024-02-01,16.5
22613,448-16,6700,380-13,2023-06-09,10,2024-03-01,16.5
22613,448-16,6700,380-13,2023-06-09,11,2024-04-01,22.5
22613,448-16,6700,380-13,2023-06-09,12,2024-05-01,3.0
22613,448-16,6700,380-13,2023-06-09,13,2024-06-01,5.0
22613,448-16,6700,380-13,2023-06-09,14,2024-07-01,2.0
22613,448-16,6700,380-13,2023-06-09,15,2024-08-01,6.5
22613,448-16,6700,380-13,2023-06-09,16,2024-09-01,1.0
22613,448-16,6700,380-13,2023-06-09,17,2024-10-01,0.0
22613,448-16,6700,380-13,2023-06-09,18,2024-11-01,0.0
22613,448-16,6700,380-13,2023-06-09,19,2024-12-01,0.0
22613,448-16,6700,380-13,2023-06-09,20,2025-01-01,0.0
22613,448-16,6700,380-13,2023-06-09,21,2025-02-01,12.5
22613,448-16,6700,380-13,2023-06-09,22,2025-03-01,0.0
22613,448-16,6700,380-13,2023-06-09,23,2025-04-01,0.0
22613,448-16,6700,380-13,2023-06-09,24,2025-05-01,0.0
22613,448-16,6700,380-13,2023-06-09,25,2025-06-01,3.5
22613,448-16,6700,380-13,2023-06-09,26,2025-07-01,0.0
22613,448-16,6700,380-13,2023-06-09,27,2025-08-01,0.0
22613,448-16,6700,380-13,2023-06-09,28,2025-09-01,0.0
22613,448-16,6700,380-13,2023-06-09,29,2025-10-01,0.0
22613,448-16,6700,380-13,2023-06-09,30,2025-11-01,4.0
22613,448-16,6700,380-13,2023-06-09,31,2025-12-01,0.0
22613,448-16,6700,380-13,2023-06-09,32,2026-01-01,26.0
22613,448-16,6700,380-13,2023-06-09,33,2026-02-01,0.0
22613,448-16,6700,380-13,2023-06-09,34,2026-03-01,4.0
22613,448-16,6700,380-13,2023-06-09,35,2026-04-01,11.0
22613,448-16,6700,380-13,2023-06-09,36,2026-05-01,0.0
22613,448-16,6700,380-13,2023-06-09,37,2026-06-01,3.5
22613,448-16,6700,380-13,2023-06-09,38,2026-07-01,0.0
22613,448-16,6700,380-13,2023-06-09,39,2026-08-01,6.0
22594,445-58,5939,343-28,2023-07-03,1,2023-07-01,43.0
22594,445-58,5939,343-28,2023-07-03,2,2023-08-01,90.0
22594,445-58,5939,343-28,2023-07-03,3,2023-09-01,0.0
22594,445-58,5939,343-28,2023-07-03,4,2023-10-01,15.0
22594,445-58,5939,343-28,2023-07-03,5,2023-11-01,0.0
22594,445-58,5939,343-28,2023-07-03,6,2023-12-01,19.5
22594,445-58,5939,343-28,2023-07-03,7,2024-01-01,0.0
22594,445-58,5939,343-28,2023-07-03,8,2024-02-01,0.0
22594,445-58,5939,343-28,2023-07-03,9,2024-03-01,2.0
22594,445-58,5939,343-28,2023-07-03,10,2024-04-01,0.0
22594,445-58,5939,343-28,2023-07-03,11,2024-05-01,9.5
22594,445-58,5939,343-28,2023-07-03,12,2024-06-01,0.0
22594,445-58,5939,343-28,2023-07-03,13,2024-07-01,10.5
22594,445-58,5939,343-28,2023-07-03,14,2024-08-01,0.0
22594,445-58,5939,343-28,2023-07-03,15,2024-09-01,0.0
22594,445-58,5939,343-28,2023-07-03,16,2024-10-01,36.0
22594,445-58,5939,343-28,2023-07-03,17,2024-11-01,26.0
22594,445-58,5939,343-28,2023-07-03,18,2024-12-01,0.0
22594,445-58,5939,343-28,2023-07-03,19,2025-01-01,0.0
22594,445-58,5939,343-28,2023-07-03,20,2025-02-01,0.0
22594,445-58,5939,343-28,2023-07-03,21,2025-03-01,0.0
22594,445-58,5939,343-28,2023-07-03,22,2025-04-01,2.5
22594,445-58,5939,343-28,2023-07-03,23,2025-05-01,0.0
22594,445-58,5939,343-28,2023-07-03,24,2025-06-01,0.0
22594,445-58,5939,343-28,2023-07-03,25,2025-07-01,0.0
22594,445-58,5939,343-28,2023-07-03,26,2025-08-01,0.0
22594,445-58,5939,343-28,2023-07-03,27,2025-09-01,0.0
22594,445-58,5939,343-28,2023-07-03,28,2025-10-01,6.0
22594,445-58,5939,343-28,2023-07-03,29,2025-11-01,0.0
22594,445-58,5939,343-28,2023-07-03,30,2025-12-01,1.5
22594,445-58,5939,343-28,2023-07-03,31,2026-01-01,15.0
22594,445-58,5939,343-28,2023-07-03,32,2026-02-01,1.5
22594,445-58,5939,343-28,2023-07-03,33,2026-03-01,40.5
22594,445-58,5939,343-28,2023-07-03,34,2026-04-01,0.0
22594,445-58,5939,343-28,2023-07-03,35,2026-05-01,0.0
22594,445-58,5939,343-28,2023-07-03,36,2026-06-01,0.0
22594,445-58,5939,343-28,2023-07-03,37,2026-07-01,0.0
22594,445-58,5939,343-28,2023-07-03,38,2026-08-01,0.0
22586,431-47,869,325-52,2023-08-03,1,2023-08-01,6.0
22586,431-47,869,325-52,2023-08-03,2,2023-09-01,0.0
22586,431-47,869,325-52,2023-08-03,3,2023-10-01,1.0
22586,431-47,869,325-52,2023-08-03,4,2023-11-01,8.0
22586,431-47,869,325-52,2023-08-03,5,2023-12-01,0.0
22586,431-47,869,325-52,2023-08-03,6,2024-01-01,0.0
22586,431-47,869,325-52,2023-08-03,7,2024-02-01,55.0
22586,431-47,869,325-52,2023-08-03,8,2024-03-01,26.5
22586,431-47,869,325-52,2023-08-03,9,2024-04-01,0.0
22586,431-47,869,325-52,2023-08-03,10,2024-05-01,11.0
22586,431-47,869,325-52,2023-08-03,11,2024-06-01,1.0
22586,431-47,869,325-52,2023-08-03,12,2024-07-01,20.5
22586,431-47,869,325-52,2023-08-03,13,2024-08-01,4.0
22586,431-47,869,325-52,2023-08-03,14,2024-09-01,0.0
22586,431-47,869,325-52,2023-08-03,15,2024-10-01,13.0
22586,431-47,869,325-52,2023-08-03,16,2024-11-01,0.0
22586,431-47,869,325-52,2023-08-03,17,2024-12-01,0.0
22586,431-47,869,325-52,2023-08-03,18,2025-01-01,0.0
22586,431-47,869,325-52,2023-08-03,19,2025-02-01,0.0
22586,431-47,869,325-52,2023-08-03,20,2025-03-01,0.0
22586,431-47,869,325-52,2023-08-03,21,2025-04-01,2.0
22586,431-47,869,325-52,2023-08-03,22,2025-05-01,27.0
22586,431-47,869,325-52,2023-08-03,23,2025-06-01,0.0
22586,431-47,869,325-52,2023-08-03,24,2025-07-01,2.5
22586,431-47,869,325-52,2023-08-03,25,2025-08-01,1.0
22586,431-47,869,325-52,2023-08-03,26,2025-09-01,0.0
22586,431-47,869,325-52,2023-08-03,27,2025-10-01,0.0
22586,431-47,869,325-52,2023-08-03,28,2025-11-01,5.5
22586,431-47,869,325-52,2023-08-03,29,2025-12-01,0.0
22586,431-47,869,325-52,2023-08-03,30,2026-01-01,0.0
22586,431-47,869,325-52,2023-08-03,31,2026-02-01,0.0
22586,431-47,869,325-52,2023-08-03,32,2026-03-01,2.0
22586,431-47,869,325-52,2023-08-03,33,2026-04-01,0.0
22586,431-47,869,325-52,2023-08-03,34,2026-05-01,0.0
22586,431-47,869,325-52,2023-08-03,35,2026-06-01,0.0
22586,431-47,869,325-52,2023-08-03,36,2026-07-01,1.0
22586,431-47,869,325-52,2023-08-03,37,2026-08-01,0.0
22586,431-47,9453,Siena-04,2024-02-07,1,2024-02-01,6.5
22586,431-47,9453,Siena-04,2024-02-07,2,2024-03-01,0.0
22586,431-47,9453,Siena-04,2024-02-07,3,2024-04-01,0.0
22586,431-47,9453,Siena-04,2024-02-07,4,2024-05-01,0.0
22586,431-47,9453,Siena-04,2024-02-07,5,2024-06-01,6.0
22586,431-47,9453,Siena-04,2024-02-07,6,2024-07-01,0.0
22586,431-47,9453,Siena-04,2024-02-07,7,2024-08-01,0.0
22586,431-47,9453,Siena-04,2024-02-07,8,2024-09-01,0.0
22586,431-47,9453,Siena-04,2024-02-07,9,2024-10-01,0.0
22586,431-47,9453,Siena-04,2024-02-07,10,2024-11-01,0.0
22586,431-47,9453,Siena-04,2024-02-07,11,2024-12-01,0.0
22586,431-47,9453,Siena-04,2024-02-07,12,2025-01-01,0.0
22586,431-47,9453,Siena-04,2024-02-07,13,2025-02-01,0.0
22586,431-47,9453,Siena-04,2024-02-07,14,2025-03-01,3.5
22586,431-47,9453,Siena-04,2024-02-07,15,2025-04-01,0.0
22586,431-47,9453,Siena-04,2024-02-07,16,2025-05-01,12.0
22586,431-47,9453,Siena-04,2024-02-07,17,2025-06-01,3.0
22586,431-47,9453,Siena-04,2024-02-07,18,2025-07-01,0.0
22586,431-47,9453,Siena-04,2024-02-07,19,2025-08-01,0.0
22586,431-47,9453,Siena-04,2024-02-07,20,2025-09-01,0.0
22586,431-47,9453,Siena-04,2024-02-07,21,2025-10-01,0.0
22586,431-47,9453,Siena-04,2024-02-07,22,2025-11-01,20.0
22586,431-47,9453,Siena-04,2024-02-07,23,2025-12-01,8.0
22586,431-47,9453,Siena-04,2024-02-07,24,2026-01-01,0.0
22586,431-47,9453,Siena-04,2024-02-07,25,2026-02-01,0.0
22586,431-47,9453,Siena-04,2024-02-07,26,2026-03-01,0.0
22586,431-47,9453,Siena-04,2024-02-07,27,2026-04-01,0.0
22586,431-47,9453,Siena-04,2024-02-07,28,2026-05-01,0.0
22586,431-47,9453,Siena-04,2024-02-07,29,2026-06-01,0.0
22586,431-47,9453,Siena-04,2024-02-07,30,2026-07-01,0.0
22586,431-47,9453,Siena-04,2024-02-07,31,2026-08-01,0.0
22585,431-46,862,325-45,2023-06-07,1,2023-06-01,11.5
22585,431-46,862,325-45,2023-06-07,2,2023-07-01,0.0
22585,431-46,862,325-45,2023-06-07,3,2023-08-01,0.0
22585,431-46,862,325-45,2023-06-07,4,2023-09-01,5.0
22585,431-46,862,325-45,2023-06-07,5,2023-10-01,0.0
22585,431-46,862,325-45,2023-06-07,6,2023-11-01,2.0
22585,431-46,862,325-45,2023-06-07,7,2023-12-01,0.0
22585,431-46,862,325-45,2023-06-07,8,2024-01-01,18.0
22585,431-46,862,325-45,2023-06-07,9,2024-02-01,100.0
22585,431-46,862,325-45,2023-06-07,10,2024-03-01,0.0
22585,431-46,862,325-45,2023-06-07,11,2024-04-01,0.0
22585,431-46,862,325-45,2023-06-07,12,2024-05-01,55.0
22585,431-46,862,325-45,2023-06-07,13,2024-06-01,0.0
22585,431-46,862,325-45,2023-06-07,14,2024-07-01,0.0
22585,431-46,862,325-45,2023-06-07,15,2024-08-01,0.0
22585,431-46,862,325-45,2023-06-07,16,2024-09-01,37.0
22585,431-46,862,325-45,2023-06-07,17,2024-10-01,0.0
22585,431-46,862,325-45,2023-06-07,18,2024-11-01,0.0
22585,431-46,862,325-45,2023-06-07,19,2024-12-01,0.0
22585,431-46,862,325-45,2023-06-07,20,2025-01-01,0.0
22585,431-46,862,325-45,2023-06-07,21,2025-02-01,104.0
22585,431-46,862,325-45,2023-06-07,22,2025-03-01,0.0
22585,431-46,862,325-45,2023-06-07,23,2025-04-01,0.0
22585,431-46,862,325-45,2023-06-07,24,2025-05-01,0.0
22585,431-46,862,325-45,2023-06-07,25,2025-06-01,0.0
22585,431-46,862,325-45,2023-06-07,26,2025-07-01,1.0
22585,431-46,862,325-45,2023-06-07,27,2025-08-01,0.0
22585,431-46,862,325-45,2023-06-07,28,2025-09-01,0.0
22585,431-46,862,325-45,2023-06-07,29,2025-10-01,0.0
22585,431-46,862,325-45,2023-06-07,30,2025-11-01,6.0
22585,431-46,862,325-45,2023-06-07,31,2025-12-01,0.0
22585,431-46,862,325-45,2023-06-07,32,2026-01-01,0.0
22585,431-46,862,325-45,2023-06-07,33,2026-02-01,0.0
22585,431-46,862,325-45,2023-06-07,34,2026-03-01,0.0
22585,431-46,862,325-45,2023-06-07,35,2026-04-01,0.0
22585,431-46,862,325-45,2023-06-07,36,2026-05-01,0.0
22585,431-46,862,325-45,2023-06-07,37,2026-06-01,0.0
22585,431-46,862,325-45,2023-06-07,38,2026-07-01,0.0
22585,431-46,862,325-45,2023-06-07,39,2026-08-01,0.0
22582,431-43,857,325-40,2023-07-18,1,2023-07-01,1.0
22582,431-43,857,325-40,2023-07-18,2,2023-08-01,4.0
22582,431-43,857,325-40,2023-07-18,3,2023-09-01,45.0
22582,431-43,857,325-40,2023-07-18,4,2023-10-01,0.0
22582,431-43,857,325-40,2023-07-18,5,2023-11-01,0.0
22582,431-43,857,325-40,2023-07-18,6,2023-12-01,7.5
22582,431-43,857,325-40,2023-07-18,7,2024-01-01,162.0
22582,431-43,857,325-40,2023-07-18,8,2024-02-01,0.0
22582,431-43,857,325-40,2023-07-18,9,2024-03-01,0.0
22582,431-43,857,325-40,2023-07-18,10,2024-04-01,0.0
22582,431-43,857,325-40,2023-07-18,11,2024-05-01,0.0
22582,431-43,857,325-40,2023-07-18,12,2024-06-01,7.0
22582,431-43,857,325-40,2023-07-18,13,2024-07-01,0.0
22582,431-43,857,325-40,2023-07-18,14,2024-08-01,0.0
22582,431-43,857,325-40,2023-07-18,15,2024-09-01,0.0
22582,431-43,857,325-40,2023-07-18,16,2024-10-01,8.0
22582,431-43,857,325-40,2023-07-18,17,2024-11-01,8.0
22582,431-43,857,325-40,2023-07-18,18,2024-12-01,46.0
22582,431-43,857,325-40,2023-07-18,19,2025-01-01,0.0
22582,431-43,857,325-40,2023-07-18,20,2025-02-01,0.0
22582,431-43,857,325-40,2023-07-18,21,2025-03-01,0.0
22582,431-43,857,325-40,2023-07-18,22,2025-04-01,0.0
22582,431-43,857,325-40,2023-07-18,23,2025-05-01,0.0
22582,431-43,857,325-40,2023-07-18,24,2025-06-01,0.0
22582,431-43,857,325-40,2023-07-18,25,2025-07-01,60.0
22582,431-43,857,325-40,2023-07-18,26,2025-08-01,8.0
22582,431-43,857,325-40,2023-07-18,27,2025-09-01,0.0
22582,431-43,857,325-40,2023-07-18,28,2025-10-01,82.5
22582,431-43,857,325-40,2023-07-18,29,2025-11-01,0.0
22582,431-43,857,325-40,2023-07-18,30,2025-12-01,0.0
22582,431-43,857,325-40,2023-07-18,31,2026-01-01,0.0
22582,431-43,857,325-40,2023-07-18,32,2026-02-01,0.0
22582,431-43,857,325-40,2023-07-18,33,2026-03-01,0.0
22582,431-43,857,325-40,2023-07-18,34,2026-04-01,0.0
22582,431-43,857,325-40,2023-07-18,35,2026-05-01,1.0
22582,431-43,857,325-40,2023-07-18,36,2026-06-01,0.0
22582,431-43,857,325-40,2023-07-18,37,2026-07-01,0.0
22582,431-43,857,325-40,2023-07-18,38,2026-08-01,0.0
22580,431-41,851,325-34,2023-06-09,1,2023-06-01,15.0
22580,431-41,851,325-34,2023-06-09,2,2023-07-01,19.0
22580,431-41,851,325-34,2023-06-09,3,2023-08-01,0.0
22580,431-41,851,325-34,2023-06-09,4,2023-09-01,9.5
22580,431-41,851,325-34,2023-06-09,5,2023-10-01,12.0
22580,431-41,851,325-34,2023-06-09,6,2023-11-01,22.5
22580,431-41,851,325-34,2023-06-09,7,2023-12-01,12.5
22580,431-41,851,325-34,2023-06-09,8,2024-01-01,0.0
22580,431-41,851,325-34,2023-06-09,9,2024-02-01,9.0
22580,431-41,851,325-34,2023-06-09,10,2024-03-01,0.0
22580,431-41,851,325-34,2023-06-09,11,2024-04-01,8.5
22580,431-41,851,325-34,2023-06-09,12,2024-05-01,10.0
22580,431-41,851,325-34,2023-06-09,13,2024-06-01,0.0
22580,431-41,851,325-34,2023-06-09,14,2024-07-01,0.0
22580,431-41,851,325-34,2023-06-09,15,2024-08-01,48.5
22580,431-41,851,325-34,2023-06-09,16,2024-09-01,22.0
22580,431-41,851,325-34,2023-06-09,17,2024-10-01,0.0
22580,431-41,851,325-34,2023-06-09,18,2024-11-01,0.0
22580,431-41,851,325-34,2023-06-09,19,2024-12-01,11.0
22580,431-41,851,325-34,2023-06-09,20,2025-01-01,0.5
22580,431-41,851,325-34,2023-06-09,21,2025-02-01,0.0
22580,431-41,851,325-34,2023-06-09,22,2025-03-01,184.0
22580,431-41,851,325-34,2023-06-09,23,2025-04-01,29.0
22580,431-41,851,325-34,2023-06-09,24,2025-05-01,0.0
22580,431-41,851,325-34,2023-06-09,25,2025-06-01,0.0
22580,431-41,851,325-34,2023-06-09,26,2025-07-01,2.5
22580,431-41,851,325-34,2023-06-09,27,2025-08-01,34.5
22580,431-41,851,325-34,2023-06-09,28,2025-09-01,19.0
22580,431-41,851,325-34,2023-06-09,29,2025-10-01,10.0
22580,431-41,851,325-34,2023-06-09,30,2025-11-01,25.0
22580,431-41,851,325-34,2023-06-09,31,2025-12-01,12.0
22580,431-41,851,325-34,2023-06-09,32,2026-01-01,0.0
22580,431-41,851,325-34,2023-06-09,33,2026-02-01,0.0
22580,431-41,851,325-34,2023-06-09,34,2026-03-01,0.0
22580,431-41,851,325-34,2023-06-09,35,2026-04-01,0.0
22580,431-41,851,325-34,2023-06-09,36,2026-05-01,0.0
22580,431-41,851,325-34,2023-06-09,37,2026-06-01,6.0
22580,431-41,851,325-34,2023-06-09,38,2026-07-01,0.0
22580,431-41,851,325-34,2023-06-09,39,2026-08-01,0.0
22579,431-40,845,325-28,2023-06-01,1,2023-06-01,67.5
22579,431-40,845,325-28,2023-06-01,2,2023-07-01,20.0
22579,431-40,845,325-28,2023-06-01,3,2023-08-01,45.5
22579,431-40,845,325-28,2023-06-01,4,2023-09-01,23.5
22579,431-40,845,325-28,2023-06-01,5,2023-10-01,257.5
22579,431-40,845,325-28,2023-06-01,6,2023-11-01,10.0
22579,431-40,845,325-28,2023-06-01,7,2023-12-01,0.0
22579,431-40,845,325-28,2023-06-01,8,2024-01-01,38.0
22579,431-40,845,325-28,2023-06-01,9,2024-02-01,45.0
22579,431-40,845,325-28,2023-06-01,10,2024-03-01,0.0
22579,431-40,845,325-28,2023-06-01,11,2024-04-01,0.0
22579,431-40,845,325-28,2023-06-01,12,2024-05-01,95.5
22579,431-40,845,325-28,2023-06-01,13,2024-06-01,6.0
22579,431-40,845,325-28,2023-06-01,14,2024-07-01,13.0
22579,431-40,845,325-28,2023-06-01,15,2024-08-01,61.0
22579,431-40,845,325-28,2023-06-01,16,2024-09-01,70.5
22579,431-40,845,325-28,2023-06-01,17,2024-10-01,23.0
22579,431-40,845,325-28,2023-06-01,18,2024-11-01,13.5
22579,431-40,845,325-28,2023-06-01,19,2024-12-01,82.0
22579,431-40,845,325-28,2023-06-01,20,2025-01-01,45.0
22579,431-40,845,325-28,2023-06-01,21,2025-02-01,0.0
22579,431-40,845,325-28,2023-06-01,22,2025-03-01,130.0
22579,431-40,845,325-28,2023-06-01,23,2025-04-01,18.0
22579,431-40,845,325-28,2023-06-01,24,2025-05-01,0.0
22579,431-40,845,325-28,2023-06-01,25,2025-06-01,71.0
22579,431-40,845,325-28,2023-06-01,26,2025-07-01,9.5
22579,431-40,845,325-28,2023-06-01,27,2025-08-01,1.0
22579,431-40,845,325-28,2023-06-01,28,2025-09-01,39.0
22579,431-40,845,325-28,2023-06-01,29,2025-10-01,90.5
22579,431-40,845,325-28,2023-06-01,30,2025-11-01,19.0
22579,431-40,845,325-28,2023-06-01,31,2025-12-01,0.0
22579,431-40,845,325-28,2023-06-01,32,2026-01-01,0.0
22579,431-40,845,325-28,2023-06-01,33,2026-02-01,50.5
22579,431-40,845,325-28,2023-06-01,34,2026-03-01,356.0
22579,431-40,845,325-28,2023-06-01,35,2026-04-01,20.0
22579,431-40,845,325-28,2023-06-01,36,2026-05-01,0.0
22579,431-40,845,325-28,2023-06-01,37,2026-06-01,14.0
22579,431-40,845,325-28,2023-06-01,38,2026-07-01,10.0
22579,431-40,845,325-28,2023-06-01,39,2026-08-01,0.0
22579,431-40,1620,202-20,2023-12-13,1,2023-12-01,2.5
22579,431-40,1620,202-20,2023-12-13,2,2024-01-01,0.0
22579,431-40,1620,202-20,2023-12-13,3,2024-02-01,114.0
22579,431-40,1620,202-20,2023-12-13,4,2024-03-01,0.0
22579,431-40,1620,202-20,2023-12-13,5,2024-04-01,0.0
22579,431-40,1620,202-20,2023-12-13,6,2024-05-01,4.0
22579,431-40,1620,202-20,2023-12-13,7,2024-06-01,0.0
22579,431-40,1620,202-20,2023-12-13,8,2024-07-01,28.0
22579,431-40,1620,202-20,2023-12-13,9,2024-08-01,5.5
22579,431-40,1620,202-20,2023-12-13,10,2024-09-01,0.0
22579,431-40,1620,202-20,2023-12-13,11,2024-10-01,24.0
22579,431-40,1620,202-20,2023-12-13,12,2024-11-01,2.5
22579,431-40,1620,202-20,2023-12-13,13,2024-12-01,13.0
22579,431-40,1620,202-20,2023-12-13,14,2025-01-01,0.0
22579,431-40,1620,202-20,2023-12-13,15,2025-02-01,2.0
22579,431-40,1620,202-20,2023-12-13,16,2025-03-01,0.0
22579,431-40,1620,202-20,2023-12-13,17,2025-04-01,0.0
22579,431-40,1620,202-20,2023-12-13,18,2025-05-01,0.0
22579,431-40,1620,202-20,2023-12-13,19,2025-06-01,3.0
22579,431-40,1620,202-20,2023-12-13,20,2025-07-01,0.0
22579,431-40,1620,202-20,2023-12-13,21,2025-08-01,0.0
22579,431-40,1620,202-20,2023-12-13,22,2025-09-01,52.5
22579,431-40,1620,202-20,2023-12-13,23,2025-10-01,0.0
22579,431-40,1620,202-20,2023-12-13,24,2025-11-01,0.0
22579,431-40,1620,202-20,2023-12-13,25,2025-12-01,13.0
22579,431-40,1620,202-20,2023-12-13,26,2026-01-01,0.0
22579,431-40,1620,202-20,2023-12-13,27,2026-02-01,0.0
22579,431-40,1620,202-20,2023-12-13,28,2026-03-01,0.0
22579,431-40,1620,202-20,2023-12-13,29,2026-04-01,0.0
22579,431-40,1620,202-20,2023-12-13,30,2026-05-01,0.0
22579,431-40,1620,202-20,2023-12-13,31,2026-06-01,0.0
22579,431-40,1620,202-20,2023-12-13,32,2026-07-01,0.0
22579,431-40,1620,202-20,2023-12-13,33,2026-08-01,0.0
22578,431-22,855,325-38,2023-06-02,1,2023-06-01,148.5
22578,431-22,855,325-38,2023-06-02,2,2023-07-01,0.0
22578,431-22,855,325-38,2023-06-02,3,2023-08-01,3.0
22578,431-22,855,325-38,2023-06-02,4,2023-09-01,11.0
22578,431-22,855,325-38,2023-06-02,5,2023-10-01,12.0
22578,431-22,855,325-38,2023-06-02,6,2023-11-01,0.5
22578,431-22,855,325-38,2023-06-02,7,2023-12-01,14.0
22578,431-22,855,325-38,2023-06-02,8,2024-01-01,0.0
22578,431-22,855,325-38,2023-06-02,9,2024-02-01,16.0
22578,431-22,855,325-38,2023-06-02,10,2024-03-01,5.0
22578,431-22,855,325-38,2023-06-02,11,2024-04-01,3.0
22578,431-22,855,325-38,2023-06-02,12,2024-05-01,0.0
22578,431-22,855,325-38,2023-06-02,13,2024-06-01,0.0
22578,431-22,855,325-38,2023-06-02,14,2024-07-01,0.0
22578,431-22,855,325-38,2023-06-02,15,2024-08-01,0.0
22578,431-22,855,325-38,2023-06-02,16,2024-09-01,2.0
22578,431-22,855,325-38,2023-06-02,17,2024-10-01,0.0
22578,431-22,855,325-38,2023-06-02,18,2024-11-01,10.0
22578,431-22,855,325-38,2023-06-02,19,2024-12-01,1.0
22578,431-22,855,325-38,2023-06-02,20,2025-01-01,0.0
22578,431-22,855,325-38,2023-06-02,21,2025-02-01,0.0
22578,431-22,855,325-38,2023-06-02,22,2025-03-01,2.0
22578,431-22,855,325-38,2023-06-02,23,2025-04-01,0.0
22578,431-22,855,325-38,2023-06-02,24,2025-05-01,0.0
22578,431-22,855,325-38,2023-06-02,25,2025-06-01,8.5
22578,431-22,855,325-38,2023-06-02,26,2025-07-01,1.5
22578,431-22,855,325-38,2023-06-02,27,2025-08-01,0.0
22578,431-22,855,325-38,2023-06-02,28,2025-09-01,60.0
22578,431-22,855,325-38,2023-06-02,29,2025-10-01,0.0
22578,431-22,855,325-38,2023-06-02,30,2025-11-01,0.0
22578,431-22,855,325-38,2023-06-02,31,2025-12-01,0.0
22578,431-22,855,325-38,2023-06-02,32,2026-01-01,0.0
22578,431-22,855,325-38,2023-06-02,33,2026-02-01,0.0
22578,431-22,855,325-38,2023-06-02,34,2026-03-01,12.0
22578,431-22,855,325-38,2023-06-02,35,2026-04-01,0.0
22578,431-22,855,325-38,2023-06-02,36,2026-05-01,0.0
22578,431-22,855,325-38,2023-06-02,37,2026-06-01,0.0
22578,431-22,855,325-38,2023-06-02,38,2026-07-01,1.0
22578,431-22,855,325-38,2023-06-02,39,2026-08-01,0.0
22578,431-22,9454,Siena-05,2024-02-06,1,2024-02-01,7.5
22578,431-22,9454,Siena-05,2024-02-06,2,2024-03-01,0.0
22578,431-22,9454,Siena-05,2024-02-06,3,2024-04-01,0.0
22578,431-22,9454,Siena-05,2024-02-06,4,2024-05-01,0.0
22578,431-22,9454,Siena-05,2024-02-06,5,2024-06-01,17.0
22578,431-22,9454,Siena-05,2024-02-06,6,2024-07-01,0.0
22578,431-22,9454,Siena-05,2024-02-06,7,2024-08-01,5.0
22578,431-22,9454,Siena-05,2024-02-06,8,2024-09-01,0.0
22578,431-22,9454,Siena-05,2024-02-06,9,2024-10-01,4.0
22578,431-22,9454,Siena-05,2024-02-06,10,2024-11-01,0.0
22578,431-22,9454,Siena-05,2024-02-06,11,2024-12-01,0.0
22578,431-22,9454,Siena-05,2024-02-06,12,2025-01-01,2.0
22578,431-22,9454,Siena-05,2024-02-06,13,2025-02-01,5.0
22578,431-22,9454,Siena-05,2024-02-06,14,2025-03-01,3.5
22578,431-22,9454,Siena-05,2024-02-06,15,2025-04-01,0.0
22578,431-22,9454,Siena-05,2024-02-06,16,2025-05-01,1.0
22578,431-22,9454,Siena-05,2024-02-06,17,2025-06-01,0.0
22578,431-22,9454,Siena-05,2024-02-06,18,2025-07-01,0.0
22578,431-22,9454,Siena-05,2024-02-06,19,2025-08-01,0.0
22578,431-22,9454,Siena-05,2024-02-06,20,2025-09-01,0.0
22578,431-22,9454,Siena-05,2024-02-06,21,2025-10-01,12.0
22578,431-22,9454,Siena-05,2024-02-06,22,2025-11-01,5.0
22578,431-22,9454,Siena-05,2024-02-06,23,2025-12-01,0.0
22578,431-22,9454,Siena-05,2024-02-06,24,2026-01-01,0.0
22578,431-22,9454,Siena-05,2024-02-06,25,2026-02-01,0.0
22578,431-22,9454,Siena-05,2024-02-06,26,2026-03-01,0.0
22578,431-22,9454,Siena-05,2024-02-06,27,2026-04-01,0.0
22578,431-22,9454,Siena-05,2024-02-06,28,2026-05-01,0.0
22578,431-22,9454,Siena-05,2024-02-06,29,2026-06-01,0.0
22578,431-22,9454,Siena-05,2024-02-06,30,2026-07-01,0.0
22578,431-22,9454,Siena-05,2024-02-06,31,2026-08-01,0.0
22577,431-21,839,325-22,2023-06-03,1,2023-06-01,10.0
22577,431-21,839,325-22,2023-06-03,2,2023-07-01,0.0
22577,431-21,839,325-22,2023-06-03,3,2023-08-01,0.0
22577,431-21,839,325-22,2023-06-03,4,2023-09-01,15.0
22577,431-21,839,325-22,2023-06-03,5,2023-10-01,53.0
22577,431-21,839,325-22,2023-06-03,6,2023-11-01,3.5
22577,431-21,839,325-22,2023-06-03,7,2023-12-01,24.5
22577,431-21,839,325-22,2023-06-03,8,2024-01-01,0.0
22577,431-21,839,325-22,2023-06-03,9,2024-02-01,0.0
22577,431-21,839,325-22,2023-06-03,10,2024-03-01,0.0
22577,431-21,839,325-22,2023-06-03,11,2024-04-01,195.0
22577,431-21,839,325-22,2023-06-03,12,2024-05-01,0.0
22577,431-21,839,325-22,2023-06-03,13,2024-06-01,0.0
22577,431-21,839,325-22,2023-06-03,14,2024-07-01,4.0
22577,431-21,839,325-22,2023-06-03,15,2024-08-01,37.5
22577,431-21,839,325-22,2023-06-03,16,2024-09-01,3.0
22577,431-21,839,325-22,2023-06-03,17,2024-10-01,0.0
22577,431-21,839,325-22,2023-06-03,18,2024-11-01,0.0
22577,431-21,839,325-22,2023-06-03,19,2024-12-01,179.1
22577,431-21,839,325-22,2023-06-03,20,2025-01-01,8.0
22577,431-21,839,325-22,2023-06-03,21,2025-02-01,0.0
22577,431-21,839,325-22,2023-06-03,22,2025-03-01,0.0
22577,431-21,839,325-22,2023-06-03,23,2025-04-01,39.0
22577,431-21,839,325-22,2023-06-03,24,2025-05-01,16.0
22577,431-21,839,325-22,2023-06-03,25,2025-06-01,0.0
22577,431-21,839,325-22,2023-06-03,26,2025-07-01,0.0
22577,431-21,839,325-22,2023-06-03,27,2025-08-01,0.0
22577,431-21,839,325-22,2023-06-03,28,2025-09-01,0.0
22577,431-21,839,325-22,2023-06-03,29,2025-10-01,0.0
22577,431-21,839,325-22,2023-06-03,30,2025-11-01,0.0
22577,431-21,839,325-22,2023-06-03,31,2025-12-01,3.5
22577,431-21,839,325-22,2023-06-03,32,2026-01-01,0.0
22577,431-21,839,325-22,2023-06-03,33,2026-02-01,0.0
22577,431-21,839,325-22,2023-06-03,34,2026-03-01,0.0
22577,431-21,839,325-22,2023-06-03,35,2026-04-01,0.0
22577,431-21,839,325-22,2023-06-03,36,2026-05-01,4.5
22577,431-21,839,325-22,2023-06-03,37,2026-06-01,0.0
22577,431-21,839,325-22,2023-06-03,38,2026-07-01,0.0
22577,431-21,839,325-22,2023-06-03,39,2026-08-01,0.0
22576,431-19,835,325-18,2023-07-08,1,2023-07-01,7.0
22576,431-19,835,325-18,2023-07-08,2,2023-08-01,54.5
22576,431-19,835,325-18,2023-07-08,3,2023-09-01,23.0
22576,431-19,835,325-18,2023-07-08,4,2023-10-01,36.0
22576,431-19,835,325-18,2023-07-08,5,2023-11-01,0.0
22576,431-19,835,325-18,2023-07-08,6,2023-12-01,6.0
22576,431-19,835,325-18,2023-07-08,7,2024-01-01,182.5
22576,431-19,835,325-18,2023-07-08,8,2024-02-01,0.0
22576,431-19,835,325-18,2023-07-08,9,2024-03-01,6.0
22576,431-19,835,325-18,2023-07-08,10,2024-04-01,0.0
22576,431-19,835,325-18,2023-07-08,11,2024-05-01,0.0
22576,431-19,835,325-18,2023-07-08,12,2024-06-01,99.0
22576,431-19,835,325-18,2023-07-08,13,2024-07-01,35.0
22576,431-19,835,325-18,2023-07-08,14,2024-08-01,10.0
22576,431-19,835,325-18,2023-07-08,15,2024-09-01,0.0
22576,431-19,835,325-18,2023-07-08,16,2024-10-01,32.0
22576,431-19,835,325-18,2023-07-08,17,2024-11-01,108.5
22576,431-19,835,325-18,2023-07-08,18,2024-12-01,25.0
22576,431-19,835,325-18,2023-07-08,19,2025-01-01,0.0
22576,431-19,835,325-18,2023-07-08,20,2025-02-01,30.0
22576,431-19,835,325-18,2023-07-08,21,2025-03-01,8.0
22576,431-19,835,325-18,2023-07-08,22,2025-04-01,59.0
22576,431-19,835,325-18,2023-07-08,23,2025-05-01,69.0
22576,431-19,835,325-18,2023-07-08,24,2025-06-01,0.0
22576,431-19,835,325-18,2023-07-08,25,2025-07-01,4.5
22576,431-19,835,325-18,2023-07-08,26,2025-08-01,2.0
22576,431-19,835,325-18,2023-07-08,27,2025-09-01,28.0
22576,431-19,835,325-18,2023-07-08,28,2025-10-01,8.0
22576,431-19,835,325-18,2023-07-08,29,2025-11-01,11.0
22576,431-19,835,325-18,2023-07-08,30,2025-12-01,0.0
22576,431-19,835,325-18,2023-07-08,31,2026-01-01,0.0
22576,431-19,835,325-18,2023-07-08,32,2026-02-01,0.0
22576,431-19,835,325-18,2023-07-08,33,2026-03-01,35.0
22576,431-19,835,325-18,2023-07-08,34,2026-04-01,0.0
22576,431-19,835,325-18,2023-07-08,35,2026-05-01,0.0
22576,431-19,835,325-18,2023-07-08,36,2026-06-01,0.0
22576,431-19,835,325-18,2023-07-08,37,2026-07-01,0.0
22576,431-19,835,325-18,2023-07-08,38,2026-08-01,0.0
22576,431-19,9469,Verona-04,2024-03-11,1,2024-03-01,40.0
22576,431-19,9469,Verona-04,2024-03-11,2,2024-04-01,3.0
22576,431-19,9469,Verona-04,2024-03-11,3,2024-05-01,0.0
22576,431-19,9469,Verona-04,2024-03-11,4,2024-06-01,0.0
22576,431-19,9469,Verona-04,2024-03-11,5,2024-07-01,0.0
22576,431-19,9469,Verona-04,2024-03-11,6,2024-08-01,0.0
22576,431-19,9469,Verona-04,2024-03-11,7,2024-09-01,0.0
22576,431-19,9469,Verona-04,2024-03-11,8,2024-10-01,0.0
22576,431-19,9469,Verona-04,2024-03-11,9,2024-11-01,0.0
22576,431-19,9469,Verona-04,2024-03-11,10,2024-12-01,0.0
22576,431-19,9469,Verona-04,2024-03-11,11,2025-01-01,0.0
22576,431-19,9469,Verona-04,2024-03-11,12,2025-02-01,0.0
22576,431-19,9469,Verona-04,2024-03-11,13,2025-03-01,0.0
22576,431-19,9469,Verona-04,2024-03-11,14,2025-04-01,0.0
22576,431-19,9469,Verona-04,2024-03-11,15,2025-05-01,0.0
22576,431-19,9469,Verona-04,2024-03-11,16,2025-06-01,0.0
22576,431-19,9469,Verona-04,2024-03-11,17,2025-07-01,28.0
22576,431-19,9469,Verona-04,2024-03-11,18,2025-08-01,0.0
22576,431-19,9469,Verona-04,2024-03-11,19,2025-09-01,0.0
22576,431-19,9469,Verona-04,2024-03-11,20,2025-10-01,0.0
22576,431-19,9469,Verona-04,2024-03-11,21,2025-11-01,5.0
22576,431-19,9469,Verona-04,2024-03-11,22,2025-12-01,0.0
22576,431-19,9469,Verona-04,2024-03-11,23,2026-01-01,13.0
22576,431-19,9469,Verona-04,2024-03-11,24,2026-02-01,0.0
22576,431-19,9469,Verona-04,2024-03-11,25,2026-03-01,0.0
22576,431-19,9469,Verona-04,2024-03-11,26,2026-04-01,0.0
22576,431-19,9469,Verona-04,2024-03-11,27,2026-05-01,0.0
22576,431-19,9469,Verona-04,2024-03-11,28,2026-06-01,0.0
22576,431-19,9469,Verona-04,2024-03-11,29,2026-07-01,3.0
22576,431-19,9469,Verona-04,2024-03-11,30,2026-08-01,0.0
22575,431-18,833,325-16,2023-06-03,1,2023-06-01,26.0
22575,431-18,833,325-16,2023-06-03,2,2023-07-01,18.0
22575,431-18,833,325-16,2023-06-03,3,2023-08-01,24.0
22575,431-18,833,325-16,2023-06-03,4,2023-09-01,0.0
22575,431-18,833,325-16,2023-06-03,5,2023-10-01,5.5
22575,431-18,833,325-16,2023-06-03,6,2023-11-01,109.0
22575,431-18,833,325-16,2023-06-03,7,2023-12-01,121.0
22575,431-18,833,325-16,2023-06-03,8,2024-01-01,10.0
22575,431-18,833,325-16,2023-06-03,9,2024-02-01,2.0
22575,431-18,833,325-16,2023-06-03,10,2024-03-01,0.0
22575,431-18,833,325-16,2023-06-03,11,2024-04-01,77.0
22575,431-18,833,325-16,2023-06-03,12,2024-05-01,111.0
22575,431-18,833,325-16,2023-06-03,13,2024-06-01,0.0
22575,431-18,833,325-16,2023-06-03,14,2024-07-01,8.5
22575,431-18,833,325-16,2023-06-03,15,2024-08-01,17.0
22575,431-18,833,325-16,2023-06-03,16,2024-09-01,23.5
22575,431-18,833,325-16,2023-06-03,17,2024-10-01,0.0
22575,431-18,833,325-16,2023-06-03,18,2024-11-01,250.0
22575,431-18,833,325-16,2023-06-03,19,2024-12-01,126.0
22575,431-18,833,325-16,2023-06-03,20,2025-01-01,3.0
22575,431-18,833,325-16,2023-06-03,21,2025-02-01,136.5
22575,431-18,833,325-16,2023-06-03,22,2025-03-01,0.0
22575,431-18,833,325-16,2023-06-03,23,2025-04-01,0.0
22575,431-18,833,325-16,2023-06-03,24,2025-05-01,0.0
22575,431-18,833,325-16,2023-06-03,25,2025-06-01,22.0
22575,431-18,833,325-16,2023-06-03,26,2025-07-01,13.0
22575,431-18,833,325-16,2023-06-03,27,2025-08-01,5.0
22575,431-18,833,325-16,2023-06-03,28,2025-09-01,250.0
22575,431-18,833,325-16,2023-06-03,29,2025-10-01,0.0
22575,431-18,833,325-16,2023-06-03,30,2025-11-01,30.0
22575,431-18,833,325-16,2023-06-03,31,2025-12-01,0.0
22575,431-18,833,325-16,2023-06-03,32,2026-01-01,0.0
22575,431-18,833,325-16,2023-06-03,33,2026-02-01,0.0
22575,431-18,833,325-16,2023-06-03,34,2026-03-01,0.0
22575,431-18,833,325-16,2023-06-03,35,2026-04-01,0.0
22575,431-18,833,325-16,2023-06-03,36,2026-05-01,0.0
22575,431-18,833,325-16,2023-06-03,37,2026-06-01,0.0
22575,431-18,833,325-16,2023-06-03,38,2026-07-01,8.0
22575,431-18,833,325-16,2023-06-03,39,2026-08-01,0.0
22575,431-18,5309,DE-V1-119,2023-07-06,1,2023-07-01,1.0
22575,431-18,5309,DE-V1-119,2023-07-06,2,2023-08-01,3.0
22575,431-18,5309,DE-V1-119,2023-07-06,3,2023-09-01,0.0
22575,431-18,5309,DE-V1-119,2023-07-06,4,2023-10-01,0.0
22575,431-18,5309,DE-V1-119,2023-07-06,5,2023-11-01,0.0
22575,431-18,5309,DE-V1-119,2023-07-06,6,2023-12-01,0.0
22575,431-18,5309,DE-V1-119,2023-07-06,7,2024-01-01,12.0
22575,431-18,5309,DE-V1-119,2023-07-06,8,2024-02-01,0.0
22575,431-18,5309,DE-V1-119,2023-07-06,9,2024-03-01,0.0
22575,431-18,5309,DE-V1-119,2023-07-06,10,2024-04-01,8.0
22575,431-18,5309,DE-V1-119,2023-07-06,11,2024-05-01,13.5
22575,431-18,5309,DE-V1-119,2023-07-06,12,2024-06-01,0.0
22575,431-18,5309,DE-V1-119,2023-07-06,13,2024-07-01,0.0
22575,431-18,5309,DE-V1-119,2023-07-06,14,2024-08-01,0.0
22575,431-18,5309,DE-V1-119,2023-07-06,15,2024-09-01,0.0
22575,431-18,5309,DE-V1-119,2023-07-06,16,2024-10-01,0.0
22575,431-18,5309,DE-V1-119,2023-07-06,17,2024-11-01,0.0
22575,431-18,5309,DE-V1-119,2023-07-06,18,2024-12-01,0.0
22575,431-18,5309,DE-V1-119,2023-07-06,19,2025-01-01,0.0
22575,431-18,5309,DE-V1-119,2023-07-06,20,2025-02-01,0.0
22575,431-18,5309,DE-V1-119,2023-07-06,21,2025-03-01,0.0
22575,431-18,5309,DE-V1-119,2023-07-06,22,2025-04-01,0.0
22575,431-18,5309,DE-V1-119,2023-07-06,23,2025-05-01,0.0
22575,431-18,5309,DE-V1-119,2023-07-06,24,2025-06-01,0.0
22575,431-18,5309,DE-V1-119,2023-07-06,25,2025-07-01,0.0
22575,431-18,5309,DE-V1-119,2023-07-06,26,2025-08-01,0.0
22575,431-18,5309,DE-V1-119,2023-07-06,27,2025-09-01,0.0
22575,431-18,5309,DE-V1-119,2023-07-06,28,2025-10-01,13.0
22575,431-18,5309,DE-V1-119,2023-07-06,29,2025-11-01,0.0
22575,431-18,5309,DE-V1-119,2023-07-06,30,2025-12-01,0.0
22575,431-18,5309,DE-V1-119,2023-07-06,31,2026-01-01,0.0
22575,431-18,5309,DE-V1-119,2023-07-06,32,2026-02-01,0.0
22575,431-18,5309,DE-V1-119,2023-07-06,33,2026-03-01,0.0
22575,431-18,5309,DE-V1-119,2023-07-06,34,2026-04-01,0.0
22575,431-18,5309,DE-V1-119,2023-07-06,35,2026-05-01,0.0
22575,431-18,5309,DE-V1-119,2023-07-06,36,2026-06-01,0.0
22575,431-18,5309,DE-V1-119,2023-07-06,37,2026-07-01,0.0
22575,431-18,5309,DE-V1-119,2023-07-06,38,2026-08-01,0.0
22574,431-12,826,325-09,2023-07-08,1,2023-07-01,6.5
22574,431-12,826,325-09,2023-07-08,2,2023-08-01,0.0
22574,431-12,826,325-09,2023-07-08,3,2023-09-01,5.0
22574,431-12,826,325-09,2023-07-08,4,2023-10-01,0.0
22574,431-12,826,325-09,2023-07-08,5,2023-11-01,0.0
22574,431-12,826,325-09,2023-07-08,6,2023-12-01,14.0
22574,431-12,826,325-09,2023-07-08,7,2024-01-01,0.6
22574,431-12,826,325-09,2023-07-08,8,2024-02-01,0.0
22574,431-12,826,325-09,2023-07-08,9,2024-03-01,0.0
22574,431-12,826,325-09,2023-07-08,10,2024-04-01,0.0
22574,431-12,826,325-09,2023-07-08,11,2024-05-01,0.0
22574,431-12,826,325-09,2023-07-08,12,2024-06-01,0.0
22574,431-12,826,325-09,2023-07-08,13,2024-07-01,0.0
22574,431-12,826,325-09,2023-07-08,14,2024-08-01,0.0
22574,431-12,826,325-09,2023-07-08,15,2024-09-01,0.0
22574,431-12,826,325-09,2023-07-08,16,2024-10-01,0.0
22574,431-12,826,325-09,2023-07-08,17,2024-11-01,0.0
22574,431-12,826,325-09,2023-07-08,18,2024-12-01,0.0
22574,431-12,826,325-09,2023-07-08,19,2025-01-01,0.0
22574,431-12,826,325-09,2023-07-08,20,2025-02-01,0.0
22574,431-12,826,325-09,2023-07-08,21,2025-03-01,52.0
22574,431-12,826,325-09,2023-07-08,22,2025-04-01,0.0
22574,431-12,826,325-09,2023-07-08,23,2025-05-01,0.0
22574,431-12,826,325-09,2023-07-08,24,2025-06-01,0.0
22574,431-12,826,325-09,2023-07-08,25,2025-07-01,0.0
22574,431-12,826,325-09,2023-07-08,26,2025-08-01,0.0
22574,431-12,826,325-09,2023-07-08,27,2025-09-01,0.0
22574,431-12,826,325-09,2023-07-08,28,2025-10-01,0.0
22574,431-12,826,325-09,2023-07-08,29,2025-11-01,0.0
22574,431-12,826,325-09,2023-07-08,30,2025-12-01,0.0
22574,431-12,826,325-09,2023-07-08,31,2026-01-01,0.0
22574,431-12,826,325-09,2023-07-08,32,2026-02-01,0.0
22574,431-12,826,325-09,2023-07-08,33,2026-03-01,0.0
22574,431-12,826,325-09,2023-07-08,34,2026-04-01,0.0
22574,431-12,826,325-09,2023-07-08,35,2026-05-01,0.0
22574,431-12,826,325-09,2023-07-08,36,2026-06-01,0.0
22574,431-12,826,325-09,2023-07-08,37,2026-07-01,1.5
22574,431-12,826,325-09,2023-07-08,38,2026-08-01,50.0
22572,431-10,821,325-04,2023-07-08,1,2023-07-01,4.5
22572,431-10,821,325-04,2023-07-08,2,2023-08-01,0.0
22572,431-10,821,325-04,2023-07-08,3,2023-09-01,192.0
22572,431-10,821,325-04,2023-07-08,4,2023-10-01,4.0
22572,431-10,821,325-04,2023-07-08,5,2023-11-01,20.0
22572,431-10,821,325-04,2023-07-08,6,2023-12-01,0.0
22572,431-10,821,325-04,2023-07-08,7,2024-01-01,0.0
22572,431-10,821,325-04,2023-07-08,8,2024-02-01,12.0
22572,431-10,821,325-04,2023-07-08,9,2024-03-01,70.0
22572,431-10,821,325-04,2023-07-08,10,2024-04-01,0.0
22572,431-10,821,325-04,2023-07-08,11,2024-05-01,9.0
22572,431-10,821,325-04,2023-07-08,12,2024-06-01,0.0
22572,431-10,821,325-04,2023-07-08,13,2024-07-01,0.0
22572,431-10,821,325-04,2023-07-08,14,2024-08-01,15.0
22572,431-10,821,325-04,2023-07-08,15,2024-09-01,0.0
22572,431-10,821,325-04,2023-07-08,16,2024-10-01,9.5
22572,431-10,821,325-04,2023-07-08,17,2024-11-01,0.0
22572,431-10,821,325-04,2023-07-08,18,2024-12-01,32.0
22572,431-10,821,325-04,2023-07-08,19,2025-01-01,0.0
22572,431-10,821,325-04,2023-07-08,20,2025-02-01,0.0
22572,431-10,821,325-04,2023-07-08,21,2025-03-01,29.0
22572,431-10,821,325-04,2023-07-08,22,2025-04-01,0.0
22572,431-10,821,325-04,2023-07-08,23,2025-05-01,0.0
22572,431-10,821,325-04,2023-07-08,24,2025-06-01,0.0
22572,431-10,821,325-04,2023-07-08,25,2025-07-01,0.0
22572,431-10,821,325-04,2023-07-08,26,2025-08-01,34.0
22572,431-10,821,325-04,2023-07-08,27,2025-09-01,0.0
22572,431-10,821,325-04,2023-07-08,28,2025-10-01,0.0
22572,431-10,821,325-04,2023-07-08,29,2025-11-01,0.0
22572,431-10,821,325-04,2023-07-08,30,2025-12-01,0.0
22572,431-10,821,325-04,2023-07-08,31,2026-01-01,0.0
22572,431-10,821,325-04,2023-07-08,32,2026-02-01,0.0
22572,431-10,821,325-04,2023-07-08,33,2026-03-01,0.0
22572,431-10,821,325-04,2023-07-08,34,2026-04-01,0.0
22572,431-10,821,325-04,2023-07-08,35,2026-05-01,15.0
22572,431-10,821,325-04,2023-07-08,36,2026-06-01,3.5
22572,431-10,821,325-04,2023-07-08,37,2026-07-01,0.0
22572,431-10,821,325-04,2023-07-08,38,2026-08-01,0.0
22571,431-03,819,325-02,2023-06-07,1,2023-06-01,55.1
22571,431-03,819,325-02,2023-06-07,2,2023-07-01,48.5
22571,431-03,819,325-02,2023-06-07,3,2023-08-01,82.5
22571,431-03,819,325-02,2023-06-07,4,2023-09-01,33.0
22571,431-03,819,325-02,2023-06-07,5,2023-10-01,81.0
22571,431-03,819,325-02,2023-06-07,6,2023-11-01,14.0
22571,431-03,819,325-02,2023-06-07,7,2023-12-01,66.0
22571,431-03,819,325-02,2023-06-07,8,2024-01-01,35.0
22571,431-03,819,325-02,2023-06-07,9,2024-02-01,33.5
22571,431-03,819,325-02,2023-06-07,10,2024-03-01,158.0
22571,431-03,819,325-02,2023-06-07,11,2024-04-01,42.0
22571,431-03,819,325-02,2023-06-07,12,2024-05-01,68.0
22571,431-03,819,325-02,2023-06-07,13,2024-06-01,24.5
22571,431-03,819,325-02,2023-06-07,14,2024-07-01,46.0
22571,431-03,819,325-02,2023-06-07,15,2024-08-01,41.0
22571,431-03,819,325-02,2023-06-07,16,2024-09-01,41.5
22571,431-03,819,325-02,2023-06-07,17,2024-10-01,323.0
22571,431-03,819,325-02,2023-06-07,18,2024-11-01,136.5
22571,431-03,819,325-02,2023-06-07,19,2024-12-01,28.0
22571,431-03,819,325-02,2023-06-07,20,2025-01-01,13.0
22571,431-03,819,325-02,2023-06-07,21,2025-02-01,9.0
22571,431-03,819,325-02,2023-06-07,22,2025-03-01,33.0
22571,431-03,819,325-02,2023-06-07,23,2025-04-01,66.5
22571,431-03,819,325-02,2023-06-07,24,2025-05-01,121.5
22571,431-03,819,325-02,2023-06-07,25,2025-06-01,0.0
22571,431-03,819,325-02,2023-06-07,26,2025-07-01,70.0
22571,431-03,819,325-02,2023-06-07,27,2025-08-01,0.0
22571,431-03,819,325-02,2023-06-07,28,2025-09-01,77.5
22571,431-03,819,325-02,2023-06-07,29,2025-10-01,133.0
22571,431-03,819,325-02,2023-06-07,30,2025-11-01,165.0
22571,431-03,819,325-02,2023-06-07,31,2025-12-01,24.0
22571,431-03,819,325-02,2023-06-07,32,2026-01-01,44.0
22571,431-03,819,325-02,2023-06-07,33,2026-02-01,53.0
22571,431-03,819,325-02,2023-06-07,34,2026-03-01,8.0
22571,431-03,819,325-02,2023-06-07,35,2026-04-01,26.0
22571,431-03,819,325-02,2023-06-07,36,2026-05-01,6.0
22571,431-03,819,325-02,2023-06-07,37,2026-06-01,0.0
22571,431-03,819,325-02,2023-06-07,38,2026-07-01,0.0
22571,431-03,819,325-02,2023-06-07,39,2026-08-01,10.0
22571,431-03,5417,DE-V1-11,2023-06-05,1,2023-06-01,109.5
22571,431-03,5417,DE-V1-11,2023-06-05,2,2023-07-01,8.5
22571,431-03,5417,DE-V1-11,2023-06-05,3,2023-08-01,3.0
22571,431-03,5417,DE-V1-11,2023-06-05,4,2023-09-01,1.0
22571,431-03,5417,DE-V1-11,2023-06-05,5,2023-10-01,13.5
22571,431-03,5417,DE-V1-11,2023-06-05,6,2023-11-01,14.5
22571,431-03,5417,DE-V1-11,2023-06-05,7,2023-12-01,0.0
22571,431-03,5417,DE-V1-11,2023-06-05,8,2024-01-01,0.0
22571,431-03,5417,DE-V1-11,2023-06-05,9,2024-02-01,0.0
22571,431-03,5417,DE-V1-11,2023-06-05,10,2024-03-01,15.0
22571,431-03,5417,DE-V1-11,2023-06-05,11,2024-04-01,58.0
22571,431-03,5417,DE-V1-11,2023-06-05,12,2024-05-01,0.0
22571,431-03,5417,DE-V1-11,2023-06-05,13,2024-06-01,0.0
22571,431-03,5417,DE-V1-11,2023-06-05,14,2024-07-01,1.5
22571,431-03,5417,DE-V1-11,2023-06-05,15,2024-08-01,22.0
22571,431-03,5417,DE-V1-11,2023-06-05,16,2024-09-01,39.5
22571,431-03,5417,DE-V1-11,2023-06-05,17,2024-10-01,20.0
22571,431-03,5417,DE-V1-11,2023-06-05,18,2024-11-01,0.0
22571,431-03,5417,DE-V1-11,2023-06-05,19,2024-12-01,0.0
22571,431-03,5417,DE-V1-11,2023-06-05,20,2025-01-01,0.0
22571,431-03,5417,DE-V1-11,2023-06-05,21,2025-02-01,50.0
22571,431-03,5417,DE-V1-11,2023-06-05,22,2025-03-01,0.0
22571,431-03,5417,DE-V1-11,2023-06-05,23,2025-04-01,0.0
22571,431-03,5417,DE-V1-11,2023-06-05,24,2025-05-01,0.0
22571,431-03,5417,DE-V1-11,2023-06-05,25,2025-06-01,0.0
22571,431-03,5417,DE-V1-11,2023-06-05,26,2025-07-01,0.0
22571,431-03,5417,DE-V1-11,2023-06-05,27,2025-08-01,0.0
22571,431-03,5417,DE-V1-11,2023-06-05,28,2025-09-01,0.0
22571,431-03,5417,DE-V1-11,2023-06-05,29,2025-10-01,0.0
22571,431-03,5417,DE-V1-11,2023-06-05,30,2025-11-01,0.0
22571,431-03,5417,DE-V1-11,2023-06-05,31,2025-12-01,0.0
22571,431-03,5417,DE-V1-11,2023-06-05,32,2026-01-01,0.0
22571,431-03,5417,DE-V1-11,2023-06-05,33,2026-02-01,0.0
22571,431-03,5417,DE-V1-11,2023-06-05,34,2026-03-01,0.0
22571,431-03,5417,DE-V1-11,2023-06-05,35,2026-04-01,0.0
22571,431-03,5417,DE-V1-11,2023-06-05,36,2026-05-01,0.0
22571,431-03,5417,DE-V1-11,2023-06-05,37,2026-06-01,0.0
22571,431-03,5417,DE-V1-11,2023-06-05,38,2026-07-01,0.0
22571,431-03,5417,DE-V1-11,2023-06-05,39,2026-08-01,0.0
22571,431-03,9438,Naples-05,2024-01-10,1,2024-01-01,7.0
22571,431-03,9438,Naples-05,2024-01-10,2,2024-02-01,0.0
22571,431-03,9438,Naples-05,2024-01-10,3,2024-03-01,0.0
22571,431-03,9438,Naples-05,2024-01-10,4,2024-04-01,0.0
22571,431-03,9438,Naples-05,2024-01-10,5,2024-05-01,13.0
22571,431-03,9438,Naples-05,2024-01-10,6,2024-06-01,10.0
22571,431-03,9438,Naples-05,2024-01-10,7,2024-07-01,4.0
22571,431-03,9438,Naples-05,2024-01-10,8,2024-08-01,0.0
22571,431-03,9438,Naples-05,2024-01-10,9,2024-09-01,0.0
22571,431-03,9438,Naples-05,2024-01-10,10,2024-10-01,4.0
22571,431-03,9438,Naples-05,2024-01-10,11,2024-11-01,0.0
22571,431-03,9438,Naples-05,2024-01-10,12,2024-12-01,35.0
22571,431-03,9438,Naples-05,2024-01-10,13,2025-01-01,12.0
22571,431-03,9438,Naples-05,2024-01-10,14,2025-02-01,0.0
22571,431-03,9438,Naples-05,2024-01-10,15,2025-03-01,0.0
22571,431-03,9438,Naples-05,2024-01-10,16,2025-04-01,2.0
22571,431-03,9438,Naples-05,2024-01-10,17,2025-05-01,40.0
22571,431-03,9438,Naples-05,2024-01-10,18,2025-06-01,0.0
22571,431-03,9438,Naples-05,2024-01-10,19,2025-07-01,36.0
22571,431-03,9438,Naples-05,2024-01-10,20,2025-08-01,0.0
22571,431-03,9438,Naples-05,2024-01-10,21,2025-09-01,0.0
22571,431-03,9438,Naples-05,2024-01-10,22,2025-10-01,0.0
22571,431-03,9438,Naples-05,2024-01-10,23,2025-11-01,0.0
22571,431-03,9438,Naples-05,2024-01-10,24,2025-12-01,0.0
22571,431-03,9438,Naples-05,2024-01-10,25,2026-01-01,0.0
22571,431-03,9438,Naples-05,2024-01-10,26,2026-02-01,0.0
22571,431-03,9438,Naples-05,2024-01-10,27,2026-03-01,0.0
22571,431-03,9438,Naples-05,2024-01-10,28,2026-04-01,0.0
22571,431-03,9438,Naples-05,2024-01-10,29,2026-05-01,15.0
22571,431-03,9438,Naples-05,2024-01-10,30,2026-06-01,0.0
22571,431-03,9438,Naples-05,2024-01-10,31,2026-07-01,0.0
22571,431-03,9438,Naples-05,2024-01-10,32,2026-08-01,0.0
22570,431-02,820,325-03,2023-06-03,1,2023-06-01,82.5
22570,431-02,820,325-03,2023-06-03,2,2023-07-01,2.0
22570,431-02,820,325-03,2023-06-03,3,2023-08-01,62.0
22570,431-02,820,325-03,2023-06-03,4,2023-09-01,42.0
22570,431-02,820,325-03,2023-06-03,5,2023-10-01,117.0
22570,431-02,820,325-03,2023-06-03,6,2023-11-01,57.0
22570,431-02,820,325-03,2023-06-03,7,2023-12-01,82.5
22570,431-02,820,325-03,2023-06-03,8,2024-01-01,39.0
22570,431-02,820,325-03,2023-06-03,9,2024-02-01,30.5
22570,431-02,820,325-03,2023-06-03,10,2024-03-01,8.5
22570,431-02,820,325-03,2023-06-03,11,2024-04-01,50.5
22570,431-02,820,325-03,2023-06-03,12,2024-05-01,94.0
22570,431-02,820,325-03,2023-06-03,13,2024-06-01,34.0
22570,431-02,820,325-03,2023-06-03,14,2024-07-01,19.0
22570,431-02,820,325-03,2023-06-03,15,2024-08-01,42.0
22570,431-02,820,325-03,2023-06-03,16,2024-09-01,2.0
22570,431-02,820,325-03,2023-06-03,17,2024-10-01,57.5
22570,431-02,820,325-03,2023-06-03,18,2024-11-01,46.0
22570,431-02,820,325-03,2023-06-03,19,2024-12-01,15.5
22570,431-02,820,325-03,2023-06-03,20,2025-01-01,33.5
22570,431-02,820,325-03,2023-06-03,21,2025-02-01,190.0
22570,431-02,820,325-03,2023-06-03,22,2025-03-01,41.0
22570,431-02,820,325-03,2023-06-03,23,2025-04-01,165.5
22570,431-02,820,325-03,2023-06-03,24,2025-05-01,76.0
22570,431-02,820,325-03,2023-06-03,25,2025-06-01,26.0
22570,431-02,820,325-03,2023-06-03,26,2025-07-01,15.0
22570,431-02,820,325-03,2023-06-03,27,2025-08-01,2.5
22570,431-02,820,325-03,2023-06-03,28,2025-09-01,1.0
22570,431-02,820,325-03,2023-06-03,29,2025-10-01,551.0
22570,431-02,820,325-03,2023-06-03,30,2025-11-01,3.0
22570,431-02,820,325-03,2023-06-03,31,2025-12-01,0.0
22570,431-02,820,325-03,2023-06-03,32,2026-01-01,0.0
22570,431-02,820,325-03,2023-06-03,33,2026-02-01,99.0
22570,431-02,820,325-03,2023-06-03,34,2026-03-01,0.5
22570,431-02,820,325-03,2023-06-03,35,2026-04-01,0.0
22570,431-02,820,325-03,2023-06-03,36,2026-05-01,9.5
22570,431-02,820,325-03,2023-06-03,37,2026-06-01,2.0
22570,431-02,820,325-03,2023-06-03,38,2026-07-01,0.0
22570,431-02,820,325-03,2023-06-03,39,2026-08-01,0.0
22570,431-02,5268,DE-V1-160,2023-06-03,1,2023-06-01,19.0
22570,431-02,5268,DE-V1-160,2023-06-03,2,2023-07-01,5.0
22570,431-02,5268,DE-V1-160,2023-06-03,3,2023-08-01,2.0
22570,431-02,5268,DE-V1-160,2023-06-03,4,2023-09-01,1.0
22570,431-02,5268,DE-V1-160,2023-06-03,5,2023-10-01,52.0
22570,431-02,5268,DE-V1-160,2023-06-03,6,2023-11-01,17.0
22570,431-02,5268,DE-V1-160,2023-06-03,7,2023-12-01,0.0
22570,431-02,5268,DE-V1-160,2023-06-03,8,2024-01-01,0.0
22570,431-02,5268,DE-V1-160,2023-06-03,9,2024-02-01,0.0
22570,431-02,5268,DE-V1-160,2023-06-03,10,2024-03-01,0.0
22570,431-02,5268,DE-V1-160,2023-06-03,11,2024-04-01,40.0
22570,431-02,5268,DE-V1-160,2023-06-03,12,2024-05-01,0.0
22570,431-02,5268,DE-V1-160,2023-06-03,13,2024-06-01,0.0
22570,431-02,5268,DE-V1-160,2023-06-03,14,2024-07-01,25.5
22570,431-02,5268,DE-V1-160,2023-06-03,15,2024-08-01,15.0
22570,431-02,5268,DE-V1-160,2023-06-03,16,2024-09-01,57.0
22570,431-02,5268,DE-V1-160,2023-06-03,17,2024-10-01,0.0
22570,431-02,5268,DE-V1-160,2023-06-03,18,2024-11-01,0.0
22570,431-02,5268,DE-V1-160,2023-06-03,19,2024-12-01,0.0
22570,431-02,5268,DE-V1-160,2023-06-03,20,2025-01-01,0.0
22570,431-02,5268,DE-V1-160,2023-06-03,21,2025-02-01,0.0
22570,431-02,5268,DE-V1-160,2023-06-03,22,2025-03-01,2.0
22570,431-02,5268,DE-V1-160,2023-06-03,23,2025-04-01,0.0
22570,431-02,5268,DE-V1-160,2023-06-03,24,2025-05-01,0.0
22570,431-02,5268,DE-V1-160,2023-06-03,25,2025-06-01,0.0
22570,431-02,5268,DE-V1-160,2023-06-03,26,2025-07-01,0.0
22570,431-02,5268,DE-V1-160,2023-06-03,27,2025-08-01,0.0
22570,431-02,5268,DE-V1-160,2023-06-03,28,2025-09-01,0.0
22570,431-02,5268,DE-V1-160,2023-06-03,29,2025-10-01,0.0
22570,431-02,5268,DE-V1-160,2023-06-03,30,2025-11-01,0.0
22570,431-02,5268,DE-V1-160,2023-06-03,31,2025-12-01,0.0
22570,431-02,5268,DE-V1-160,2023-06-03,32,2026-01-01,0.0
22570,431-02,5268,DE-V1-160,2023-06-03,33,2026-02-01,9.0
22570,431-02,5268,DE-V1-160,2023-06-03,34,2026-03-01,0.0
22570,431-02,5268,DE-V1-160,2023-06-03,35,2026-04-01,0.0
22570,431-02,5268,DE-V1-160,2023-06-03,36,2026-05-01,0.0
22570,431-02,5268,DE-V1-160,2023-06-03,37,2026-06-01,0.0
22570,431-02,5268,DE-V1-160,2023-06-03,38,2026-07-01,0.0
22570,431-02,5268,DE-V1-160,2023-06-03,39,2026-08-01,0.0
22569,431-01,834,325-17,2023-06-13,1,2023-06-01,37.0
22569,431-01,834,325-17,2023-06-13,2,2023-07-01,14.0
22569,431-01,834,325-17,2023-06-13,3,2023-08-01,1.0
22569,431-01,834,325-17,2023-06-13,4,2023-09-01,0.0
22569,431-01,834,325-17,2023-06-13,5,2023-10-01,38.5
22569,431-01,834,325-17,2023-06-13,6,2023-11-01,86.0
22569,431-01,834,325-17,2023-06-13,7,2023-12-01,281.0
22569,431-01,834,325-17,2023-06-13,8,2024-01-01,15.0
22569,431-01,834,325-17,2023-06-13,9,2024-02-01,0.0
22569,431-01,834,325-17,2023-06-13,10,2024-03-01,119.5
22569,431-01,834,325-17,2023-06-13,11,2024-04-01,22.0
22569,431-01,834,325-17,2023-06-13,12,2024-05-01,30.5
22569,431-01,834,325-17,2023-06-13,13,2024-06-01,31.0
22569,431-01,834,325-17,2023-06-13,14,2024-07-01,32.5
22569,431-01,834,325-17,2023-06-13,15,2024-08-01,64.0
22569,431-01,834,325-17,2023-06-13,16,2024-09-01,3.0
22569,431-01,834,325-17,2023-06-13,17,2024-10-01,33.0
22569,431-01,834,325-17,2023-06-13,18,2024-11-01,70.0
22569,431-01,834,325-17,2023-06-13,19,2024-12-01,20.0
22569,431-01,834,325-17,2023-06-13,20,2025-01-01,0.0
22569,431-01,834,325-17,2023-06-13,21,2025-02-01,68.0
22569,431-01,834,325-17,2023-06-13,22,2025-03-01,19.5
22569,431-01,834,325-17,2023-06-13,23,2025-04-01,22.0
22569,431-01,834,325-17,2023-06-13,24,2025-05-01,0.0
22569,431-01,834,325-17,2023-06-13,25,2025-06-01,22.0
22569,431-01,834,325-17,2023-06-13,26,2025-07-01,0.0
22569,431-01,834,325-17,2023-06-13,27,2025-08-01,17.0
22569,431-01,834,325-17,2023-06-13,28,2025-09-01,3.0
22569,431-01,834,325-17,2023-06-13,29,2025-10-01,49.0
22569,431-01,834,325-17,2023-06-13,30,2025-11-01,2.0
22569,431-01,834,325-17,2023-06-13,31,2025-12-01,2.0
22569,431-01,834,325-17,2023-06-13,32,2026-01-01,0.0
22569,431-01,834,325-17,2023-06-13,33,2026-02-01,0.0
22569,431-01,834,325-17,2023-06-13,34,2026-03-01,0.0
22569,431-01,834,325-17,2023-06-13,35,2026-04-01,0.0
22569,431-01,834,325-17,2023-06-13,36,2026-05-01,0.0
22569,431-01,834,325-17,2023-06-13,37,2026-06-01,0.0
22569,431-01,834,325-17,2023-06-13,38,2026-07-01,0.0
22569,431-01,834,325-17,2023-06-13,39,2026-08-01,0.0
22568,360-30,2949,803-24,2023-10-10,1,2023-10-01,14.0
22568,360-30,2949,803-24,2023-10-10,2,2023-11-01,0.0
22568,360-30,2949,803-24,2023-10-10,3,2023-12-01,33.0
22568,360-30,2949,803-24,2023-10-10,4,2024-01-01,8.0
22568,360-30,2949,803-24,2023-10-10,5,2024-02-01,7.5
22568,360-30,2949,803-24,2023-10-10,6,2024-03-01,1.5
22568,360-30,2949,803-24,2023-10-10,7,2024-04-01,0.0
22568,360-30,2949,803-24,2023-10-10,8,2024-05-01,0.0
22568,360-30,2949,803-24,2023-10-10,9,2024-06-01,0.0
22568,360-30,2949,803-24,2023-10-10,10,2024-07-01,0.0
22568,360-30,2949,803-24,2023-10-10,11,2024-08-01,0.0
22568,360-30,2949,803-24,2023-10-10,12,2024-09-01,1.0
22568,360-30,2949,803-24,2023-10-10,13,2024-10-01,0.0
22568,360-30,2949,803-24,2023-10-10,14,2024-11-01,3.0
22568,360-30,2949,803-24,2023-10-10,15,2024-12-01,0.0
22568,360-30,2949,803-24,2023-10-10,16,2025-01-01,15.0
22568,360-30,2949,803-24,2023-10-10,17,2025-02-01,0.0
22568,360-30,2949,803-24,2023-10-10,18,2025-03-01,0.0
22568,360-30,2949,803-24,2023-10-10,19,2025-04-01,0.0
22568,360-30,2949,803-24,2023-10-10,20,2025-05-01,12.0
22568,360-30,2949,803-24,2023-10-10,21,2025-06-01,0.0
22568,360-30,2949,803-24,2023-10-10,22,2025-07-01,0.0
22568,360-30,2949,803-24,2023-10-10,23,2025-08-01,0.0
22568,360-30,2949,803-24,2023-10-10,24,2025-09-01,0.0
22568,360-30,2949,803-24,2023-10-10,25,2025-10-01,0.0
22568,360-30,2949,803-24,2023-10-10,26,2025-11-01,0.0
22568,360-30,2949,803-24,2023-10-10,27,2025-12-01,0.0
22568,360-30,2949,803-24,2023-10-10,28,2026-01-01,8.0
22568,360-30,2949,803-24,2023-10-10,29,2026-02-01,0.0
22568,360-30,2949,803-24,2023-10-10,30,2026-03-01,0.0
22568,360-30,2949,803-24,2023-10-10,31,2026-04-01,0.0
22568,360-30,2949,803-24,2023-10-10,32,2026-05-01,0.0
22568,360-30,2949,803-24,2023-10-10,33,2026-06-01,0.0
22568,360-30,2949,803-24,2023-10-10,34,2026-07-01,0.0
22568,360-30,2949,803-24,2023-10-10,35,2026-08-01,0.0
22568,360-30,5413,DE-V1-15,2023-06-09,1,2023-06-01,20.0
22568,360-30,5413,DE-V1-15,2023-06-09,2,2023-07-01,0.0
22568,360-30,5413,DE-V1-15,2023-06-09,3,2023-08-01,0.0
22568,360-30,5413,DE-V1-15,2023-06-09,4,2023-09-01,0.0
22568,360-30,5413,DE-V1-15,2023-06-09,5,2023-10-01,8.0
22568,360-30,5413,DE-V1-15,2023-06-09,6,2023-11-01,2.5
22568,360-30,5413,DE-V1-15,2023-06-09,7,2023-12-01,0.0
22568,360-30,5413,DE-V1-15,2023-06-09,8,2024-01-01,0.0
22568,360-30,5413,DE-V1-15,2023-06-09,9,2024-02-01,0.0
22568,360-30,5413,DE-V1-15,2023-06-09,10,2024-03-01,0.0
22568,360-30,5413,DE-V1-15,2023-06-09,11,2024-04-01,14.0
22568,360-30,5413,DE-V1-15,2023-06-09,12,2024-05-01,0.0
22568,360-30,5413,DE-V1-15,2023-06-09,13,2024-06-01,0.0
22568,360-30,5413,DE-V1-15,2023-06-09,14,2024-07-01,0.0
22568,360-30,5413,DE-V1-15,2023-06-09,15,2024-08-01,0.0
22568,360-30,5413,DE-V1-15,2023-06-09,16,2024-09-01,0.0
22568,360-30,5413,DE-V1-15,2023-06-09,17,2024-10-01,0.0
22568,360-30,5413,DE-V1-15,2023-06-09,18,2024-11-01,0.0
22568,360-30,5413,DE-V1-15,2023-06-09,19,2024-12-01,0.0
22568,360-30,5413,DE-V1-15,2023-06-09,20,2025-01-01,0.0
22568,360-30,5413,DE-V1-15,2023-06-09,21,2025-02-01,0.0
22568,360-30,5413,DE-V1-15,2023-06-09,22,2025-03-01,4.0
22568,360-30,5413,DE-V1-15,2023-06-09,23,2025-04-01,0.0
22568,360-30,5413,DE-V1-15,2023-06-09,24,2025-05-01,0.0
22568,360-30,5413,DE-V1-15,2023-06-09,25,2025-06-01,6.0
22568,360-30,5413,DE-V1-15,2023-06-09,26,2025-07-01,0.0
22568,360-30,5413,DE-V1-15,2023-06-09,27,2025-08-01,0.0
22568,360-30,5413,DE-V1-15,2023-06-09,28,2025-09-01,1.0
22568,360-30,5413,DE-V1-15,2023-06-09,29,2025-10-01,0.0
22568,360-30,5413,DE-V1-15,2023-06-09,30,2025-11-01,0.0
22568,360-30,5413,DE-V1-15,2023-06-09,31,2025-12-01,0.0
22568,360-30,5413,DE-V1-15,2023-06-09,32,2026-01-01,0.0
22568,360-30,5413,DE-V1-15,2023-06-09,33,2026-02-01,0.0
22568,360-30,5413,DE-V1-15,2023-06-09,34,2026-03-01,0.0
22568,360-30,5413,DE-V1-15,2023-06-09,35,2026-04-01,0.0
22568,360-30,5413,DE-V1-15,2023-06-09,36,2026-05-01,0.0
22568,360-30,5413,DE-V1-15,2023-06-09,37,2026-06-01,0.0
22568,360-30,5413,DE-V1-15,2023-06-09,38,2026-07-01,0.0
22568,360-30,5413,DE-V1-15,2023-06-09,39,2026-08-01,0.0
22563,423-44,14186,408-29,2024-08-20,1,2024-08-01,3.0
22563,423-44,14186,408-29,2024-08-20,2,2024-09-01,0.0
22563,423-44,14186,408-29,2024-08-20,3,2024-10-01,0.0
22563,423-44,14186,408-29,2024-08-20,4,2024-11-01,13.5
22563,423-44,14186,408-29,2024-08-20,5,2024-12-01,0.0
22563,423-44,14186,408-29,2024-08-20,6,2025-01-01,0.0
22563,423-44,14186,408-29,2024-08-20,7,2025-02-01,13.0
22563,423-44,14186,408-29,2024-08-20,8,2025-03-01,0.0
22563,423-44,14186,408-29,2024-08-20,9,2025-04-01,0.0
22563,423-44,14186,408-29,2024-08-20,10,2025-05-01,14.0
22563,423-44,14186,408-29,2024-08-20,11,2025-06-01,0.0
22563,423-44,14186,408-29,2024-08-20,12,2025-07-01,1.0
22563,423-44,14186,408-29,2024-08-20,13,2025-08-01,0.0
22563,423-44,14186,408-29,2024-08-20,14,2025-09-01,0.0
22563,423-44,14186,408-29,2024-08-20,15,2025-10-01,0.0
22563,423-44,14186,408-29,2024-08-20,16,2025-11-01,0.0
22563,423-44,14186,408-29,2024-08-20,17,2025-12-01,14.0
22563,423-44,14186,408-29,2024-08-20,18,2026-01-01,0.0
22563,423-44,14186,408-29,2024-08-20,19,2026-02-01,5.5
22563,423-44,14186,408-29,2024-08-20,20,2026-03-01,14.0
22563,423-44,14186,408-29,2024-08-20,21,2026-04-01,0.0
22563,423-44,14186,408-29,2024-08-20,22,2026-05-01,0.0
22563,423-44,14186,408-29,2024-08-20,23,2026-06-01,0.0
22563,423-44,14186,408-29,2024-08-20,24,2026-07-01,0.0
22563,423-44,14186,408-29,2024-08-20,25,2026-08-01,0.0
22557,423-12,14287,409-10,2024-10-14,1,2024-10-01,1.0
22557,423-12,14287,409-10,2024-10-14,2,2024-11-01,0.0
22557,423-12,14287,409-10,2024-10-14,3,2024-12-01,9.0
22557,423-12,14287,409-10,2024-10-14,4,2025-01-01,4.0
22557,423-12,14287,409-10,2024-10-14,5,2025-02-01,4.0
22557,423-12,14287,409-10,2024-10-14,6,2025-03-01,0.0
22557,423-12,14287,409-10,2024-10-14,7,2025-04-01,0.0
22557,423-12,14287,409-10,2024-10-14,8,2025-05-01,0.0
22557,423-12,14287,409-10,2024-10-14,9,2025-06-01,0.0
22557,423-12,14287,409-10,2024-10-14,10,2025-07-01,0.0
22557,423-12,14287,409-10,2024-10-14,11,2025-08-01,0.0
22557,423-12,14287,409-10,2024-10-14,12,2025-09-01,0.0
22557,423-12,14287,409-10,2024-10-14,13,2025-10-01,0.0
22557,423-12,14287,409-10,2024-10-14,14,2025-11-01,0.0
22557,423-12,14287,409-10,2024-10-14,15,2025-12-01,0.0
22557,423-12,14287,409-10,2024-10-14,16,2026-01-01,2.0
22557,423-12,14287,409-10,2024-10-14,17,2026-02-01,2.0
22557,423-12,14287,409-10,2024-10-14,18,2026-03-01,0.0
22557,423-12,14287,409-10,2024-10-14,19,2026-04-01,1.5
22557,423-12,14287,409-10,2024-10-14,20,2026-05-01,1.0
22557,423-12,14287,409-10,2024-10-14,21,2026-06-01,0.0
22557,423-12,14287,409-10,2024-10-14,22,2026-07-01,0.0
22557,423-12,14287,409-10,2024-10-14,23,2026-08-01,0.0
22556,423-11,14291,409-14,2024-11-25,1,2024-11-01,28.0
22556,423-11,14291,409-14,2024-11-25,2,2024-12-01,0.0
22556,423-11,14291,409-14,2024-11-25,3,2025-01-01,2.0
22556,423-11,14291,409-14,2024-11-25,4,2025-02-01,0.0
22556,423-11,14291,409-14,2024-11-25,5,2025-03-01,0.0
22556,423-11,14291,409-14,2024-11-25,6,2025-04-01,0.0
22556,423-11,14291,409-14,2024-11-25,7,2025-05-01,0.0
22556,423-11,14291,409-14,2024-11-25,8,2025-06-01,0.0
22556,423-11,14291,409-14,2024-11-25,9,2025-07-01,0.0
22556,423-11,14291,409-14,2024-11-25,10,2025-08-01,0.0
22556,423-11,14291,409-14,2024-11-25,11,2025-09-01,0.0
22556,423-11,14291,409-14,2024-11-25,12,2025-10-01,35.0
22556,423-11,14291,409-14,2024-11-25,13,2025-11-01,0.0
22556,423-11,14291,409-14,2024-11-25,14,2025-12-01,0.0
22556,423-11,14291,409-14,2024-11-25,15,2026-01-01,0.0
22556,423-11,14291,409-14,2024-11-25,16,2026-02-01,0.0
22556,423-11,14291,409-14,2024-11-25,17,2026-03-01,0.5
22556,423-11,14291,409-14,2024-11-25,18,2026-04-01,4.0
22556,423-11,14291,409-14,2024-11-25,19,2026-05-01,3.0
22556,423-11,14291,409-14,2024-11-25,20,2026-06-01,0.0
22556,423-11,14291,409-14,2024-11-25,21,2026-07-01,0.0
22556,423-11,14291,409-14,2024-11-25,22,2026-08-01,0.0
22530,423-02,14200,408-43,2024-07-31,1,2024-07-01,6.5
22530,423-02,14200,408-43,2024-07-31,2,2024-08-01,0.0
22530,423-02,14200,408-43,2024-07-31,3,2024-09-01,4.0
22530,423-02,14200,408-43,2024-07-31,4,2024-10-01,4.0
22530,423-02,14200,408-43,2024-07-31,5,2024-11-01,14.0
22530,423-02,14200,408-43,2024-07-31,6,2024-12-01,5.5
22530,423-02,14200,408-43,2024-07-31,7,2025-01-01,0.0
22530,423-02,14200,408-43,2024-07-31,8,2025-02-01,0.0
22530,423-02,14200,408-43,2024-07-31,9,2025-03-01,0.0
22530,423-02,14200,408-43,2024-07-31,10,2025-04-01,0.0
22530,423-02,14200,408-43,2024-07-31,11,2025-05-01,7.0
22530,423-02,14200,408-43,2024-07-31,12,2025-06-01,3.0
22530,423-02,14200,408-43,2024-07-31,13,2025-07-01,14.5
22530,423-02,14200,408-43,2024-07-31,14,2025-08-01,0.0
22530,423-02,14200,408-43,2024-07-31,15,2025-09-01,7.5
22530,423-02,14200,408-43,2024-07-31,16,2025-10-01,0.0
22530,423-02,14200,408-43,2024-07-31,17,2025-11-01,0.0
22530,423-02,14200,408-43,2024-07-31,18,2025-12-01,0.0
22530,423-02,14200,408-43,2024-07-31,19,2026-01-01,4.5
22530,423-02,14200,408-43,2024-07-31,20,2026-02-01,44.5
22530,423-02,14200,408-43,2024-07-31,21,2026-03-01,0.0
22530,423-02,14200,408-43,2024-07-31,22,2026-04-01,1.5
22530,423-02,14200,408-43,2024-07-31,23,2026-05-01,1.0
22530,423-02,14200,408-43,2024-07-31,24,2026-06-01,0.0
22530,423-02,14200,408-43,2024-07-31,25,2026-07-01,0.0
22530,423-02,14200,408-43,2024-07-31,26,2026-08-01,0.0
22532,423-04,14174,408-17,2024-08-28,1,2024-08-01,1.5
22532,423-04,14174,408-17,2024-08-28,2,2024-09-01,8.0
22532,423-04,14174,408-17,2024-08-28,3,2024-10-01,2.0
22532,423-04,14174,408-17,2024-08-28,4,2024-11-01,0.0
22532,423-04,14174,408-17,2024-08-28,5,2024-12-01,0.0
22532,423-04,14174,408-17,2024-08-28,6,2025-01-01,0.0
22532,423-04,14174,408-17,2024-08-28,7,2025-02-01,0.0
22532,423-04,14174,408-17,2024-08-28,8,2025-03-01,0.0
22532,423-04,14174,408-17,2024-08-28,9,2025-04-01,0.0
22532,423-04,14174,408-17,2024-08-28,10,2025-05-01,0.0
22532,423-04,14174,408-17,2024-08-28,11,2025-06-01,2.0
22532,423-04,14174,408-17,2024-08-28,12,2025-07-01,0.0
22532,423-04,14174,408-17,2024-08-28,13,2025-08-01,0.5
22532,423-04,14174,408-17,2024-08-28,14,2025-09-01,16.5
22532,423-04,14174,408-17,2024-08-28,15,2025-10-01,4.0
22532,423-04,14174,408-17,2024-08-28,16,2025-11-01,0.0
22532,423-04,14174,408-17,2024-08-28,17,2025-12-01,0.0
22532,423-04,14174,408-17,2024-08-28,18,2026-01-01,0.0
22532,423-04,14174,408-17,2024-08-28,19,2026-02-01,89.0
22532,423-04,14174,408-17,2024-08-28,20,2026-03-01,0.0
22532,423-04,14174,408-17,2024-08-28,21,2026-04-01,0.0
22532,423-04,14174,408-17,2024-08-28,22,2026-05-01,64.0
22532,423-04,14174,408-17,2024-08-28,23,2026-06-01,14.5
22532,423-04,14174,408-17,2024-08-28,24,2026-07-01,16.6
22532,423-04,14174,408-17,2024-08-28,25,2026-08-01,0.0
22533,423-05,14184,408-27,2024-10-15,1,2024-10-01,6.0
22533,423-05,14184,408-27,2024-10-15,2,2024-11-01,20.0
22533,423-05,14184,408-27,2024-10-15,3,2024-12-01,26.5
22533,423-05,14184,408-27,2024-10-15,4,2025-01-01,0.0
22533,423-05,14184,408-27,2024-10-15,5,2025-02-01,0.0
22533,423-05,14184,408-27,2024-10-15,6,2025-03-01,0.0
22533,423-05,14184,408-27,2024-10-15,7,2025-04-01,157.0
22533,423-05,14184,408-27,2024-10-15,8,2025-05-01,14.0
22533,423-05,14184,408-27,2024-10-15,9,2025-06-01,0.0
22533,423-05,14184,408-27,2024-10-15,10,2025-07-01,0.0
22533,423-05,14184,408-27,2024-10-15,11,2025-08-01,22.0
22533,423-05,14184,408-27,2024-10-15,12,2025-09-01,19.0
22533,423-05,14184,408-27,2024-10-15,13,2025-10-01,0.0
22533,423-05,14184,408-27,2024-10-15,14,2025-11-01,0.0
22533,423-05,14184,408-27,2024-10-15,15,2025-12-01,0.0
22533,423-05,14184,408-27,2024-10-15,16,2026-01-01,0.0
22533,423-05,14184,408-27,2024-10-15,17,2026-02-01,0.0
22533,423-05,14184,408-27,2024-10-15,18,2026-03-01,64.0
22533,423-05,14184,408-27,2024-10-15,19,2026-04-01,0.0
22533,423-05,14184,408-27,2024-10-15,20,2026-05-01,0.0
22533,423-05,14184,408-27,2024-10-15,21,2026-06-01,0.0
22533,423-05,14184,408-27,2024-10-15,22,2026-07-01,8.0
22533,423-05,14184,408-27,2024-10-15,23,2026-08-01,0.0
22538,423-21,14166,408-09,2024-09-18,1,2024-09-01,7.0
22538,423-21,14166,408-09,2024-09-18,2,2024-10-01,0.0
22538,423-21,14166,408-09,2024-09-18,3,2024-11-01,0.0
22538,423-21,14166,408-09,2024-09-18,4,2024-12-01,12.5
22538,423-21,14166,408-09,2024-09-18,5,2025-01-01,0.0
22538,423-21,14166,408-09,2024-09-18,6,2025-02-01,0.0
22538,423-21,14166,408-09,2024-09-18,7,2025-03-01,0.0
22538,423-21,14166,408-09,2024-09-18,8,2025-04-01,0.0
22538,423-21,14166,408-09,2024-09-18,9,2025-05-01,0.0
22538,423-21,14166,408-09,2024-09-18,10,2025-06-01,25.0
22538,423-21,14166,408-09,2024-09-18,11,2025-07-01,0.0
22538,423-21,14166,408-09,2024-09-18,12,2025-08-01,2.0
22538,423-21,14166,408-09,2024-09-18,13,2025-09-01,0.0
22538,423-21,14166,408-09,2024-09-18,14,2025-10-01,0.0
22538,423-21,14166,408-09,2024-09-18,15,2025-11-01,0.0
22538,423-21,14166,408-09,2024-09-18,16,2025-12-01,0.0
22538,423-21,14166,408-09,2024-09-18,17,2026-01-01,4.0
22538,423-21,14166,408-09,2024-09-18,18,2026-02-01,0.0
22538,423-21,14166,408-09,2024-09-18,19,2026-03-01,0.0
22538,423-21,14166,408-09,2024-09-18,20,2026-04-01,0.0
22538,423-21,14166,408-09,2024-09-18,21,2026-05-01,0.0
22538,423-21,14166,408-09,2024-09-18,22,2026-06-01,0.0
22538,423-21,14166,408-09,2024-09-18,23,2026-07-01,0.0
22538,423-21,14166,408-09,2024-09-18,24,2026-08-01,20.0
22542,423-28,14188,408-31,2024-08-20,1,2024-08-01,3.0
22542,423-28,14188,408-31,2024-08-20,2,2024-09-01,0.0
22542,423-28,14188,408-31,2024-08-20,3,2024-10-01,12.0
22542,423-28,14188,408-31,2024-08-20,4,2024-11-01,0.0
22542,423-28,14188,408-31,2024-08-20,5,2024-12-01,2.0
22542,423-28,14188,408-31,2024-08-20,6,2025-01-01,14.0
22542,423-28,14188,408-31,2024-08-20,7,2025-02-01,0.0
22542,423-28,14188,408-31,2024-08-20,8,2025-03-01,28.5
22542,423-28,14188,408-31,2024-08-20,9,2025-04-01,0.0
22542,423-28,14188,408-31,2024-08-20,10,2025-05-01,3.0
22542,423-28,14188,408-31,2024-08-20,11,2025-06-01,0.0
22542,423-28,14188,408-31,2024-08-20,12,2025-07-01,0.0
22542,423-28,14188,408-31,2024-08-20,13,2025-08-01,0.0
22542,423-28,14188,408-31,2024-08-20,14,2025-09-01,32.0
22542,423-28,14188,408-31,2024-08-20,15,2025-10-01,0.0
22542,423-28,14188,408-31,2024-08-20,16,2025-11-01,0.0
22542,423-28,14188,408-31,2024-08-20,17,2025-12-01,0.0
22542,423-28,14188,408-31,2024-08-20,18,2026-01-01,0.0
22542,423-28,14188,408-31,2024-08-20,19,2026-02-01,0.0
22542,423-28,14188,408-31,2024-08-20,20,2026-03-01,0.0
22542,423-28,14188,408-31,2024-08-20,21,2026-04-01,19.0
22542,423-28,14188,408-31,2024-08-20,22,2026-05-01,0.0
22542,423-28,14188,408-31,2024-08-20,23,2026-06-01,0.0
22542,423-28,14188,408-31,2024-08-20,24,2026-07-01,0.0
22542,423-28,14188,408-31,2024-08-20,25,2026-08-01,0.0
22549,423-47,14180,408-23,2024-08-28,1,2024-08-01,2.0
22549,423-47,14180,408-23,2024-08-28,2,2024-09-01,0.0
22549,423-47,14180,408-23,2024-08-28,3,2024-10-01,0.0
22549,423-47,14180,408-23,2024-08-28,4,2024-11-01,14.5
22549,423-47,14180,408-23,2024-08-28,5,2024-12-01,0.0
22549,423-47,14180,408-23,2024-08-28,6,2025-01-01,0.0
22549,423-47,14180,408-23,2024-08-28,7,2025-02-01,0.0
22549,423-47,14180,408-23,2024-08-28,8,2025-03-01,0.0
22549,423-47,14180,408-23,2024-08-28,9,2025-04-01,4.0
22549,423-47,14180,408-23,2024-08-28,10,2025-05-01,0.0
22549,423-47,14180,408-23,2024-08-28,11,2025-06-01,7.0
22549,423-47,14180,408-23,2024-08-28,12,2025-07-01,0.0
22549,423-47,14180,408-23,2024-08-28,13,2025-08-01,0.0
22549,423-47,14180,408-23,2024-08-28,14,2025-09-01,0.0
22549,423-47,14180,408-23,2024-08-28,15,2025-10-01,1.5
22549,423-47,14180,408-23,2024-08-28,16,2025-11-01,26.0
22549,423-47,14180,408-23,2024-08-28,17,2025-12-01,0.0
22549,423-47,14180,408-23,2024-08-28,18,2026-01-01,0.0
22549,423-47,14180,408-23,2024-08-28,19,2026-02-01,0.0
22549,423-47,14180,408-23,2024-08-28,20,2026-03-01,0.0
22549,423-47,14180,408-23,2024-08-28,21,2026-04-01,0.0
22549,423-47,14180,408-23,2024-08-28,22,2026-05-01,0.0
22549,423-47,14180,408-23,2024-08-28,23,2026-06-01,0.0
22549,423-47,14180,408-23,2024-08-28,24,2026-07-01,0.0
22549,423-47,14180,408-23,2024-08-28,25,2026-08-01,5.0
22464,422-13,21764,422-01,2026-02-07,1,2026-02-01,55.0
22464,422-13,21764,422-01,2026-02-07,2,2026-03-01,44.5
22464,422-13,21764,422-01,2026-02-07,3,2026-04-01,43.0
22464,422-13,21764,422-01,2026-02-07,4,2026-05-01,53.5
22464,422-13,21764,422-01,2026-02-07,5,2026-06-01,38.0
22464,422-13,21764,422-01,2026-02-07,6,2026-07-01,25.0
22464,422-13,21764,422-01,2026-02-07,7,2026-08-01,0.0
22305,CHEVIS-II-LB LINEN,7823,374-05,2023-08-26,1,2023-08-01,39.0
22305,CHEVIS-II-LB LINEN,7823,374-05,2023-08-26,2,2023-09-01,84.0
22305,CHEVIS-II-LB LINEN,7823,374-05,2023-08-26,3,2023-10-01,23.0
22305,CHEVIS-II-LB LINEN,7823,374-05,2023-08-26,4,2023-11-01,10.0
22305,CHEVIS-II-LB LINEN,7823,374-05,2023-08-26,5,2023-12-01,3.5
22305,CHEVIS-II-LB LINEN,7823,374-05,2023-08-26,6,2024-01-01,0.0
22305,CHEVIS-II-LB LINEN,7823,374-05,2023-08-26,7,2024-02-01,71.5
22305,CHEVIS-II-LB LINEN,7823,374-05,2023-08-26,8,2024-03-01,0.0
22305,CHEVIS-II-LB LINEN,7823,374-05,2023-08-26,9,2024-04-01,129.5
22305,CHEVIS-II-LB LINEN,7823,374-05,2023-08-26,10,2024-05-01,17.0
22305,CHEVIS-II-LB LINEN,7823,374-05,2023-08-26,11,2024-06-01,32.5
22305,CHEVIS-II-LB LINEN,7823,374-05,2023-08-26,12,2024-07-01,0.0
22305,CHEVIS-II-LB LINEN,7823,374-05,2023-08-26,13,2024-08-01,0.0
22305,CHEVIS-II-LB LINEN,7823,374-05,2023-08-26,14,2024-09-01,10.0
22305,CHEVIS-II-LB LINEN,7823,374-05,2023-08-26,15,2024-10-01,0.0
22305,CHEVIS-II-LB LINEN,7823,374-05,2023-08-26,16,2024-11-01,43.5
22305,CHEVIS-II-LB LINEN,7823,374-05,2023-08-26,17,2024-12-01,0.0
22305,CHEVIS-II-LB LINEN,7823,374-05,2023-08-26,18,2025-01-01,0.0
22305,CHEVIS-II-LB LINEN,7823,374-05,2023-08-26,19,2025-02-01,20.0
22305,CHEVIS-II-LB LINEN,7823,374-05,2023-08-26,20,2025-03-01,0.0
22305,CHEVIS-II-LB LINEN,7823,374-05,2023-08-26,21,2025-04-01,0.0
22305,CHEVIS-II-LB LINEN,7823,374-05,2023-08-26,22,2025-05-01,0.0
22305,CHEVIS-II-LB LINEN,7823,374-05,2023-08-26,23,2025-06-01,0.0
22305,CHEVIS-II-LB LINEN,7823,374-05,2023-08-26,24,2025-07-01,0.0
22305,CHEVIS-II-LB LINEN,7823,374-05,2023-08-26,25,2025-08-01,47.0
22305,CHEVIS-II-LB LINEN,7823,374-05,2023-08-26,26,2025-09-01,0.0
22305,CHEVIS-II-LB LINEN,7823,374-05,2023-08-26,27,2025-10-01,0.0
22305,CHEVIS-II-LB LINEN,7823,374-05,2023-08-26,28,2025-11-01,0.0
22305,CHEVIS-II-LB LINEN,7823,374-05,2023-08-26,29,2025-12-01,0.0
22305,CHEVIS-II-LB LINEN,7823,374-05,2023-08-26,30,2026-01-01,0.0
22305,CHEVIS-II-LB LINEN,7823,374-05,2023-08-26,31,2026-02-01,0.0
22305,CHEVIS-II-LB LINEN,7823,374-05,2023-08-26,32,2026-03-01,0.0
22305,CHEVIS-II-LB LINEN,7823,374-05,2023-08-26,33,2026-04-01,0.0
22305,CHEVIS-II-LB LINEN,7823,374-05,2023-08-26,34,2026-05-01,0.0
22305,CHEVIS-II-LB LINEN,7823,374-05,2023-08-26,35,2026-06-01,0.0
22305,CHEVIS-II-LB LINEN,7823,374-05,2023-08-26,36,2026-07-01,0.0
22305,CHEVIS-II-LB LINEN,7823,374-05,2023-08-26,37,2026-08-01,0.0
21980,422-08,21765,422-02,2026-02-21,1,2026-02-01,47.1
21980,422-08,21765,422-02,2026-02-21,2,2026-03-01,117.0
21980,422-08,21765,422-02,2026-02-21,3,2026-04-01,271.5
21980,422-08,21765,422-02,2026-02-21,4,2026-05-01,42.5
21980,422-08,21765,422-02,2026-02-21,5,2026-06-01,0.0
21980,422-08,21765,422-02,2026-02-21,6,2026-07-01,41.6
21980,422-08,21765,422-02,2026-02-21,7,2026-08-01,1.5
21982,422-23,21768,422-05,2026-02-28,1,2026-02-01,8.0
21982,422-23,21768,422-05,2026-02-28,2,2026-03-01,10.0
21982,422-23,21768,422-05,2026-02-28,3,2026-04-01,40.0
21982,422-23,21768,422-05,2026-02-28,4,2026-05-01,29.5
21982,422-23,21768,422-05,2026-02-28,5,2026-06-01,66.0
21982,422-23,21768,422-05,2026-02-28,6,2026-07-01,30.5
21982,422-23,21768,422-05,2026-02-28,7,2026-08-01,26.5
21983,422-30,21769,422-06,2026-03-16,1,2026-03-01,35.0
21983,422-30,21769,422-06,2026-03-16,2,2026-04-01,58.0
21983,422-30,21769,422-06,2026-03-16,3,2026-05-01,20.0
21983,422-30,21769,422-06,2026-03-16,4,2026-06-01,13.5
21983,422-30,21769,422-06,2026-03-16,5,2026-07-01,22.0
21983,422-30,21769,422-06,2026-03-16,6,2026-08-01,18.0
21960,424-26,14204,408-47,2024-09-26,1,2024-09-01,7.0
21960,424-26,14204,408-47,2024-09-26,2,2024-10-01,1.0
21960,424-26,14204,408-47,2024-09-26,3,2024-11-01,14.5
21960,424-26,14204,408-47,2024-09-26,4,2024-12-01,22.5
21960,424-26,14204,408-47,2024-09-26,5,2025-01-01,18.0
21960,424-26,14204,408-47,2024-09-26,6,2025-02-01,0.0
21960,424-26,14204,408-47,2024-09-26,7,2025-03-01,0.0
21960,424-26,14204,408-47,2024-09-26,8,2025-04-01,0.0
21960,424-26,14204,408-47,2024-09-26,9,2025-05-01,0.0
21960,424-26,14204,408-47,2024-09-26,10,2025-06-01,0.0
21960,424-26,14204,408-47,2024-09-26,11,2025-07-01,9.0
21960,424-26,14204,408-47,2024-09-26,12,2025-08-01,0.0
21960,424-26,14204,408-47,2024-09-26,13,2025-09-01,0.0
21960,424-26,14204,408-47,2024-09-26,14,2025-10-01,0.0
21960,424-26,14204,408-47,2024-09-26,15,2025-11-01,0.0
21960,424-26,14204,408-47,2024-09-26,16,2025-12-01,0.0
21960,424-26,14204,408-47,2024-09-26,17,2026-01-01,0.0
21960,424-26,14204,408-47,2024-09-26,18,2026-02-01,0.0
21960,424-26,14204,408-47,2024-09-26,19,2026-03-01,7.0
21960,424-26,14204,408-47,2024-09-26,20,2026-04-01,13.0
21960,424-26,14204,408-47,2024-09-26,21,2026-05-01,0.0
21960,424-26,14204,408-47,2024-09-26,22,2026-06-01,0.0
21960,424-26,14204,408-47,2024-09-26,23,2026-07-01,0.0
21960,424-26,14204,408-47,2024-09-26,24,2026-08-01,0.0
21911,447-14,6618,379-01,2023-06-01,1,2023-06-01,421.5
21911,447-14,6618,379-01,2023-06-01,2,2023-07-01,277.5
21911,447-14,6618,379-01,2023-06-01,3,2023-08-01,266.0
21911,447-14,6618,379-01,2023-06-01,4,2023-09-01,355.5
21911,447-14,6618,379-01,2023-06-01,5,2023-10-01,296.0
21911,447-14,6618,379-01,2023-06-01,6,2023-11-01,0.0
21911,447-14,6618,379-01,2023-06-01,7,2023-12-01,285.5
21911,447-14,6618,379-01,2023-06-01,8,2024-01-01,102.5
21911,447-14,6618,379-01,2023-06-01,9,2024-02-01,72.5
21911,447-14,6618,379-01,2023-06-01,10,2024-03-01,243.0
21911,447-14,6618,379-01,2023-06-01,11,2024-04-01,61.0
21911,447-14,6618,379-01,2023-06-01,12,2024-05-01,133.0
21911,447-14,6618,379-01,2023-06-01,13,2024-06-01,92.0
21911,447-14,6618,379-01,2023-06-01,14,2024-07-01,57.5
21911,447-14,6618,379-01,2023-06-01,15,2024-08-01,49.0
21911,447-14,6618,379-01,2023-06-01,16,2024-09-01,111.5
21911,447-14,6618,379-01,2023-06-01,17,2024-10-01,137.0
21911,447-14,6618,379-01,2023-06-01,18,2024-11-01,90.5
21911,447-14,6618,379-01,2023-06-01,19,2024-12-01,81.0
21911,447-14,6618,379-01,2023-06-01,20,2025-01-01,119.0
21911,447-14,6618,379-01,2023-06-01,21,2025-02-01,50.5
21911,447-14,6618,379-01,2023-06-01,22,2025-03-01,27.0
21911,447-14,6618,379-01,2023-06-01,23,2025-04-01,37.5
21911,447-14,6618,379-01,2023-06-01,24,2025-05-01,145.0
21911,447-14,6618,379-01,2023-06-01,25,2025-06-01,33.0
21911,447-14,6618,379-01,2023-06-01,26,2025-07-01,14.0
21911,447-14,6618,379-01,2023-06-01,27,2025-08-01,26.0
21911,447-14,6618,379-01,2023-06-01,28,2025-09-01,34.0
21911,447-14,6618,379-01,2023-06-01,29,2025-10-01,116.0
21911,447-14,6618,379-01,2023-06-01,30,2025-11-01,57.5
21911,447-14,6618,379-01,2023-06-01,31,2025-12-01,112.0
21911,447-14,6618,379-01,2023-06-01,32,2026-01-01,24.0
21911,447-14,6618,379-01,2023-06-01,33,2026-02-01,0.0
21911,447-14,6618,379-01,2023-06-01,34,2026-03-01,0.0
21911,447-14,6618,379-01,2023-06-01,35,2026-04-01,0.0
21911,447-14,6618,379-01,2023-06-01,36,2026-05-01,13.0
21911,447-14,6618,379-01,2023-06-01,37,2026-06-01,25.0
21911,447-14,6618,379-01,2023-06-01,38,2026-07-01,0.0
21911,447-14,6618,379-01,2023-06-01,39,2026-08-01,0.0
21912,447-15,6619,379-02,2023-06-03,1,2023-06-01,190.0
21912,447-15,6619,379-02,2023-06-03,2,2023-07-01,247.5
21912,447-15,6619,379-02,2023-06-03,3,2023-08-01,327.0
21912,447-15,6619,379-02,2023-06-03,4,2023-09-01,211.5
21912,447-15,6619,379-02,2023-06-03,5,2023-10-01,358.5
21912,447-15,6619,379-02,2023-06-03,6,2023-11-01,12.0
21912,447-15,6619,379-02,2023-06-03,7,2023-12-01,26.5
21912,447-15,6619,379-02,2023-06-03,8,2024-01-01,187.5
21912,447-15,6619,379-02,2023-06-03,9,2024-02-01,35.5
21912,447-15,6619,379-02,2023-06-03,10,2024-03-01,6.5
21912,447-15,6619,379-02,2023-06-03,11,2024-04-01,7.0
21912,447-15,6619,379-02,2023-06-03,12,2024-05-01,118.0
21912,447-15,6619,379-02,2023-06-03,13,2024-06-01,82.5
21912,447-15,6619,379-02,2023-06-03,14,2024-07-01,51.0
21912,447-15,6619,379-02,2023-06-03,15,2024-08-01,132.0
21912,447-15,6619,379-02,2023-06-03,16,2024-09-01,117.0
21912,447-15,6619,379-02,2023-06-03,17,2024-10-01,409.0
21912,447-15,6619,379-02,2023-06-03,18,2024-11-01,103.5
21912,447-15,6619,379-02,2023-06-03,19,2024-12-01,167.0
21912,447-15,6619,379-02,2023-06-03,20,2025-01-01,22.0
21912,447-15,6619,379-02,2023-06-03,21,2025-02-01,243.0
21912,447-15,6619,379-02,2023-06-03,22,2025-03-01,107.5
21912,447-15,6619,379-02,2023-06-03,23,2025-04-01,0.0
21912,447-15,6619,379-02,2023-06-03,24,2025-05-01,10.0
21912,447-15,6619,379-02,2023-06-03,25,2025-06-01,0.0
21912,447-15,6619,379-02,2023-06-03,26,2025-07-01,47.5
21912,447-15,6619,379-02,2023-06-03,27,2025-08-01,48.5
21912,447-15,6619,379-02,2023-06-03,28,2025-09-01,74.5
21912,447-15,6619,379-02,2023-06-03,29,2025-10-01,0.0
21912,447-15,6619,379-02,2023-06-03,30,2025-11-01,12.0
21912,447-15,6619,379-02,2023-06-03,31,2025-12-01,216.32
21912,447-15,6619,379-02,2023-06-03,32,2026-01-01,0.0
21912,447-15,6619,379-02,2023-06-03,33,2026-02-01,0.0
21912,447-15,6619,379-02,2023-06-03,34,2026-03-01,0.0
21912,447-15,6619,379-02,2023-06-03,35,2026-04-01,0.0
21912,447-15,6619,379-02,2023-06-03,36,2026-05-01,63.0
21912,447-15,6619,379-02,2023-06-03,37,2026-06-01,0.0
21912,447-15,6619,379-02,2023-06-03,38,2026-07-01,0.0
21912,447-15,6619,379-02,2023-06-03,39,2026-08-01,0.0
21913,447-16,6620,379-03,2023-06-24,1,2023-06-01,6.0
21913,447-16,6620,379-03,2023-06-24,2,2023-07-01,364.0
21913,447-16,6620,379-03,2023-06-24,3,2023-08-01,835.75
21913,447-16,6620,379-03,2023-06-24,4,2023-09-01,921.0
21913,447-16,6620,379-03,2023-06-24,5,2023-10-01,187.5
21913,447-16,6620,379-03,2023-06-24,6,2023-11-01,992.0
21913,447-16,6620,379-03,2023-06-24,7,2023-12-01,528.0
21913,447-16,6620,379-03,2023-06-24,8,2024-01-01,154.0
21913,447-16,6620,379-03,2023-06-24,9,2024-02-01,141.0
21913,447-16,6620,379-03,2023-06-24,10,2024-03-01,948.0
21913,447-16,6620,379-03,2023-06-24,11,2024-04-01,476.2
21913,447-16,6620,379-03,2023-06-24,12,2024-05-01,454.0
21913,447-16,6620,379-03,2023-06-24,13,2024-06-01,435.5
21913,447-16,6620,379-03,2023-06-24,14,2024-07-01,365.6
21913,447-16,6620,379-03,2023-06-24,15,2024-08-01,578.0
21913,447-16,6620,379-03,2023-06-24,16,2024-09-01,107.0
21913,447-16,6620,379-03,2023-06-24,17,2024-10-01,548.0
21913,447-16,6620,379-03,2023-06-24,18,2024-11-01,270.5
21913,447-16,6620,379-03,2023-06-24,19,2024-12-01,490.5
21913,447-16,6620,379-03,2023-06-24,20,2025-01-01,482.0
21913,447-16,6620,379-03,2023-06-24,21,2025-02-01,517.5
21913,447-16,6620,379-03,2023-06-24,22,2025-03-01,20.5
21913,447-16,6620,379-03,2023-06-24,23,2025-04-01,240.0
21913,447-16,6620,379-03,2023-06-24,24,2025-05-01,894.5
21913,447-16,6620,379-03,2023-06-24,25,2025-06-01,136.0
21913,447-16,6620,379-03,2023-06-24,26,2025-07-01,201.0
21913,447-16,6620,379-03,2023-06-24,27,2025-08-01,360.5
21913,447-16,6620,379-03,2023-06-24,28,2025-09-01,193.0
21913,447-16,6620,379-03,2023-06-24,29,2025-10-01,520.0
21913,447-16,6620,379-03,2023-06-24,30,2025-11-01,137.5
21913,447-16,6620,379-03,2023-06-24,31,2025-12-01,22.5
21913,447-16,6620,379-03,2023-06-24,32,2026-01-01,265.57
21913,447-16,6620,379-03,2023-06-24,33,2026-02-01,0.0
21913,447-16,6620,379-03,2023-06-24,34,2026-03-01,0.0
21913,447-16,6620,379-03,2023-06-24,35,2026-04-01,66.5
21913,447-16,6620,379-03,2023-06-24,36,2026-05-01,1081.5
21913,447-16,6620,379-03,2023-06-24,37,2026-06-01,35.5
21913,447-16,6620,379-03,2023-06-24,38,2026-07-01,0.0
21913,447-16,6620,379-03,2023-06-24,39,2026-08-01,0.0
21914,447-17,6621,379-04,2023-06-02,1,2023-06-01,256.5
21914,447-17,6621,379-04,2023-06-02,2,2023-07-01,234.0
21914,447-17,6621,379-04,2023-06-02,3,2023-08-01,218.0
21914,447-17,6621,379-04,2023-06-02,4,2023-09-01,172.0
21914,447-17,6621,379-04,2023-06-02,5,2023-10-01,58.5
21914,447-17,6621,379-04,2023-06-02,6,2023-11-01,221.5
21914,447-17,6621,379-04,2023-06-02,7,2023-12-01,157.0
21914,447-17,6621,379-04,2023-06-02,8,2024-01-01,282.0
21914,447-17,6621,379-04,2023-06-02,9,2024-02-01,273.6
21914,447-17,6621,379-04,2023-06-02,10,2024-03-01,36.0
21914,447-17,6621,379-04,2023-06-02,11,2024-04-01,177.0
21914,447-17,6621,379-04,2023-06-02,12,2024-05-01,75.5
21914,447-17,6621,379-04,2023-06-02,13,2024-06-01,203.5
21914,447-17,6621,379-04,2023-06-02,14,2024-07-01,204.0
21914,447-17,6621,379-04,2023-06-02,15,2024-08-01,133.0
21914,447-17,6621,379-04,2023-06-02,16,2024-09-01,17.0
21914,447-17,6621,379-04,2023-06-02,17,2024-10-01,73.0
21914,447-17,6621,379-04,2023-06-02,18,2024-11-01,245.0
21914,447-17,6621,379-04,2023-06-02,19,2024-12-01,87.0
21914,447-17,6621,379-04,2023-06-02,20,2025-01-01,0.0
21914,447-17,6621,379-04,2023-06-02,21,2025-02-01,54.5
21914,447-17,6621,379-04,2023-06-02,22,2025-03-01,106.5
21914,447-17,6621,379-04,2023-06-02,23,2025-04-01,21.0
21914,447-17,6621,379-04,2023-06-02,24,2025-05-01,36.0
21914,447-17,6621,379-04,2023-06-02,25,2025-06-01,50.5
21914,447-17,6621,379-04,2023-06-02,26,2025-07-01,0.0
21914,447-17,6621,379-04,2023-06-02,27,2025-08-01,46.0
21914,447-17,6621,379-04,2023-06-02,28,2025-09-01,41.0
21914,447-17,6621,379-04,2023-06-02,29,2025-10-01,64.5
21914,447-17,6621,379-04,2023-06-02,30,2025-11-01,34.5
21914,447-17,6621,379-04,2023-06-02,31,2025-12-01,16.6
21914,447-17,6621,379-04,2023-06-02,32,2026-01-01,0.0
21914,447-17,6621,379-04,2023-06-02,33,2026-02-01,14.0
21914,447-17,6621,379-04,2023-06-02,34,2026-03-01,11.0
21914,447-17,6621,379-04,2023-06-02,35,2026-04-01,221.0
21914,447-17,6621,379-04,2023-06-02,36,2026-05-01,0.0
21914,447-17,6621,379-04,2023-06-02,37,2026-06-01,0.0
21914,447-17,6621,379-04,2023-06-02,38,2026-07-01,27.0
21914,447-17,6621,379-04,2023-06-02,39,2026-08-01,0.0
21915,447-18,6622,379-05,2023-06-10,1,2023-06-01,32.0
21915,447-18,6622,379-05,2023-06-10,2,2023-07-01,70.9
21915,447-18,6622,379-05,2023-06-10,3,2023-08-01,232.2
21915,447-18,6622,379-05,2023-06-10,4,2023-09-01,96.0
21915,447-18,6622,379-05,2023-06-10,5,2023-10-01,177.5
21915,447-18,6622,379-05,2023-06-10,6,2023-11-01,162.5
21915,447-18,6622,379-05,2023-06-10,7,2023-12-01,16.0
21915,447-18,6622,379-05,2023-06-10,8,2024-01-01,186.0
21915,447-18,6622,379-05,2023-06-10,9,2024-02-01,173.5
21915,447-18,6622,379-05,2023-06-10,10,2024-03-01,35.5
21915,447-18,6622,379-05,2023-06-10,11,2024-04-01,8.5
21915,447-18,6622,379-05,2023-06-10,12,2024-05-01,40.5
21915,447-18,6622,379-05,2023-06-10,13,2024-06-01,145.5
21915,447-18,6622,379-05,2023-06-10,14,2024-07-01,49.0
21915,447-18,6622,379-05,2023-06-10,15,2024-08-01,241.5
21915,447-18,6622,379-05,2023-06-10,16,2024-09-01,221.5
21915,447-18,6622,379-05,2023-06-10,17,2024-10-01,16.0
21915,447-18,6622,379-05,2023-06-10,18,2024-11-01,99.0
21915,447-18,6622,379-05,2023-06-10,19,2024-12-01,198.0
21915,447-18,6622,379-05,2023-06-10,20,2025-01-01,52.0
21915,447-18,6622,379-05,2023-06-10,21,2025-02-01,10.5
21915,447-18,6622,379-05,2023-06-10,22,2025-03-01,16.6
21915,447-18,6622,379-05,2023-06-10,23,2025-04-01,63.0
21915,447-18,6622,379-05,2023-06-10,24,2025-05-01,196.0
21915,447-18,6622,379-05,2023-06-10,25,2025-06-01,124.0
21915,447-18,6622,379-05,2023-06-10,26,2025-07-01,0.0
21915,447-18,6622,379-05,2023-06-10,27,2025-08-01,0.0
21915,447-18,6622,379-05,2023-06-10,28,2025-09-01,25.0
21915,447-18,6622,379-05,2023-06-10,29,2025-10-01,25.5
21915,447-18,6622,379-05,2023-06-10,30,2025-11-01,35.0
21915,447-18,6622,379-05,2023-06-10,31,2025-12-01,35.0
21915,447-18,6622,379-05,2023-06-10,32,2026-01-01,7.0
21915,447-18,6622,379-05,2023-06-10,33,2026-02-01,0.0
21915,447-18,6622,379-05,2023-06-10,34,2026-03-01,0.0
21915,447-18,6622,379-05,2023-06-10,35,2026-04-01,0.0
21915,447-18,6622,379-05,2023-06-10,36,2026-05-01,0.0
21915,447-18,6622,379-05,2023-06-10,37,2026-06-01,0.0
21915,447-18,6622,379-05,2023-06-10,38,2026-07-01,0.0
21915,447-18,6622,379-05,2023-06-10,39,2026-08-01,0.0
21916,447-19,6623,379-06,2023-06-01,1,2023-06-01,400.0
21916,447-19,6623,379-06,2023-06-01,2,2023-07-01,96.5
21916,447-19,6623,379-06,2023-06-01,3,2023-08-01,328.0
21916,447-19,6623,379-06,2023-06-01,4,2023-09-01,463.5
21916,447-19,6623,379-06,2023-06-01,5,2023-10-01,759.0
21916,447-19,6623,379-06,2023-06-01,6,2023-11-01,8.5
21916,447-19,6623,379-06,2023-06-01,7,2023-12-01,989.0
21916,447-19,6623,379-06,2023-06-01,8,2024-01-01,221.0
21916,447-19,6623,379-06,2023-06-01,9,2024-02-01,6.0
21916,447-19,6623,379-06,2023-06-01,10,2024-03-01,6.5
21916,447-19,6623,379-06,2023-06-01,11,2024-04-01,256.0
21916,447-19,6623,379-06,2023-06-01,12,2024-05-01,621.5
21916,447-19,6623,379-06,2023-06-01,13,2024-06-01,711.5
21916,447-19,6623,379-06,2023-06-01,14,2024-07-01,479.0
21916,447-19,6623,379-06,2023-06-01,15,2024-08-01,45.5
21916,447-19,6623,379-06,2023-06-01,16,2024-09-01,49.0
21916,447-19,6623,379-06,2023-06-01,17,2024-10-01,1156.5
21916,447-19,6623,379-06,2023-06-01,18,2024-11-01,231.0
21916,447-19,6623,379-06,2023-06-01,19,2024-12-01,1080.0
21916,447-19,6623,379-06,2023-06-01,20,2025-01-01,309.5
21916,447-19,6623,379-06,2023-06-01,21,2025-02-01,81.0
21916,447-19,6623,379-06,2023-06-01,22,2025-03-01,244.0
21916,447-19,6623,379-06,2023-06-01,23,2025-04-01,0.0
21916,447-19,6623,379-06,2023-06-01,24,2025-05-01,10.5
21916,447-19,6623,379-06,2023-06-01,25,2025-06-01,0.0
21916,447-19,6623,379-06,2023-06-01,26,2025-07-01,521.0
21916,447-19,6623,379-06,2023-06-01,27,2025-08-01,606.0
21916,447-19,6623,379-06,2023-06-01,28,2025-09-01,838.0
21916,447-19,6623,379-06,2023-06-01,29,2025-10-01,152.5
21916,447-19,6623,379-06,2023-06-01,30,2025-11-01,0.0
21916,447-19,6623,379-06,2023-06-01,31,2025-12-01,557.45
21916,447-19,6623,379-06,2023-06-01,32,2026-01-01,18.0
21916,447-19,6623,379-06,2023-06-01,33,2026-02-01,0.0
21916,447-19,6623,379-06,2023-06-01,34,2026-03-01,0.0
21916,447-19,6623,379-06,2023-06-01,35,2026-04-01,0.0
21916,447-19,6623,379-06,2023-06-01,36,2026-05-01,0.0
21916,447-19,6623,379-06,2023-06-01,37,2026-06-01,0.0
21916,447-19,6623,379-06,2023-06-01,38,2026-07-01,0.0
21916,447-19,6623,379-06,2023-06-01,39,2026-08-01,0.0
21917,447-20,6624,379-07,2023-06-01,1,2023-06-01,242.6
21917,447-20,6624,379-07,2023-06-01,2,2023-07-01,84.0
21917,447-20,6624,379-07,2023-06-01,3,2023-08-01,441.0
21917,447-20,6624,379-07,2023-06-01,4,2023-09-01,23.5
21917,447-20,6624,379-07,2023-06-01,5,2023-10-01,106.5
21917,447-20,6624,379-07,2023-06-01,6,2023-11-01,182.5
21917,447-20,6624,379-07,2023-06-01,7,2023-12-01,294.0
21917,447-20,6624,379-07,2023-06-01,8,2024-01-01,63.0
21917,447-20,6624,379-07,2023-06-01,9,2024-02-01,100.75
21917,447-20,6624,379-07,2023-06-01,10,2024-03-01,165.0
21917,447-20,6624,379-07,2023-06-01,11,2024-04-01,53.6
21917,447-20,6624,379-07,2023-06-01,12,2024-05-01,25.0
21917,447-20,6624,379-07,2023-06-01,13,2024-06-01,268.5
21917,447-20,6624,379-07,2023-06-01,14,2024-07-01,124.0
21917,447-20,6624,379-07,2023-06-01,15,2024-08-01,132.0
21917,447-20,6624,379-07,2023-06-01,16,2024-09-01,574.0
21917,447-20,6624,379-07,2023-06-01,17,2024-10-01,120.5
21917,447-20,6624,379-07,2023-06-01,18,2024-11-01,205.5
21917,447-20,6624,379-07,2023-06-01,19,2024-12-01,49.5
21917,447-20,6624,379-07,2023-06-01,20,2025-01-01,322.5
21917,447-20,6624,379-07,2023-06-01,21,2025-02-01,65.0
21917,447-20,6624,379-07,2023-06-01,22,2025-03-01,233.5
21917,447-20,6624,379-07,2023-06-01,23,2025-04-01,166.5
21917,447-20,6624,379-07,2023-06-01,24,2025-05-01,152.5
21917,447-20,6624,379-07,2023-06-01,25,2025-06-01,24.0
21917,447-20,6624,379-07,2023-06-01,26,2025-07-01,59.5
21917,447-20,6624,379-07,2023-06-01,27,2025-08-01,0.0
21917,447-20,6624,379-07,2023-06-01,28,2025-09-01,23.5
21917,447-20,6624,379-07,2023-06-01,29,2025-10-01,0.0
21917,447-20,6624,379-07,2023-06-01,30,2025-11-01,0.0
21917,447-20,6624,379-07,2023-06-01,31,2025-12-01,61.0
21917,447-20,6624,379-07,2023-06-01,32,2026-01-01,13.5
21917,447-20,6624,379-07,2023-06-01,33,2026-02-01,0.0
21917,447-20,6624,379-07,2023-06-01,34,2026-03-01,0.0
21917,447-20,6624,379-07,2023-06-01,35,2026-04-01,44.0
21917,447-20,6624,379-07,2023-06-01,36,2026-05-01,0.0
21917,447-20,6624,379-07,2023-06-01,37,2026-06-01,16.0
21917,447-20,6624,379-07,2023-06-01,38,2026-07-01,245.0
21917,447-20,6624,379-07,2023-06-01,39,2026-08-01,0.0
21918,447-21,6625,379-08,2023-06-09,1,2023-06-01,34.0
21918,447-21,6625,379-08,2023-06-09,2,2023-07-01,191.0
21918,447-21,6625,379-08,2023-06-09,3,2023-08-01,157.0
21918,447-21,6625,379-08,2023-06-09,4,2023-09-01,46.5
21918,447-21,6625,379-08,2023-06-09,5,2023-10-01,154.5
21918,447-21,6625,379-08,2023-06-09,6,2023-11-01,44.5
21918,447-21,6625,379-08,2023-06-09,7,2023-12-01,59.0
21918,447-21,6625,379-08,2023-06-09,8,2024-01-01,100.1
21918,447-21,6625,379-08,2023-06-09,9,2024-02-01,14.5
21918,447-21,6625,379-08,2023-06-09,10,2024-03-01,28.0
21918,447-21,6625,379-08,2023-06-09,11,2024-04-01,94.5
21918,447-21,6625,379-08,2023-06-09,12,2024-05-01,19.0
21918,447-21,6625,379-08,2023-06-09,13,2024-06-01,9.5
21918,447-21,6625,379-08,2023-06-09,14,2024-07-01,98.0
21918,447-21,6625,379-08,2023-06-09,15,2024-08-01,181.0
21918,447-21,6625,379-08,2023-06-09,16,2024-09-01,108.0
21918,447-21,6625,379-08,2023-06-09,17,2024-10-01,93.0
21918,447-21,6625,379-08,2023-06-09,18,2024-11-01,144.0
21918,447-21,6625,379-08,2023-06-09,19,2024-12-01,0.0
21918,447-21,6625,379-08,2023-06-09,20,2025-01-01,27.5
21918,447-21,6625,379-08,2023-06-09,21,2025-02-01,6.0
21918,447-21,6625,379-08,2023-06-09,22,2025-03-01,86.0
21918,447-21,6625,379-08,2023-06-09,23,2025-04-01,16.0
21918,447-21,6625,379-08,2023-06-09,24,2025-05-01,202.0
21918,447-21,6625,379-08,2023-06-09,25,2025-06-01,44.5
21918,447-21,6625,379-08,2023-06-09,26,2025-07-01,0.0
21918,447-21,6625,379-08,2023-06-09,27,2025-08-01,51.0
21918,447-21,6625,379-08,2023-06-09,28,2025-09-01,0.0
21918,447-21,6625,379-08,2023-06-09,29,2025-10-01,200.0
21918,447-21,6625,379-08,2023-06-09,30,2025-11-01,21.0
21918,447-21,6625,379-08,2023-06-09,31,2025-12-01,152.5
21918,447-21,6625,379-08,2023-06-09,32,2026-01-01,0.0
21918,447-21,6625,379-08,2023-06-09,33,2026-02-01,165.0
21918,447-21,6625,379-08,2023-06-09,34,2026-03-01,0.0
21918,447-21,6625,379-08,2023-06-09,35,2026-04-01,56.0
21918,447-21,6625,379-08,2023-06-09,36,2026-05-01,0.0
21918,447-21,6625,379-08,2023-06-09,37,2026-06-01,0.0
21918,447-21,6625,379-08,2023-06-09,38,2026-07-01,0.0
21918,447-21,6625,379-08,2023-06-09,39,2026-08-01,0.0
21919,447-22,6626,379-09,2023-06-01,1,2023-06-01,68.0
21919,447-22,6626,379-09,2023-06-01,2,2023-07-01,222.0
21919,447-22,6626,379-09,2023-06-01,3,2023-08-01,698.5
21919,447-22,6626,379-09,2023-06-01,4,2023-09-01,82.0
21919,447-22,6626,379-09,2023-06-01,5,2023-10-01,36.0
21919,447-22,6626,379-09,2023-06-01,6,2023-11-01,324.5
21919,447-22,6626,379-09,2023-06-01,7,2023-12-01,726.0
21919,447-22,6626,379-09,2023-06-01,8,2024-01-01,173.0
21919,447-22,6626,379-09,2023-06-01,9,2024-02-01,292.0
21919,447-22,6626,379-09,2023-06-01,10,2024-03-01,409.0
21919,447-22,6626,379-09,2023-06-01,11,2024-04-01,27.0
21919,447-22,6626,379-09,2023-06-01,12,2024-05-01,281.0
21919,447-22,6626,379-09,2023-06-01,13,2024-06-01,246.5
21919,447-22,6626,379-09,2023-06-01,14,2024-07-01,138.0
21919,447-22,6626,379-09,2023-06-01,15,2024-08-01,369.5
21919,447-22,6626,379-09,2023-06-01,16,2024-09-01,112.5
21919,447-22,6626,379-09,2023-06-01,17,2024-10-01,65.5
21919,447-22,6626,379-09,2023-06-01,18,2024-11-01,336.0
21919,447-22,6626,379-09,2023-06-01,19,2024-12-01,460.0
21919,447-22,6626,379-09,2023-06-01,20,2025-01-01,102.5
21919,447-22,6626,379-09,2023-06-01,21,2025-02-01,263.0
21919,447-22,6626,379-09,2023-06-01,22,2025-03-01,496.5
21919,447-22,6626,379-09,2023-06-01,23,2025-04-01,193.0
21919,447-22,6626,379-09,2023-06-01,24,2025-05-01,132.0
21919,447-22,6626,379-09,2023-06-01,25,2025-06-01,0.0
21919,447-22,6626,379-09,2023-06-01,26,2025-07-01,31.0
21919,447-22,6626,379-09,2023-06-01,27,2025-08-01,36.0
21919,447-22,6626,379-09,2023-06-01,28,2025-09-01,74.0
21919,447-22,6626,379-09,2023-06-01,29,2025-10-01,30.5
21919,447-22,6626,379-09,2023-06-01,30,2025-11-01,646.87
21919,447-22,6626,379-09,2023-06-01,31,2025-12-01,255.73
21919,447-22,6626,379-09,2023-06-01,32,2026-01-01,256.0
21919,447-22,6626,379-09,2023-06-01,33,2026-02-01,264.85
21919,447-22,6626,379-09,2023-06-01,34,2026-03-01,0.0
21919,447-22,6626,379-09,2023-06-01,35,2026-04-01,0.0
21919,447-22,6626,379-09,2023-06-01,36,2026-05-01,350.0
21919,447-22,6626,379-09,2023-06-01,37,2026-06-01,17.0
21919,447-22,6626,379-09,2023-06-01,38,2026-07-01,47.0
21919,447-22,6626,379-09,2023-06-01,39,2026-08-01,193.0
21920,447-23,6627,379-10,2023-06-06,1,2023-06-01,116.6
21920,447-23,6627,379-10,2023-06-06,2,2023-07-01,72.5
21920,447-23,6627,379-10,2023-06-06,3,2023-08-01,117.0
21920,447-23,6627,379-10,2023-06-06,4,2023-09-01,76.0
21920,447-23,6627,379-10,2023-06-06,5,2023-10-01,8.0
21920,447-23,6627,379-10,2023-06-06,6,2023-11-01,34.0
21920,447-23,6627,379-10,2023-06-06,7,2023-12-01,50.0
21920,447-23,6627,379-10,2023-06-06,8,2024-01-01,215.3
21920,447-23,6627,379-10,2023-06-06,9,2024-02-01,76.0
21920,447-23,6627,379-10,2023-06-06,10,2024-03-01,52.0
21920,447-23,6627,379-10,2023-06-06,11,2024-04-01,7.0
21920,447-23,6627,379-10,2023-06-06,12,2024-05-01,57.0
21920,447-23,6627,379-10,2023-06-06,13,2024-06-01,45.0
21920,447-23,6627,379-10,2023-06-06,14,2024-07-01,0.0
21920,447-23,6627,379-10,2023-06-06,15,2024-08-01,40.1
21920,447-23,6627,379-10,2023-06-06,16,2024-09-01,0.0
21920,447-23,6627,379-10,2023-06-06,17,2024-10-01,0.0
21920,447-23,6627,379-10,2023-06-06,18,2024-11-01,15.0
21920,447-23,6627,379-10,2023-06-06,19,2024-12-01,9.0
21920,447-23,6627,379-10,2023-06-06,20,2025-01-01,25.0
21920,447-23,6627,379-10,2023-06-06,21,2025-02-01,0.0
21920,447-23,6627,379-10,2023-06-06,22,2025-03-01,0.0
21920,447-23,6627,379-10,2023-06-06,23,2025-04-01,22.0
21920,447-23,6627,379-10,2023-06-06,24,2025-05-01,107.0
21920,447-23,6627,379-10,2023-06-06,25,2025-06-01,10.0
21920,447-23,6627,379-10,2023-06-06,26,2025-07-01,0.0
21920,447-23,6627,379-10,2023-06-06,27,2025-08-01,0.0
21920,447-23,6627,379-10,2023-06-06,28,2025-09-01,0.0
21920,447-23,6627,379-10,2023-06-06,29,2025-10-01,0.0
21920,447-23,6627,379-10,2023-06-06,30,2025-11-01,16.0
21920,447-23,6627,379-10,2023-06-06,31,2025-12-01,0.0
21920,447-23,6627,379-10,2023-06-06,32,2026-01-01,16.0
21920,447-23,6627,379-10,2023-06-06,33,2026-02-01,0.0
21920,447-23,6627,379-10,2023-06-06,34,2026-03-01,0.0
21920,447-23,6627,379-10,2023-06-06,35,2026-04-01,8.5
21920,447-23,6627,379-10,2023-06-06,36,2026-05-01,0.0
21920,447-23,6627,379-10,2023-06-06,37,2026-06-01,0.0
21920,447-23,6627,379-10,2023-06-06,38,2026-07-01,0.0
21920,447-23,6627,379-10,2023-06-06,39,2026-08-01,0.0
21921,447-24,6628,379-11,2023-06-03,1,2023-06-01,51.5
21921,447-24,6628,379-11,2023-06-03,2,2023-07-01,81.0
21921,447-24,6628,379-11,2023-06-03,3,2023-08-01,21.0
21921,447-24,6628,379-11,2023-06-03,4,2023-09-01,16.5
21921,447-24,6628,379-11,2023-06-03,5,2023-10-01,72.0
21921,447-24,6628,379-11,2023-06-03,6,2023-11-01,47.0
21921,447-24,6628,379-11,2023-06-03,7,2023-12-01,80.5
21921,447-24,6628,379-11,2023-06-03,8,2024-01-01,53.0
21921,447-24,6628,379-11,2023-06-03,9,2024-02-01,135.0
21921,447-24,6628,379-11,2023-06-03,10,2024-03-01,23.5
21921,447-24,6628,379-11,2023-06-03,11,2024-04-01,0.0
21921,447-24,6628,379-11,2023-06-03,12,2024-05-01,0.0
21921,447-24,6628,379-11,2023-06-03,13,2024-06-01,0.0
21921,447-24,6628,379-11,2023-06-03,14,2024-07-01,0.0
21921,447-24,6628,379-11,2023-06-03,15,2024-08-01,24.0
21921,447-24,6628,379-11,2023-06-03,16,2024-09-01,0.0
21921,447-24,6628,379-11,2023-06-03,17,2024-10-01,314.0
21921,447-24,6628,379-11,2023-06-03,18,2024-11-01,99.5
21921,447-24,6628,379-11,2023-06-03,19,2024-12-01,106.0
21921,447-24,6628,379-11,2023-06-03,20,2025-01-01,60.0
21921,447-24,6628,379-11,2023-06-03,21,2025-02-01,0.0
21921,447-24,6628,379-11,2023-06-03,22,2025-03-01,7.0
21921,447-24,6628,379-11,2023-06-03,23,2025-04-01,0.0
21921,447-24,6628,379-11,2023-06-03,24,2025-05-01,0.0
21921,447-24,6628,379-11,2023-06-03,25,2025-06-01,7.0
21921,447-24,6628,379-11,2023-06-03,26,2025-07-01,0.0
21921,447-24,6628,379-11,2023-06-03,27,2025-08-01,0.0
21921,447-24,6628,379-11,2023-06-03,28,2025-09-01,39.0
21921,447-24,6628,379-11,2023-06-03,29,2025-10-01,5.0
21921,447-24,6628,379-11,2023-06-03,30,2025-11-01,0.0
21921,447-24,6628,379-11,2023-06-03,31,2025-12-01,0.0
21921,447-24,6628,379-11,2023-06-03,32,2026-01-01,0.0
21921,447-24,6628,379-11,2023-06-03,33,2026-02-01,0.0
21921,447-24,6628,379-11,2023-06-03,34,2026-03-01,0.0
21921,447-24,6628,379-11,2023-06-03,35,2026-04-01,6.5
21921,447-24,6628,379-11,2023-06-03,36,2026-05-01,0.0
21921,447-24,6628,379-11,2023-06-03,37,2026-06-01,0.0
21921,447-24,6628,379-11,2023-06-03,38,2026-07-01,0.0
21921,447-24,6628,379-11,2023-06-03,39,2026-08-01,0.0
21922,447-25,6629,379-12,2023-06-06,1,2023-06-01,222.0
21922,447-25,6629,379-12,2023-06-06,2,2023-07-01,324.0
21922,447-25,6629,379-12,2023-06-06,3,2023-08-01,51.0
21922,447-25,6629,379-12,2023-06-06,4,2023-09-01,151.5
21922,447-25,6629,379-12,2023-06-06,5,2023-10-01,56.0
21922,447-25,6629,379-12,2023-06-06,6,2023-11-01,729.0
21922,447-25,6629,379-12,2023-06-06,7,2023-12-01,208.0
21922,447-25,6629,379-12,2023-06-06,8,2024-01-01,60.0
21922,447-25,6629,379-12,2023-06-06,9,2024-02-01,39.5
21922,447-25,6629,379-12,2023-06-06,10,2024-03-01,91.0
21922,447-25,6629,379-12,2023-06-06,11,2024-04-01,67.0
21922,447-25,6629,379-12,2023-06-06,12,2024-05-01,46.0
21922,447-25,6629,379-12,2023-06-06,13,2024-06-01,129.5
21922,447-25,6629,379-12,2023-06-06,14,2024-07-01,33.0
21922,447-25,6629,379-12,2023-06-06,15,2024-08-01,0.0
21922,447-25,6629,379-12,2023-06-06,16,2024-09-01,16.5
21922,447-25,6629,379-12,2023-06-06,17,2024-10-01,9.0
21922,447-25,6629,379-12,2023-06-06,18,2024-11-01,19.5
21922,447-25,6629,379-12,2023-06-06,19,2024-12-01,59.0
21922,447-25,6629,379-12,2023-06-06,20,2025-01-01,65.5
21922,447-25,6629,379-12,2023-06-06,21,2025-02-01,37.5
21922,447-25,6629,379-12,2023-06-06,22,2025-03-01,195.0
21922,447-25,6629,379-12,2023-06-06,23,2025-04-01,24.0
21922,447-25,6629,379-12,2023-06-06,24,2025-05-01,29.0
21922,447-25,6629,379-12,2023-06-06,25,2025-06-01,16.5
21922,447-25,6629,379-12,2023-06-06,26,2025-07-01,42.0
21922,447-25,6629,379-12,2023-06-06,27,2025-08-01,0.0
21922,447-25,6629,379-12,2023-06-06,28,2025-09-01,0.0
21922,447-25,6629,379-12,2023-06-06,29,2025-10-01,0.0
21922,447-25,6629,379-12,2023-06-06,30,2025-11-01,40.0
21922,447-25,6629,379-12,2023-06-06,31,2025-12-01,6.5
21922,447-25,6629,379-12,2023-06-06,32,2026-01-01,80.0
21922,447-25,6629,379-12,2023-06-06,33,2026-02-01,92.0
21922,447-25,6629,379-12,2023-06-06,34,2026-03-01,25.0
21922,447-25,6629,379-12,2023-06-06,35,2026-04-01,48.5
21922,447-25,6629,379-12,2023-06-06,36,2026-05-01,12.0
21922,447-25,6629,379-12,2023-06-06,37,2026-06-01,31.0
21922,447-25,6629,379-12,2023-06-06,38,2026-07-01,0.0
21922,447-25,6629,379-12,2023-06-06,39,2026-08-01,0.0
21923,447-26,6630,379-13,2023-06-21,1,2023-06-01,34.0
21923,447-26,6630,379-13,2023-06-21,2,2023-07-01,167.5
21923,447-26,6630,379-13,2023-06-21,3,2023-08-01,12.0
21923,447-26,6630,379-13,2023-06-21,4,2023-09-01,23.5
21923,447-26,6630,379-13,2023-06-21,5,2023-10-01,135.0
21923,447-26,6630,379-13,2023-06-21,6,2023-11-01,18.0
21923,447-26,6630,379-13,2023-06-21,7,2023-12-01,24.5
21923,447-26,6630,379-13,2023-06-21,8,2024-01-01,0.0
21923,447-26,6630,379-13,2023-06-21,9,2024-02-01,56.0
21923,447-26,6630,379-13,2023-06-21,10,2024-03-01,0.0
21923,447-26,6630,379-13,2023-06-21,11,2024-04-01,6.0
21923,447-26,6630,379-13,2023-06-21,12,2024-05-01,50.0
21923,447-26,6630,379-13,2023-06-21,13,2024-06-01,0.0
21923,447-26,6630,379-13,2023-06-21,14,2024-07-01,0.0
21923,447-26,6630,379-13,2023-06-21,15,2024-08-01,69.0
21923,447-26,6630,379-13,2023-06-21,16,2024-09-01,0.0
21923,447-26,6630,379-13,2023-06-21,17,2024-10-01,0.0
21923,447-26,6630,379-13,2023-06-21,18,2024-11-01,0.0
21923,447-26,6630,379-13,2023-06-21,19,2024-12-01,0.0
21923,447-26,6630,379-13,2023-06-21,20,2025-01-01,0.0
21923,447-26,6630,379-13,2023-06-21,21,2025-02-01,7.5
21923,447-26,6630,379-13,2023-06-21,22,2025-03-01,0.0
21923,447-26,6630,379-13,2023-06-21,23,2025-04-01,0.0
21923,447-26,6630,379-13,2023-06-21,24,2025-05-01,60.0
21923,447-26,6630,379-13,2023-06-21,25,2025-06-01,0.0
21923,447-26,6630,379-13,2023-06-21,26,2025-07-01,0.0
21923,447-26,6630,379-13,2023-06-21,27,2025-08-01,0.0
21923,447-26,6630,379-13,2023-06-21,28,2025-09-01,6.5
21923,447-26,6630,379-13,2023-06-21,29,2025-10-01,0.0
21923,447-26,6630,379-13,2023-06-21,30,2025-11-01,17.0
21923,447-26,6630,379-13,2023-06-21,31,2025-12-01,0.0
21923,447-26,6630,379-13,2023-06-21,32,2026-01-01,0.0
21923,447-26,6630,379-13,2023-06-21,33,2026-02-01,0.0
21923,447-26,6630,379-13,2023-06-21,34,2026-03-01,0.0
21923,447-26,6630,379-13,2023-06-21,35,2026-04-01,0.0
21923,447-26,6630,379-13,2023-06-21,36,2026-05-01,0.0
21923,447-26,6630,379-13,2023-06-21,37,2026-06-01,0.0
21923,447-26,6630,379-13,2023-06-21,38,2026-07-01,0.0
21923,447-26,6630,379-13,2023-06-21,39,2026-08-01,0.0
21924,447-27,6631,379-14,2023-08-25,1,2023-08-01,5.0
21924,447-27,6631,379-14,2023-08-25,2,2023-09-01,0.0
21924,447-27,6631,379-14,2023-08-25,3,2023-10-01,0.0
21924,447-27,6631,379-14,2023-08-25,4,2023-11-01,0.0
21924,447-27,6631,379-14,2023-08-25,5,2023-12-01,10.0
21924,447-27,6631,379-14,2023-08-25,6,2024-01-01,160.0
21924,447-27,6631,379-14,2023-08-25,7,2024-02-01,36.5
21924,447-27,6631,379-14,2023-08-25,8,2024-03-01,0.0
21924,447-27,6631,379-14,2023-08-25,9,2024-04-01,0.0
21924,447-27,6631,379-14,2023-08-25,10,2024-05-01,0.0
21924,447-27,6631,379-14,2023-08-25,11,2024-06-01,2.5
21924,447-27,6631,379-14,2023-08-25,12,2024-07-01,0.0
21924,447-27,6631,379-14,2023-08-25,13,2024-08-01,0.0
21924,447-27,6631,379-14,2023-08-25,14,2024-09-01,0.0
21924,447-27,6631,379-14,2023-08-25,15,2024-10-01,0.0
21924,447-27,6631,379-14,2023-08-25,16,2024-11-01,0.0
21924,447-27,6631,379-14,2023-08-25,17,2024-12-01,0.0
21924,447-27,6631,379-14,2023-08-25,18,2025-01-01,11.0
21924,447-27,6631,379-14,2023-08-25,19,2025-02-01,9.0
21924,447-27,6631,379-14,2023-08-25,20,2025-03-01,0.0
21924,447-27,6631,379-14,2023-08-25,21,2025-04-01,0.0
21924,447-27,6631,379-14,2023-08-25,22,2025-05-01,0.0
21924,447-27,6631,379-14,2023-08-25,23,2025-06-01,0.0
21924,447-27,6631,379-14,2023-08-25,24,2025-07-01,0.0
21924,447-27,6631,379-14,2023-08-25,25,2025-08-01,0.0
21924,447-27,6631,379-14,2023-08-25,26,2025-09-01,0.0
21924,447-27,6631,379-14,2023-08-25,27,2025-10-01,0.0
21924,447-27,6631,379-14,2023-08-25,28,2025-11-01,0.0
21924,447-27,6631,379-14,2023-08-25,29,2025-12-01,0.0
21924,447-27,6631,379-14,2023-08-25,30,2026-01-01,0.0
21924,447-27,6631,379-14,2023-08-25,31,2026-02-01,0.0
21924,447-27,6631,379-14,2023-08-25,32,2026-03-01,0.0
21924,447-27,6631,379-14,2023-08-25,33,2026-04-01,0.0
21924,447-27,6631,379-14,2023-08-25,34,2026-05-01,0.0
21924,447-27,6631,379-14,2023-08-25,35,2026-06-01,0.0
21924,447-27,6631,379-14,2023-08-25,36,2026-07-01,0.0
21924,447-27,6631,379-14,2023-08-25,37,2026-08-01,0.0
21925,447-28,6640,379-15,2023-06-27,1,2023-06-01,52.0
21925,447-28,6640,379-15,2023-06-27,2,2023-07-01,72.0
21925,447-28,6640,379-15,2023-06-27,3,2023-08-01,22.0
21925,447-28,6640,379-15,2023-06-27,4,2023-09-01,13.5
21925,447-28,6640,379-15,2023-06-27,5,2023-10-01,0.0
21925,447-28,6640,379-15,2023-06-27,6,2023-11-01,6.0
21925,447-28,6640,379-15,2023-06-27,7,2023-12-01,57.5
21925,447-28,6640,379-15,2023-06-27,8,2024-01-01,0.0
21925,447-28,6640,379-15,2023-06-27,9,2024-02-01,29.5
21925,447-28,6640,379-15,2023-06-27,10,2024-03-01,40.0
21925,447-28,6640,379-15,2023-06-27,11,2024-04-01,0.0
21925,447-28,6640,379-15,2023-06-27,12,2024-05-01,0.0
21925,447-28,6640,379-15,2023-06-27,13,2024-06-01,17.0
21925,447-28,6640,379-15,2023-06-27,14,2024-07-01,0.0
21925,447-28,6640,379-15,2023-06-27,15,2024-08-01,0.0
21925,447-28,6640,379-15,2023-06-27,16,2024-09-01,88.5
21925,447-28,6640,379-15,2023-06-27,17,2024-10-01,7.5
21925,447-28,6640,379-15,2023-06-27,18,2024-11-01,0.0
21925,447-28,6640,379-15,2023-06-27,19,2024-12-01,26.5
21925,447-28,6640,379-15,2023-06-27,20,2025-01-01,0.0
21925,447-28,6640,379-15,2023-06-27,21,2025-02-01,0.0
21925,447-28,6640,379-15,2023-06-27,22,2025-03-01,0.0
21925,447-28,6640,379-15,2023-06-27,23,2025-04-01,0.0
21925,447-28,6640,379-15,2023-06-27,24,2025-05-01,0.0
21925,447-28,6640,379-15,2023-06-27,25,2025-06-01,0.0
21925,447-28,6640,379-15,2023-06-27,26,2025-07-01,0.0
21925,447-28,6640,379-15,2023-06-27,27,2025-08-01,0.0
21925,447-28,6640,379-15,2023-06-27,28,2025-09-01,20.0
21925,447-28,6640,379-15,2023-06-27,29,2025-10-01,0.0
21925,447-28,6640,379-15,2023-06-27,30,2025-11-01,0.0
21925,447-28,6640,379-15,2023-06-27,31,2025-12-01,0.0
21925,447-28,6640,379-15,2023-06-27,32,2026-01-01,0.0
21925,447-28,6640,379-15,2023-06-27,33,2026-02-01,0.0
21925,447-28,6640,379-15,2023-06-27,34,2026-03-01,0.0
21925,447-28,6640,379-15,2023-06-27,35,2026-04-01,0.0
21925,447-28,6640,379-15,2023-06-27,36,2026-05-01,0.0
21925,447-28,6640,379-15,2023-06-27,37,2026-06-01,2.5
21925,447-28,6640,379-15,2023-06-27,38,2026-07-01,0.0
21925,447-28,6640,379-15,2023-06-27,39,2026-08-01,0.0
21926,447-29,6632,379-16,2023-06-06,1,2023-06-01,180.5
21926,447-29,6632,379-16,2023-06-06,2,2023-07-01,0.0
21926,447-29,6632,379-16,2023-06-06,3,2023-08-01,114.0
21926,447-29,6632,379-16,2023-06-06,4,2023-09-01,82.5
21926,447-29,6632,379-16,2023-06-06,5,2023-10-01,24.0
21926,447-29,6632,379-16,2023-06-06,6,2023-11-01,45.0
21926,447-29,6632,379-16,2023-06-06,7,2023-12-01,35.0
21926,447-29,6632,379-16,2023-06-06,8,2024-01-01,0.0
21926,447-29,6632,379-16,2023-06-06,9,2024-02-01,7.0
21926,447-29,6632,379-16,2023-06-06,10,2024-03-01,20.5
21926,447-29,6632,379-16,2023-06-06,11,2024-04-01,27.5
21926,447-29,6632,379-16,2023-06-06,12,2024-05-01,10.0
21926,447-29,6632,379-16,2023-06-06,13,2024-06-01,0.0
21926,447-29,6632,379-16,2023-06-06,14,2024-07-01,0.0
21926,447-29,6632,379-16,2023-06-06,15,2024-08-01,0.0
21926,447-29,6632,379-16,2023-06-06,16,2024-09-01,0.0
21926,447-29,6632,379-16,2023-06-06,17,2024-10-01,13.5
21926,447-29,6632,379-16,2023-06-06,18,2024-11-01,0.0
21926,447-29,6632,379-16,2023-06-06,19,2024-12-01,22.0
21926,447-29,6632,379-16,2023-06-06,20,2025-01-01,22.5
21926,447-29,6632,379-16,2023-06-06,21,2025-02-01,0.0
21926,447-29,6632,379-16,2023-06-06,22,2025-03-01,7.0
21926,447-29,6632,379-16,2023-06-06,23,2025-04-01,0.0
21926,447-29,6632,379-16,2023-06-06,24,2025-05-01,0.0
21926,447-29,6632,379-16,2023-06-06,25,2025-06-01,0.0
21926,447-29,6632,379-16,2023-06-06,26,2025-07-01,0.0
21926,447-29,6632,379-16,2023-06-06,27,2025-08-01,121.0
21926,447-29,6632,379-16,2023-06-06,28,2025-09-01,0.0
21926,447-29,6632,379-16,2023-06-06,29,2025-10-01,114.0
21926,447-29,6632,379-16,2023-06-06,30,2025-11-01,0.0
21926,447-29,6632,379-16,2023-06-06,31,2025-12-01,0.0
21926,447-29,6632,379-16,2023-06-06,32,2026-01-01,0.0
21926,447-29,6632,379-16,2023-06-06,33,2026-02-01,0.0
21926,447-29,6632,379-16,2023-06-06,34,2026-03-01,0.0
21926,447-29,6632,379-16,2023-06-06,35,2026-04-01,7.0
21926,447-29,6632,379-16,2023-06-06,36,2026-05-01,7.0
21926,447-29,6632,379-16,2023-06-06,37,2026-06-01,0.0
21926,447-29,6632,379-16,2023-06-06,38,2026-07-01,0.0
21926,447-29,6632,379-16,2023-06-06,39,2026-08-01,0.0
21927,447-30,6633,379-17,2023-06-06,1,2023-06-01,46.5
21927,447-30,6633,379-17,2023-06-06,2,2023-07-01,0.0
21927,447-30,6633,379-17,2023-06-06,3,2023-08-01,100.0
21927,447-30,6633,379-17,2023-06-06,4,2023-09-01,48.3
21927,447-30,6633,379-17,2023-06-06,5,2023-10-01,23.0
21927,447-30,6633,379-17,2023-06-06,6,2023-11-01,44.5
21927,447-30,6633,379-17,2023-06-06,7,2023-12-01,0.0
21927,447-30,6633,379-17,2023-06-06,8,2024-01-01,59.0
21927,447-30,6633,379-17,2023-06-06,9,2024-02-01,6.5
21927,447-30,6633,379-17,2023-06-06,10,2024-03-01,0.0
21927,447-30,6633,379-17,2023-06-06,11,2024-04-01,0.0
21927,447-30,6633,379-17,2023-06-06,12,2024-05-01,8.0
21927,447-30,6633,379-17,2023-06-06,13,2024-06-01,0.0
21927,447-30,6633,379-17,2023-06-06,14,2024-07-01,0.0
21927,447-30,6633,379-17,2023-06-06,15,2024-08-01,0.0
21927,447-30,6633,379-17,2023-06-06,16,2024-09-01,1.0
21927,447-30,6633,379-17,2023-06-06,17,2024-10-01,25.5
21927,447-30,6633,379-17,2023-06-06,18,2024-11-01,0.0
21927,447-30,6633,379-17,2023-06-06,19,2024-12-01,0.0
21927,447-30,6633,379-17,2023-06-06,20,2025-01-01,7.5
21927,447-30,6633,379-17,2023-06-06,21,2025-02-01,14.0
21927,447-30,6633,379-17,2023-06-06,22,2025-03-01,0.0
21927,447-30,6633,379-17,2023-06-06,23,2025-04-01,50.0
21927,447-30,6633,379-17,2023-06-06,24,2025-05-01,0.0
21927,447-30,6633,379-17,2023-06-06,25,2025-06-01,18.0
21927,447-30,6633,379-17,2023-06-06,26,2025-07-01,0.0
21927,447-30,6633,379-17,2023-06-06,27,2025-08-01,14.0
21927,447-30,6633,379-17,2023-06-06,28,2025-09-01,0.0
21927,447-30,6633,379-17,2023-06-06,29,2025-10-01,0.0
21927,447-30,6633,379-17,2023-06-06,30,2025-11-01,0.0
21927,447-30,6633,379-17,2023-06-06,31,2025-12-01,0.0
21927,447-30,6633,379-17,2023-06-06,32,2026-01-01,0.0
21927,447-30,6633,379-17,2023-06-06,33,2026-02-01,0.0
21927,447-30,6633,379-17,2023-06-06,34,2026-03-01,0.0
21927,447-30,6633,379-17,2023-06-06,35,2026-04-01,0.0
21927,447-30,6633,379-17,2023-06-06,36,2026-05-01,0.0
21927,447-30,6633,379-17,2023-06-06,37,2026-06-01,0.0
21927,447-30,6633,379-17,2023-06-06,38,2026-07-01,0.0
21927,447-30,6633,379-17,2023-06-06,39,2026-08-01,0.0
21928,447-31,6634,379-18,2023-06-13,1,2023-06-01,63.5
21928,447-31,6634,379-18,2023-06-13,2,2023-07-01,12.0
21928,447-31,6634,379-18,2023-06-13,3,2023-08-01,221.5
21928,447-31,6634,379-18,2023-06-13,4,2023-09-01,89.5
21928,447-31,6634,379-18,2023-06-13,5,2023-10-01,27.5
21928,447-31,6634,379-18,2023-06-13,6,2023-11-01,25.5
21928,447-31,6634,379-18,2023-06-13,7,2023-12-01,0.0
21928,447-31,6634,379-18,2023-06-13,8,2024-01-01,22.0
21928,447-31,6634,379-18,2023-06-13,9,2024-02-01,0.0
21928,447-31,6634,379-18,2023-06-13,10,2024-03-01,0.0
21928,447-31,6634,379-18,2023-06-13,11,2024-04-01,33.5
21928,447-31,6634,379-18,2023-06-13,12,2024-05-01,0.0
21928,447-31,6634,379-18,2023-06-13,13,2024-06-01,10.0
21928,447-31,6634,379-18,2023-06-13,14,2024-07-01,0.0
21928,447-31,6634,379-18,2023-06-13,15,2024-08-01,7.5
21928,447-31,6634,379-18,2023-06-13,16,2024-09-01,35.5
21928,447-31,6634,379-18,2023-06-13,17,2024-10-01,47.0
21928,447-31,6634,379-18,2023-06-13,18,2024-11-01,10.5
21928,447-31,6634,379-18,2023-06-13,19,2024-12-01,0.0
21928,447-31,6634,379-18,2023-06-13,20,2025-01-01,36.5
21928,447-31,6634,379-18,2023-06-13,21,2025-02-01,21.5
21928,447-31,6634,379-18,2023-06-13,22,2025-03-01,0.0
21928,447-31,6634,379-18,2023-06-13,23,2025-04-01,24.0
21928,447-31,6634,379-18,2023-06-13,24,2025-05-01,0.0
21928,447-31,6634,379-18,2023-06-13,25,2025-06-01,35.0
21928,447-31,6634,379-18,2023-06-13,26,2025-07-01,0.0
21928,447-31,6634,379-18,2023-06-13,27,2025-08-01,7.5
21928,447-31,6634,379-18,2023-06-13,28,2025-09-01,20.5
21928,447-31,6634,379-18,2023-06-13,29,2025-10-01,5.0
21928,447-31,6634,379-18,2023-06-13,30,2025-11-01,0.0
21928,447-31,6634,379-18,2023-06-13,31,2025-12-01,0.0
21928,447-31,6634,379-18,2023-06-13,32,2026-01-01,0.0
21928,447-31,6634,379-18,2023-06-13,33,2026-02-01,15.0
21928,447-31,6634,379-18,2023-06-13,34,2026-03-01,15.5
21928,447-31,6634,379-18,2023-06-13,35,2026-04-01,2.5
21928,447-31,6634,379-18,2023-06-13,36,2026-05-01,0.0
21928,447-31,6634,379-18,2023-06-13,37,2026-06-01,0.0
21928,447-31,6634,379-18,2023-06-13,38,2026-07-01,0.0
21928,447-31,6634,379-18,2023-06-13,39,2026-08-01,0.0
21929,447-32,6635,379-19,2023-06-03,1,2023-06-01,92.75
21929,447-32,6635,379-19,2023-06-03,2,2023-07-01,47.1
21929,447-32,6635,379-19,2023-06-03,3,2023-08-01,26.0
21929,447-32,6635,379-19,2023-06-03,4,2023-09-01,16.0
21929,447-32,6635,379-19,2023-06-03,5,2023-10-01,12.5
21929,447-32,6635,379-19,2023-06-03,6,2023-11-01,80.0
21929,447-32,6635,379-19,2023-06-03,7,2023-12-01,34.0
21929,447-32,6635,379-19,2023-06-03,8,2024-01-01,28.0
21929,447-32,6635,379-19,2023-06-03,9,2024-02-01,133.5
21929,447-32,6635,379-19,2023-06-03,10,2024-03-01,61.5
21929,447-32,6635,379-19,2023-06-03,11,2024-04-01,0.0
21929,447-32,6635,379-19,2023-06-03,12,2024-05-01,20.5
21929,447-32,6635,379-19,2023-06-03,13,2024-06-01,25.0
21929,447-32,6635,379-19,2023-06-03,14,2024-07-01,25.0
21929,447-32,6635,379-19,2023-06-03,15,2024-08-01,36.5
21929,447-32,6635,379-19,2023-06-03,16,2024-09-01,36.5
21929,447-32,6635,379-19,2023-06-03,17,2024-10-01,25.5
21929,447-32,6635,379-19,2023-06-03,18,2024-11-01,10.0
21929,447-32,6635,379-19,2023-06-03,19,2024-12-01,0.0
21929,447-32,6635,379-19,2023-06-03,20,2025-01-01,7.0
21929,447-32,6635,379-19,2023-06-03,21,2025-02-01,67.0
21929,447-32,6635,379-19,2023-06-03,22,2025-03-01,21.0
21929,447-32,6635,379-19,2023-06-03,23,2025-04-01,27.5
21929,447-32,6635,379-19,2023-06-03,24,2025-05-01,0.0
21929,447-32,6635,379-19,2023-06-03,25,2025-06-01,13.0
21929,447-32,6635,379-19,2023-06-03,26,2025-07-01,25.0
21929,447-32,6635,379-19,2023-06-03,27,2025-08-01,0.0
21929,447-32,6635,379-19,2023-06-03,28,2025-09-01,0.0
21929,447-32,6635,379-19,2023-06-03,29,2025-10-01,10.0
21929,447-32,6635,379-19,2023-06-03,30,2025-11-01,0.0
21929,447-32,6635,379-19,2023-06-03,31,2025-12-01,111.0
21929,447-32,6635,379-19,2023-06-03,32,2026-01-01,0.0
21929,447-32,6635,379-19,2023-06-03,33,2026-02-01,0.0
21929,447-32,6635,379-19,2023-06-03,34,2026-03-01,10.5
21929,447-32,6635,379-19,2023-06-03,35,2026-04-01,0.0
21929,447-32,6635,379-19,2023-06-03,36,2026-05-01,0.0
21929,447-32,6635,379-19,2023-06-03,37,2026-06-01,0.0
21929,447-32,6635,379-19,2023-06-03,38,2026-07-01,0.0
21929,447-32,6635,379-19,2023-06-03,39,2026-08-01,0.0
21930,447-33,6636,379-20,2023-06-06,1,2023-06-01,58.5
21930,447-33,6636,379-20,2023-06-06,2,2023-07-01,111.0
21930,447-33,6636,379-20,2023-06-06,3,2023-08-01,61.0
21930,447-33,6636,379-20,2023-06-06,4,2023-09-01,52.0
21930,447-33,6636,379-20,2023-06-06,5,2023-10-01,21.0
21930,447-33,6636,379-20,2023-06-06,6,2023-11-01,91.5
21930,447-33,6636,379-20,2023-06-06,7,2023-12-01,21.0
21930,447-33,6636,379-20,2023-06-06,8,2024-01-01,18.0
21930,447-33,6636,379-20,2023-06-06,9,2024-02-01,12.0
21930,447-33,6636,379-20,2023-06-06,10,2024-03-01,0.0
21930,447-33,6636,379-20,2023-06-06,11,2024-04-01,6.5
21930,447-33,6636,379-20,2023-06-06,12,2024-05-01,10.5
21930,447-33,6636,379-20,2023-06-06,13,2024-06-01,0.0
21930,447-33,6636,379-20,2023-06-06,14,2024-07-01,47.5
21930,447-33,6636,379-20,2023-06-06,15,2024-08-01,28.5
21930,447-33,6636,379-20,2023-06-06,16,2024-09-01,0.0
21930,447-33,6636,379-20,2023-06-06,17,2024-10-01,0.0
21930,447-33,6636,379-20,2023-06-06,18,2024-11-01,13.5
21930,447-33,6636,379-20,2023-06-06,19,2024-12-01,41.0
21930,447-33,6636,379-20,2023-06-06,20,2025-01-01,16.5
21930,447-33,6636,379-20,2023-06-06,21,2025-02-01,0.0
21930,447-33,6636,379-20,2023-06-06,22,2025-03-01,0.0
21930,447-33,6636,379-20,2023-06-06,23,2025-04-01,0.0
21930,447-33,6636,379-20,2023-06-06,24,2025-05-01,11.0
21930,447-33,6636,379-20,2023-06-06,25,2025-06-01,59.5
21930,447-33,6636,379-20,2023-06-06,26,2025-07-01,0.0
21930,447-33,6636,379-20,2023-06-06,27,2025-08-01,17.0
21930,447-33,6636,379-20,2023-06-06,28,2025-09-01,0.0
21930,447-33,6636,379-20,2023-06-06,29,2025-10-01,0.0
21930,447-33,6636,379-20,2023-06-06,30,2025-11-01,0.0
21930,447-33,6636,379-20,2023-06-06,31,2025-12-01,0.0
21930,447-33,6636,379-20,2023-06-06,32,2026-01-01,0.0
21930,447-33,6636,379-20,2023-06-06,33,2026-02-01,0.0
21930,447-33,6636,379-20,2023-06-06,34,2026-03-01,0.0
21930,447-33,6636,379-20,2023-06-06,35,2026-04-01,0.0
21930,447-33,6636,379-20,2023-06-06,36,2026-05-01,0.0
21930,447-33,6636,379-20,2023-06-06,37,2026-06-01,0.0
21930,447-33,6636,379-20,2023-06-06,38,2026-07-01,15.5
21930,447-33,6636,379-20,2023-06-06,39,2026-08-01,0.0
21931,447-34,6646,379-21,2023-06-10,1,2023-06-01,10.5
21931,447-34,6646,379-21,2023-06-10,2,2023-07-01,50.5
21931,447-34,6646,379-21,2023-06-10,3,2023-08-01,28.0
21931,447-34,6646,379-21,2023-06-10,4,2023-09-01,27.5
21931,447-34,6646,379-21,2023-06-10,5,2023-10-01,53.0
21931,447-34,6646,379-21,2023-06-10,6,2023-11-01,24.0
21931,447-34,6646,379-21,2023-06-10,7,2023-12-01,6.5
21931,447-34,6646,379-21,2023-06-10,8,2024-01-01,29.0
21931,447-34,6646,379-21,2023-06-10,9,2024-02-01,94.6
21931,447-34,6646,379-21,2023-06-10,10,2024-03-01,6.5
21931,447-34,6646,379-21,2023-06-10,11,2024-04-01,0.0
21931,447-34,6646,379-21,2023-06-10,12,2024-05-01,58.5
21931,447-34,6646,379-21,2023-06-10,13,2024-06-01,20.0
21931,447-34,6646,379-21,2023-06-10,14,2024-07-01,22.0
21931,447-34,6646,379-21,2023-06-10,15,2024-08-01,0.0
21931,447-34,6646,379-21,2023-06-10,16,2024-09-01,0.0
21931,447-34,6646,379-21,2023-06-10,17,2024-10-01,0.0
21931,447-34,6646,379-21,2023-06-10,18,2024-11-01,0.0
21931,447-34,6646,379-21,2023-06-10,19,2024-12-01,15.0
21931,447-34,6646,379-21,2023-06-10,20,2025-01-01,25.0
21931,447-34,6646,379-21,2023-06-10,21,2025-02-01,87.0
21931,447-34,6646,379-21,2023-06-10,22,2025-03-01,21.1
21931,447-34,6646,379-21,2023-06-10,23,2025-04-01,9.5
21931,447-34,6646,379-21,2023-06-10,24,2025-05-01,0.0
21931,447-34,6646,379-21,2023-06-10,25,2025-06-01,0.0
21931,447-34,6646,379-21,2023-06-10,26,2025-07-01,0.0
21931,447-34,6646,379-21,2023-06-10,27,2025-08-01,17.5
21931,447-34,6646,379-21,2023-06-10,28,2025-09-01,0.0
21931,447-34,6646,379-21,2023-06-10,29,2025-10-01,0.0
21931,447-34,6646,379-21,2023-06-10,30,2025-11-01,0.0
21931,447-34,6646,379-21,2023-06-10,31,2025-12-01,55.0
21931,447-34,6646,379-21,2023-06-10,32,2026-01-01,13.5
21931,447-34,6646,379-21,2023-06-10,33,2026-02-01,17.0
21931,447-34,6646,379-21,2023-06-10,34,2026-03-01,0.0
21931,447-34,6646,379-21,2023-06-10,35,2026-04-01,0.0
21931,447-34,6646,379-21,2023-06-10,36,2026-05-01,0.0
21931,447-34,6646,379-21,2023-06-10,37,2026-06-01,41.0
21931,447-34,6646,379-21,2023-06-10,38,2026-07-01,0.0
21931,447-34,6646,379-21,2023-06-10,39,2026-08-01,0.0
21885,432-14,13,351-01,2023-11-15,1,2023-11-01,17.0
21885,432-14,13,351-01,2023-11-15,2,2023-12-01,0.0
21885,432-14,13,351-01,2023-11-15,3,2024-01-01,51.0
21885,432-14,13,351-01,2023-11-15,4,2024-02-01,11.5
21885,432-14,13,351-01,2023-11-15,5,2024-03-01,0.0
21885,432-14,13,351-01,2023-11-15,6,2024-04-01,13.0
21885,432-14,13,351-01,2023-11-15,7,2024-05-01,35.0
21885,432-14,13,351-01,2023-11-15,8,2024-06-01,31.0
21885,432-14,13,351-01,2023-11-15,9,2024-07-01,0.0
21885,432-14,13,351-01,2023-11-15,10,2024-08-01,0.0
21885,432-14,13,351-01,2023-11-15,11,2024-09-01,0.0
21885,432-14,13,351-01,2023-11-15,12,2024-10-01,17.0
21885,432-14,13,351-01,2023-11-15,13,2024-11-01,0.0
21885,432-14,13,351-01,2023-11-15,14,2024-12-01,0.0
21885,432-14,13,351-01,2023-11-15,15,2025-01-01,0.0
21885,432-14,13,351-01,2023-11-15,16,2025-02-01,0.0
21885,432-14,13,351-01,2023-11-15,17,2025-03-01,0.0
21885,432-14,13,351-01,2023-11-15,18,2025-04-01,233.5
21885,432-14,13,351-01,2023-11-15,19,2025-05-01,0.0
21885,432-14,13,351-01,2023-11-15,20,2025-06-01,0.0
21885,432-14,13,351-01,2023-11-15,21,2025-07-01,0.0
21885,432-14,13,351-01,2023-11-15,22,2025-08-01,123.5
21885,432-14,13,351-01,2023-11-15,23,2025-09-01,0.0
21885,432-14,13,351-01,2023-11-15,24,2025-10-01,0.0
21885,432-14,13,351-01,2023-11-15,25,2025-11-01,0.0
21885,432-14,13,351-01,2023-11-15,26,2025-12-01,0.0
21885,432-14,13,351-01,2023-11-15,27,2026-01-01,0.0
21885,432-14,13,351-01,2023-11-15,28,2026-02-01,0.0
21885,432-14,13,351-01,2023-11-15,29,2026-03-01,0.0
21885,432-14,13,351-01,2023-11-15,30,2026-04-01,0.0
21885,432-14,13,351-01,2023-11-15,31,2026-05-01,0.0
21885,432-14,13,351-01,2023-11-15,32,2026-06-01,0.0
21885,432-14,13,351-01,2023-11-15,33,2026-07-01,0.0
21885,432-14,13,351-01,2023-11-15,34,2026-08-01,0.0
21886,432-17,14,351-02,2023-06-01,1,2023-06-01,61.5
21886,432-17,14,351-02,2023-06-01,2,2023-07-01,0.0
21886,432-17,14,351-02,2023-06-01,3,2023-08-01,0.0
21886,432-17,14,351-02,2023-06-01,4,2023-09-01,62.0
21886,432-17,14,351-02,2023-06-01,5,2023-10-01,1.5
21886,432-17,14,351-02,2023-06-01,6,2023-11-01,0.0
21886,432-17,14,351-02,2023-06-01,7,2023-12-01,18.5
21886,432-17,14,351-02,2023-06-01,8,2024-01-01,37.0
21886,432-17,14,351-02,2023-06-01,9,2024-02-01,0.0
21886,432-17,14,351-02,2023-06-01,10,2024-03-01,0.0
21886,432-17,14,351-02,2023-06-01,11,2024-04-01,0.0
21886,432-17,14,351-02,2023-06-01,12,2024-05-01,0.0
21886,432-17,14,351-02,2023-06-01,13,2024-06-01,44.0
21886,432-17,14,351-02,2023-06-01,14,2024-07-01,10.0
21886,432-17,14,351-02,2023-06-01,15,2024-08-01,0.0
21886,432-17,14,351-02,2023-06-01,16,2024-09-01,0.0
21886,432-17,14,351-02,2023-06-01,17,2024-10-01,112.0
21886,432-17,14,351-02,2023-06-01,18,2024-11-01,1.0
21886,432-17,14,351-02,2023-06-01,19,2024-12-01,52.0
21886,432-17,14,351-02,2023-06-01,20,2025-01-01,8.0
21886,432-17,14,351-02,2023-06-01,21,2025-02-01,2.0
21886,432-17,14,351-02,2023-06-01,22,2025-03-01,197.0
21886,432-17,14,351-02,2023-06-01,23,2025-04-01,64.5
21886,432-17,14,351-02,2023-06-01,24,2025-05-01,0.0
21886,432-17,14,351-02,2023-06-01,25,2025-06-01,0.0
21886,432-17,14,351-02,2023-06-01,26,2025-07-01,5.5
21886,432-17,14,351-02,2023-06-01,27,2025-08-01,3.5
21886,432-17,14,351-02,2023-06-01,28,2025-09-01,109.0
21886,432-17,14,351-02,2023-06-01,29,2025-10-01,0.0
21886,432-17,14,351-02,2023-06-01,30,2025-11-01,90.5
21886,432-17,14,351-02,2023-06-01,31,2025-12-01,0.0
21886,432-17,14,351-02,2023-06-01,32,2026-01-01,45.2
21886,432-17,14,351-02,2023-06-01,33,2026-02-01,17.5
21886,432-17,14,351-02,2023-06-01,34,2026-03-01,0.0
21886,432-17,14,351-02,2023-06-01,35,2026-04-01,1.0
21886,432-17,14,351-02,2023-06-01,36,2026-05-01,0.0
21886,432-17,14,351-02,2023-06-01,37,2026-06-01,72.0
21886,432-17,14,351-02,2023-06-01,38,2026-07-01,10.0
21886,432-17,14,351-02,2023-06-01,39,2026-08-01,8.0
21887,432-19,16,351-04,2023-06-10,1,2023-06-01,13.0
21887,432-19,16,351-04,2023-06-10,2,2023-07-01,20.0
21887,432-19,16,351-04,2023-06-10,3,2023-08-01,3.5
21887,432-19,16,351-04,2023-06-10,4,2023-09-01,0.0
21887,432-19,16,351-04,2023-06-10,5,2023-10-01,36.0
21887,432-19,16,351-04,2023-06-10,6,2023-11-01,0.0
21887,432-19,16,351-04,2023-06-10,7,2023-12-01,8.5
21887,432-19,16,351-04,2023-06-10,8,2024-01-01,0.0
21887,432-19,16,351-04,2023-06-10,9,2024-02-01,0.0
21887,432-19,16,351-04,2023-06-10,10,2024-03-01,9.0
21887,432-19,16,351-04,2023-06-10,11,2024-04-01,2.5
21887,432-19,16,351-04,2023-06-10,12,2024-05-01,0.0
21887,432-19,16,351-04,2023-06-10,13,2024-06-01,0.0
21887,432-19,16,351-04,2023-06-10,14,2024-07-01,0.0
21887,432-19,16,351-04,2023-06-10,15,2024-08-01,0.0
21887,432-19,16,351-04,2023-06-10,16,2024-09-01,0.0
21887,432-19,16,351-04,2023-06-10,17,2024-10-01,46.0
21887,432-19,16,351-04,2023-06-10,18,2024-11-01,0.0
21887,432-19,16,351-04,2023-06-10,19,2024-12-01,0.0
21887,432-19,16,351-04,2023-06-10,20,2025-01-01,0.0
21887,432-19,16,351-04,2023-06-10,21,2025-02-01,0.0
21887,432-19,16,351-04,2023-06-10,22,2025-03-01,0.0
21887,432-19,16,351-04,2023-06-10,23,2025-04-01,0.0
21887,432-19,16,351-04,2023-06-10,24,2025-05-01,0.0
21887,432-19,16,351-04,2023-06-10,25,2025-06-01,0.0
21887,432-19,16,351-04,2023-06-10,26,2025-07-01,0.0
21887,432-19,16,351-04,2023-06-10,27,2025-08-01,0.0
21887,432-19,16,351-04,2023-06-10,28,2025-09-01,0.0
21887,432-19,16,351-04,2023-06-10,29,2025-10-01,0.0
21887,432-19,16,351-04,2023-06-10,30,2025-11-01,0.0
21887,432-19,16,351-04,2023-06-10,31,2025-12-01,0.0
21887,432-19,16,351-04,2023-06-10,32,2026-01-01,65.0
21887,432-19,16,351-04,2023-06-10,33,2026-02-01,0.0
21887,432-19,16,351-04,2023-06-10,34,2026-03-01,12.0
21887,432-19,16,351-04,2023-06-10,35,2026-04-01,0.0
21887,432-19,16,351-04,2023-06-10,36,2026-05-01,0.0
21887,432-19,16,351-04,2023-06-10,37,2026-06-01,0.0
21887,432-19,16,351-04,2023-06-10,38,2026-07-01,0.0
21887,432-19,16,351-04,2023-06-10,39,2026-08-01,0.0
21888,432-20,20,351-08,2023-08-31,1,2023-08-01,18.0
21888,432-20,20,351-08,2023-08-31,2,2023-09-01,3.0
21888,432-20,20,351-08,2023-08-31,3,2023-10-01,0.0
21888,432-20,20,351-08,2023-08-31,4,2023-11-01,0.0
21888,432-20,20,351-08,2023-08-31,5,2023-12-01,33.5
21888,432-20,20,351-08,2023-08-31,6,2024-01-01,0.0
21888,432-20,20,351-08,2023-08-31,7,2024-02-01,0.0
21888,432-20,20,351-08,2023-08-31,8,2024-03-01,0.0
21888,432-20,20,351-08,2023-08-31,9,2024-04-01,0.0
21888,432-20,20,351-08,2023-08-31,10,2024-05-01,0.0
21888,432-20,20,351-08,2023-08-31,11,2024-06-01,0.0
21888,432-20,20,351-08,2023-08-31,12,2024-07-01,0.0
21888,432-20,20,351-08,2023-08-31,13,2024-08-01,0.0
21888,432-20,20,351-08,2023-08-31,14,2024-09-01,0.0
21888,432-20,20,351-08,2023-08-31,15,2024-10-01,26.5
21888,432-20,20,351-08,2023-08-31,16,2024-11-01,30.0
21888,432-20,20,351-08,2023-08-31,17,2024-12-01,15.0
21888,432-20,20,351-08,2023-08-31,18,2025-01-01,0.0
21888,432-20,20,351-08,2023-08-31,19,2025-02-01,0.0
21888,432-20,20,351-08,2023-08-31,20,2025-03-01,22.5
21888,432-20,20,351-08,2023-08-31,21,2025-04-01,0.0
21888,432-20,20,351-08,2023-08-31,22,2025-05-01,0.0
21888,432-20,20,351-08,2023-08-31,23,2025-06-01,0.0
21888,432-20,20,351-08,2023-08-31,24,2025-07-01,0.0
21888,432-20,20,351-08,2023-08-31,25,2025-08-01,0.0
21888,432-20,20,351-08,2023-08-31,26,2025-09-01,0.0
21888,432-20,20,351-08,2023-08-31,27,2025-10-01,0.0
21888,432-20,20,351-08,2023-08-31,28,2025-11-01,0.0
21888,432-20,20,351-08,2023-08-31,29,2025-12-01,0.0
21888,432-20,20,351-08,2023-08-31,30,2026-01-01,0.0
21888,432-20,20,351-08,2023-08-31,31,2026-02-01,2.0
21888,432-20,20,351-08,2023-08-31,32,2026-03-01,0.0
21888,432-20,20,351-08,2023-08-31,33,2026-04-01,0.0
21888,432-20,20,351-08,2023-08-31,34,2026-05-01,0.0
21888,432-20,20,351-08,2023-08-31,35,2026-06-01,0.0
21888,432-20,20,351-08,2023-08-31,36,2026-07-01,0.0
21888,432-20,20,351-08,2023-08-31,37,2026-08-01,0.0
21870,422-28,21767,422-04,2026-02-05,1,2026-02-01,42.0
21870,422-28,21767,422-04,2026-02-05,2,2026-03-01,11.0
21870,422-28,21767,422-04,2026-02-05,3,2026-04-01,36.5
21870,422-28,21767,422-04,2026-02-05,4,2026-05-01,40.0
21870,422-28,21767,422-04,2026-02-05,5,2026-06-01,161.0
21870,422-28,21767,422-04,2026-02-05,6,2026-07-01,119.0
21870,422-28,21767,422-04,2026-02-05,7,2026-08-01,33.0
21868,432-15,15,351-03,2023-06-19,1,2023-06-01,15.5
21868,432-15,15,351-03,2023-06-19,2,2023-07-01,0.0
21868,432-15,15,351-03,2023-06-19,3,2023-08-01,10.0
21868,432-15,15,351-03,2023-06-19,4,2023-09-01,0.0
21868,432-15,15,351-03,2023-06-19,5,2023-10-01,0.0
21868,432-15,15,351-03,2023-06-19,6,2023-11-01,0.5
21868,432-15,15,351-03,2023-06-19,7,2023-12-01,0.0
21868,432-15,15,351-03,2023-06-19,8,2024-01-01,6.0
21868,432-15,15,351-03,2023-06-19,9,2024-02-01,0.0
21868,432-15,15,351-03,2023-06-19,10,2024-03-01,19.0
21868,432-15,15,351-03,2023-06-19,11,2024-04-01,0.0
21868,432-15,15,351-03,2023-06-19,12,2024-05-01,0.0
21868,432-15,15,351-03,2023-06-19,13,2024-06-01,0.0
21868,432-15,15,351-03,2023-06-19,14,2024-07-01,0.0
21868,432-15,15,351-03,2023-06-19,15,2024-08-01,0.0
21868,432-15,15,351-03,2023-06-19,16,2024-09-01,0.0
21868,432-15,15,351-03,2023-06-19,17,2024-10-01,39.0
21868,432-15,15,351-03,2023-06-19,18,2024-11-01,0.0
21868,432-15,15,351-03,2023-06-19,19,2024-12-01,0.0
21868,432-15,15,351-03,2023-06-19,20,2025-01-01,0.0
21868,432-15,15,351-03,2023-06-19,21,2025-02-01,0.0
21868,432-15,15,351-03,2023-06-19,22,2025-03-01,0.0
21868,432-15,15,351-03,2023-06-19,23,2025-04-01,0.0
21868,432-15,15,351-03,2023-06-19,24,2025-05-01,61.0
21868,432-15,15,351-03,2023-06-19,25,2025-06-01,0.0
21868,432-15,15,351-03,2023-06-19,26,2025-07-01,57.5
21868,432-15,15,351-03,2023-06-19,27,2025-08-01,0.0
21868,432-15,15,351-03,2023-06-19,28,2025-09-01,0.0
21868,432-15,15,351-03,2023-06-19,29,2025-10-01,24.0
21868,432-15,15,351-03,2023-06-19,30,2025-11-01,0.0
21868,432-15,15,351-03,2023-06-19,31,2025-12-01,0.0
21868,432-15,15,351-03,2023-06-19,32,2026-01-01,0.0
21868,432-15,15,351-03,2023-06-19,33,2026-02-01,3.0
21868,432-15,15,351-03,2023-06-19,34,2026-03-01,0.0
21868,432-15,15,351-03,2023-06-19,35,2026-04-01,128.0
21868,432-15,15,351-03,2023-06-19,36,2026-05-01,0.0
21868,432-15,15,351-03,2023-06-19,37,2026-06-01,1.0
21868,432-15,15,351-03,2023-06-19,38,2026-07-01,0.0
21868,432-15,15,351-03,2023-06-19,39,2026-08-01,0.0
21714,438-45,15498,396-01,2024-05-07,1,2024-05-01,39.5
21714,438-45,15498,396-01,2024-05-07,2,2024-06-01,24.0
21714,438-45,15498,396-01,2024-05-07,3,2024-07-01,0.0
21714,438-45,15498,396-01,2024-05-07,4,2024-08-01,5.0
21714,438-45,15498,396-01,2024-05-07,5,2024-09-01,16.5
21714,438-45,15498,396-01,2024-05-07,6,2024-10-01,30.5
21714,438-45,15498,396-01,2024-05-07,7,2024-11-01,0.0
21714,438-45,15498,396-01,2024-05-07,8,2024-12-01,12.0
21714,438-45,15498,396-01,2024-05-07,9,2025-01-01,51.0
21714,438-45,15498,396-01,2024-05-07,10,2025-02-01,11.0
21714,438-45,15498,396-01,2024-05-07,11,2025-03-01,78.5
21714,438-45,15498,396-01,2024-05-07,12,2025-04-01,24.0
21714,438-45,15498,396-01,2024-05-07,13,2025-05-01,10.0
21714,438-45,15498,396-01,2024-05-07,14,2025-06-01,0.0
21714,438-45,15498,396-01,2024-05-07,15,2025-07-01,3.0
21714,438-45,15498,396-01,2024-05-07,16,2025-08-01,18.5
21714,438-45,15498,396-01,2024-05-07,17,2025-09-01,162.75
21714,438-45,15498,396-01,2024-05-07,18,2025-10-01,111.5
21714,438-45,15498,396-01,2024-05-07,19,2025-11-01,12.0
21714,438-45,15498,396-01,2024-05-07,20,2025-12-01,4.5
21714,438-45,15498,396-01,2024-05-07,21,2026-01-01,0.0
21714,438-45,15498,396-01,2024-05-07,22,2026-02-01,9.5
21714,438-45,15498,396-01,2024-05-07,23,2026-03-01,15.5
21714,438-45,15498,396-01,2024-05-07,24,2026-04-01,35.0
21714,438-45,15498,396-01,2024-05-07,25,2026-05-01,16.5
21714,438-45,15498,396-01,2024-05-07,26,2026-06-01,60.5
21714,438-45,15498,396-01,2024-05-07,27,2026-07-01,8.0
21714,438-45,15498,396-01,2024-05-07,28,2026-08-01,0.0
21716,438-47,12741,396-10,2024-06-01,1,2024-06-01,69.25
21716,438-47,12741,396-10,2024-06-01,2,2024-07-01,0.0
21716,438-47,12741,396-10,2024-06-01,3,2024-08-01,0.0
21716,438-47,12741,396-10,2024-06-01,4,2024-09-01,0.0
21716,438-47,12741,396-10,2024-06-01,5,2024-10-01,0.0
21716,438-47,12741,396-10,2024-06-01,6,2024-11-01,0.0
21716,438-47,12741,396-10,2024-06-01,7,2024-12-01,0.0
21716,438-47,12741,396-10,2024-06-01,8,2025-01-01,20.0
21716,438-47,12741,396-10,2024-06-01,9,2025-02-01,1.0
21716,438-47,12741,396-10,2024-06-01,10,2025-03-01,0.0
21716,438-47,12741,396-10,2024-06-01,11,2025-04-01,0.0
21716,438-47,12741,396-10,2024-06-01,12,2025-05-01,5.5
21716,438-47,12741,396-10,2024-06-01,13,2025-06-01,19.5
21716,438-47,12741,396-10,2024-06-01,14,2025-07-01,0.0
21716,438-47,12741,396-10,2024-06-01,15,2025-08-01,46.0
21716,438-47,12741,396-10,2024-06-01,16,2025-09-01,18.0
21716,438-47,12741,396-10,2024-06-01,17,2025-10-01,10.0
21716,438-47,12741,396-10,2024-06-01,18,2025-11-01,48.0
21716,438-47,12741,396-10,2024-06-01,19,2025-12-01,6.0
21716,438-47,12741,396-10,2024-06-01,20,2026-01-01,129.5
21716,438-47,12741,396-10,2024-06-01,21,2026-02-01,20.0
21716,438-47,12741,396-10,2024-06-01,22,2026-03-01,0.0
21716,438-47,12741,396-10,2024-06-01,23,2026-04-01,0.0
21716,438-47,12741,396-10,2024-06-01,24,2026-05-01,2.5
21716,438-47,12741,396-10,2024-06-01,25,2026-06-01,0.0
21716,438-47,12741,396-10,2024-06-01,26,2026-07-01,10.5
21716,438-47,12741,396-10,2024-06-01,27,2026-08-01,0.0
21717,438-48,12742,396-11,2024-06-25,1,2024-06-01,2.0
21717,438-48,12742,396-11,2024-06-25,2,2024-07-01,0.0
21717,438-48,12742,396-11,2024-06-25,3,2024-08-01,0.0
21717,438-48,12742,396-11,2024-06-25,4,2024-09-01,0.0
21717,438-48,12742,396-11,2024-06-25,5,2024-10-01,43.0
21717,438-48,12742,396-11,2024-06-25,6,2024-11-01,0.0
21717,438-48,12742,396-11,2024-06-25,7,2024-12-01,0.0
21717,438-48,12742,396-11,2024-06-25,8,2025-01-01,0.0
21717,438-48,12742,396-11,2024-06-25,9,2025-02-01,0.0
21717,438-48,12742,396-11,2024-06-25,10,2025-03-01,0.0
21717,438-48,12742,396-11,2024-06-25,11,2025-04-01,12.0
21717,438-48,12742,396-11,2024-06-25,12,2025-05-01,20.0
21717,438-48,12742,396-11,2024-06-25,13,2025-06-01,0.0
21717,438-48,12742,396-11,2024-06-25,14,2025-07-01,14.0
21717,438-48,12742,396-11,2024-06-25,15,2025-08-01,70.0
21717,438-48,12742,396-11,2024-06-25,16,2025-09-01,0.0
21717,438-48,12742,396-11,2024-06-25,17,2025-10-01,0.0
21717,438-48,12742,396-11,2024-06-25,18,2025-11-01,0.0
21717,438-48,12742,396-11,2024-06-25,19,2025-12-01,0.0
21717,438-48,12742,396-11,2024-06-25,20,2026-01-01,0.0
21717,438-48,12742,396-11,2024-06-25,21,2026-02-01,0.0
21717,438-48,12742,396-11,2024-06-25,22,2026-03-01,0.0
21717,438-48,12742,396-11,2024-06-25,23,2026-04-01,0.0
21717,438-48,12742,396-11,2024-06-25,24,2026-05-01,1.5
21717,438-48,12742,396-11,2024-06-25,25,2026-06-01,5.0
21717,438-48,12742,396-11,2024-06-25,26,2026-07-01,2.0
21717,438-48,12742,396-11,2024-06-25,27,2026-08-01,0.0
21718,438-49,12745,396-14,2024-07-29,1,2024-07-01,50.0
21718,438-49,12745,396-14,2024-07-29,2,2024-08-01,0.0
21718,438-49,12745,396-14,2024-07-29,3,2024-09-01,0.0
21718,438-49,12745,396-14,2024-07-29,4,2024-10-01,4.0
21718,438-49,12745,396-14,2024-07-29,5,2024-11-01,8.0
21718,438-49,12745,396-14,2024-07-29,6,2024-12-01,0.0
21718,438-49,12745,396-14,2024-07-29,7,2025-01-01,15.5
21718,438-49,12745,396-14,2024-07-29,8,2025-02-01,36.5
21718,438-49,12745,396-14,2024-07-29,9,2025-03-01,13.0
21718,438-49,12745,396-14,2024-07-29,10,2025-04-01,3.0
21718,438-49,12745,396-14,2024-07-29,11,2025-05-01,0.0
21718,438-49,12745,396-14,2024-07-29,12,2025-06-01,0.0
21718,438-49,12745,396-14,2024-07-29,13,2025-07-01,35.0
21718,438-49,12745,396-14,2024-07-29,14,2025-08-01,0.0
21718,438-49,12745,396-14,2024-07-29,15,2025-09-01,23.0
21718,438-49,12745,396-14,2024-07-29,16,2025-10-01,23.0
21718,438-49,12745,396-14,2024-07-29,17,2025-11-01,3.0
21718,438-49,12745,396-14,2024-07-29,18,2025-12-01,6.0
21718,438-49,12745,396-14,2024-07-29,19,2026-01-01,27.0
21718,438-49,12745,396-14,2024-07-29,20,2026-02-01,7.0
21718,438-49,12745,396-14,2024-07-29,21,2026-03-01,0.0
21718,438-49,12745,396-14,2024-07-29,22,2026-04-01,24.0
21718,438-49,12745,396-14,2024-07-29,23,2026-05-01,0.0
21718,438-49,12745,396-14,2024-07-29,24,2026-06-01,14.5
21718,438-49,12745,396-14,2024-07-29,25,2026-07-01,6.0
21718,438-49,12745,396-14,2024-07-29,26,2026-08-01,0.0
21719,438-50,12747,396-16,2024-08-05,1,2024-08-01,7.5
21719,438-50,12747,396-16,2024-08-05,2,2024-09-01,0.0
21719,438-50,12747,396-16,2024-08-05,3,2024-10-01,0.0
21719,438-50,12747,396-16,2024-08-05,4,2024-11-01,0.0
21719,438-50,12747,396-16,2024-08-05,5,2024-12-01,0.0
21719,438-50,12747,396-16,2024-08-05,6,2025-01-01,49.0
21719,438-50,12747,396-16,2024-08-05,7,2025-02-01,0.0
21719,438-50,12747,396-16,2024-08-05,8,2025-03-01,9.5
21719,438-50,12747,396-16,2024-08-05,9,2025-04-01,0.0
21719,438-50,12747,396-16,2024-08-05,10,2025-05-01,3.0
21719,438-50,12747,396-16,2024-08-05,11,2025-06-01,0.0
21719,438-50,12747,396-16,2024-08-05,12,2025-07-01,0.0
21719,438-50,12747,396-16,2024-08-05,13,2025-08-01,0.0
21719,438-50,12747,396-16,2024-08-05,14,2025-09-01,0.0
21719,438-50,12747,396-16,2024-08-05,15,2025-10-01,0.0
21719,438-50,12747,396-16,2024-08-05,16,2025-11-01,0.0
21719,438-50,12747,396-16,2024-08-05,17,2025-12-01,19.0
21719,438-50,12747,396-16,2024-08-05,18,2026-01-01,0.0
21719,438-50,12747,396-16,2024-08-05,19,2026-02-01,0.0
21719,438-50,12747,396-16,2024-08-05,20,2026-03-01,0.0
21719,438-50,12747,396-16,2024-08-05,21,2026-04-01,18.0
21719,438-50,12747,396-16,2024-08-05,22,2026-05-01,3.0
21719,438-50,12747,396-16,2024-08-05,23,2026-06-01,13.0
21719,438-50,12747,396-16,2024-08-05,24,2026-07-01,0.0
21719,438-50,12747,396-16,2024-08-05,25,2026-08-01,5.5
21720,438-52,12751,396-20,2024-07-29,1,2024-07-01,23.5
21720,438-52,12751,396-20,2024-07-29,2,2024-08-01,16.5
21720,438-52,12751,396-20,2024-07-29,3,2024-09-01,0.0
21720,438-52,12751,396-20,2024-07-29,4,2024-10-01,77.9
21720,438-52,12751,396-20,2024-07-29,5,2024-11-01,23.0
21720,438-52,12751,396-20,2024-07-29,6,2024-12-01,23.5
21720,438-52,12751,396-20,2024-07-29,7,2025-01-01,0.0
21720,438-52,12751,396-20,2024-07-29,8,2025-02-01,0.0
21720,438-52,12751,396-20,2024-07-29,9,2025-03-01,0.0
21720,438-52,12751,396-20,2024-07-29,10,2025-04-01,0.0
21720,438-52,12751,396-20,2024-07-29,11,2025-05-01,29.0
21720,438-52,12751,396-20,2024-07-29,12,2025-06-01,25.5
21720,438-52,12751,396-20,2024-07-29,13,2025-07-01,54.5
21720,438-52,12751,396-20,2024-07-29,14,2025-08-01,45.0
21720,438-52,12751,396-20,2024-07-29,15,2025-09-01,18.5
21720,438-52,12751,396-20,2024-07-29,16,2025-10-01,18.0
21720,438-52,12751,396-20,2024-07-29,17,2025-11-01,0.0
21720,438-52,12751,396-20,2024-07-29,18,2025-12-01,0.0
21720,438-52,12751,396-20,2024-07-29,19,2026-01-01,21.0
21720,438-52,12751,396-20,2024-07-29,20,2026-02-01,0.0
21720,438-52,12751,396-20,2024-07-29,21,2026-03-01,0.0
21720,438-52,12751,396-20,2024-07-29,22,2026-04-01,4.0
21720,438-52,12751,396-20,2024-07-29,23,2026-05-01,12.5
21720,438-52,12751,396-20,2024-07-29,24,2026-06-01,17.5
21720,438-52,12751,396-20,2024-07-29,25,2026-07-01,44.5
21720,438-52,12751,396-20,2024-07-29,26,2026-08-01,9.0
21721,438-53,12752,396-21,2024-07-29,1,2024-07-01,49.0
21721,438-53,12752,396-21,2024-07-29,2,2024-08-01,0.0
21721,438-53,12752,396-21,2024-07-29,3,2024-09-01,0.0
21721,438-53,12752,396-21,2024-07-29,4,2024-10-01,16.0
21721,438-53,12752,396-21,2024-07-29,5,2024-11-01,0.0
21721,438-53,12752,396-21,2024-07-29,6,2024-12-01,0.0
21721,438-53,12752,396-21,2024-07-29,7,2025-01-01,0.0
21721,438-53,12752,396-21,2024-07-29,8,2025-02-01,127.5
21721,438-53,12752,396-21,2024-07-29,9,2025-03-01,0.0
21721,438-53,12752,396-21,2024-07-29,10,2025-04-01,0.0
21721,438-53,12752,396-21,2024-07-29,11,2025-05-01,0.0
21721,438-53,12752,396-21,2024-07-29,12,2025-06-01,113.5
21721,438-53,12752,396-21,2024-07-29,13,2025-07-01,12.5
21721,438-53,12752,396-21,2024-07-29,14,2025-08-01,1.0
21721,438-53,12752,396-21,2024-07-29,15,2025-09-01,0.0
21721,438-53,12752,396-21,2024-07-29,16,2025-10-01,0.0
21721,438-53,12752,396-21,2024-07-29,17,2025-11-01,3.5
21721,438-53,12752,396-21,2024-07-29,18,2025-12-01,29.0
21721,438-53,12752,396-21,2024-07-29,19,2026-01-01,0.0
21721,438-53,12752,396-21,2024-07-29,20,2026-02-01,37.0
21721,438-53,12752,396-21,2024-07-29,21,2026-03-01,0.0
21721,438-53,12752,396-21,2024-07-29,22,2026-04-01,0.0
21721,438-53,12752,396-21,2024-07-29,23,2026-05-01,12.0
21721,438-53,12752,396-21,2024-07-29,24,2026-06-01,0.0
21721,438-53,12752,396-21,2024-07-29,25,2026-07-01,16.0
21721,438-53,12752,396-21,2024-07-29,26,2026-08-01,0.0
21722,438-54,12753,396-22,2024-05-09,1,2024-05-01,5.0
21722,438-54,12753,396-22,2024-05-09,2,2024-06-01,0.0
21722,438-54,12753,396-22,2024-05-09,3,2024-07-01,0.0
21722,438-54,12753,396-22,2024-05-09,4,2024-08-01,0.0
21722,438-54,12753,396-22,2024-05-09,5,2024-09-01,0.0
21722,438-54,12753,396-22,2024-05-09,6,2024-10-01,38.5
21722,438-54,12753,396-22,2024-05-09,7,2024-11-01,0.0
21722,438-54,12753,396-22,2024-05-09,8,2024-12-01,7.5
21722,438-54,12753,396-22,2024-05-09,9,2025-01-01,0.0
21722,438-54,12753,396-22,2024-05-09,10,2025-02-01,0.0
21722,438-54,12753,396-22,2024-05-09,11,2025-03-01,0.0
21722,438-54,12753,396-22,2024-05-09,12,2025-04-01,1.0
21722,438-54,12753,396-22,2024-05-09,13,2025-05-01,0.0
21722,438-54,12753,396-22,2024-05-09,14,2025-06-01,156.5
21722,438-54,12753,396-22,2024-05-09,15,2025-07-01,0.0
21722,438-54,12753,396-22,2024-05-09,16,2025-08-01,36.0
21722,438-54,12753,396-22,2024-05-09,17,2025-09-01,0.0
21722,438-54,12753,396-22,2024-05-09,18,2025-10-01,0.0
21722,438-54,12753,396-22,2024-05-09,19,2025-11-01,0.0
21722,438-54,12753,396-22,2024-05-09,20,2025-12-01,66.5
21722,438-54,12753,396-22,2024-05-09,21,2026-01-01,0.0
21722,438-54,12753,396-22,2024-05-09,22,2026-02-01,20.0
21722,438-54,12753,396-22,2024-05-09,23,2026-03-01,0.0
21722,438-54,12753,396-22,2024-05-09,24,2026-04-01,0.0
21722,438-54,12753,396-22,2024-05-09,25,2026-05-01,0.0
21722,438-54,12753,396-22,2024-05-09,26,2026-06-01,5.5
21722,438-54,12753,396-22,2024-05-09,27,2026-07-01,1.5
21722,438-54,12753,396-22,2024-05-09,28,2026-08-01,0.0
21723,438-55,12754,396-23,2024-03-27,1,2024-03-01,30.0
21723,438-55,12754,396-23,2024-03-27,2,2024-04-01,0.0
21723,438-55,12754,396-23,2024-03-27,3,2024-05-01,0.0
21723,438-55,12754,396-23,2024-03-27,4,2024-06-01,5.0
21723,438-55,12754,396-23,2024-03-27,5,2024-07-01,0.0
21723,438-55,12754,396-23,2024-03-27,6,2024-08-01,4.0
21723,438-55,12754,396-23,2024-03-27,7,2024-09-01,0.0
21723,438-55,12754,396-23,2024-03-27,8,2024-10-01,36.0
21723,438-55,12754,396-23,2024-03-27,9,2024-11-01,0.0
21723,438-55,12754,396-23,2024-03-27,10,2024-12-01,0.0
21723,438-55,12754,396-23,2024-03-27,11,2025-01-01,0.0
21723,438-55,12754,396-23,2024-03-27,12,2025-02-01,0.0
21723,438-55,12754,396-23,2024-03-27,13,2025-03-01,17.0
21723,438-55,12754,396-23,2024-03-27,14,2025-04-01,0.0
21723,438-55,12754,396-23,2024-03-27,15,2025-05-01,0.0
21723,438-55,12754,396-23,2024-03-27,16,2025-06-01,3.0
21723,438-55,12754,396-23,2024-03-27,17,2025-07-01,0.0
21723,438-55,12754,396-23,2024-03-27,18,2025-08-01,0.0
21723,438-55,12754,396-23,2024-03-27,19,2025-09-01,0.0
21723,438-55,12754,396-23,2024-03-27,20,2025-10-01,4.0
21723,438-55,12754,396-23,2024-03-27,21,2025-11-01,13.0
21723,438-55,12754,396-23,2024-03-27,22,2025-12-01,0.0
21723,438-55,12754,396-23,2024-03-27,23,2026-01-01,4.5
21723,438-55,12754,396-23,2024-03-27,24,2026-02-01,3.0
21723,438-55,12754,396-23,2024-03-27,25,2026-03-01,1.0
21723,438-55,12754,396-23,2024-03-27,26,2026-04-01,0.0
21723,438-55,12754,396-23,2024-03-27,27,2026-05-01,0.0
21723,438-55,12754,396-23,2024-03-27,28,2026-06-01,0.0
21723,438-55,12754,396-23,2024-03-27,29,2026-07-01,48.5
21723,438-55,12754,396-23,2024-03-27,30,2026-08-01,0.0
21724,438-56,12755,396-24,2024-06-19,1,2024-06-01,23.0
21724,438-56,12755,396-24,2024-06-19,2,2024-07-01,0.0
21724,438-56,12755,396-24,2024-06-19,3,2024-08-01,4.0
21724,438-56,12755,396-24,2024-06-19,4,2024-09-01,0.0
21724,438-56,12755,396-24,2024-06-19,5,2024-10-01,44.0
21724,438-56,12755,396-24,2024-06-19,6,2024-11-01,0.0
21724,438-56,12755,396-24,2024-06-19,7,2024-12-01,0.0
21724,438-56,12755,396-24,2024-06-19,8,2025-01-01,17.5
21724,438-56,12755,396-24,2024-06-19,9,2025-02-01,0.0
21724,438-56,12755,396-24,2024-06-19,10,2025-03-01,0.0
21724,438-56,12755,396-24,2024-06-19,11,2025-04-01,0.0
21724,438-56,12755,396-24,2024-06-19,12,2025-05-01,0.0
21724,438-56,12755,396-24,2024-06-19,13,2025-06-01,2.5
21724,438-56,12755,396-24,2024-06-19,14,2025-07-01,5.0
21724,438-56,12755,396-24,2024-06-19,15,2025-08-01,5.5
21724,438-56,12755,396-24,2024-06-19,16,2025-09-01,0.0
21724,438-56,12755,396-24,2024-06-19,17,2025-10-01,9.5
21724,438-56,12755,396-24,2024-06-19,18,2025-11-01,3.5
21724,438-56,12755,396-24,2024-06-19,19,2025-12-01,6.5
21724,438-56,12755,396-24,2024-06-19,20,2026-01-01,0.0
21724,438-56,12755,396-24,2024-06-19,21,2026-02-01,11.0
21724,438-56,12755,396-24,2024-06-19,22,2026-03-01,20.0
21724,438-56,12755,396-24,2024-06-19,23,2026-04-01,2.0
21724,438-56,12755,396-24,2024-06-19,24,2026-05-01,0.0
21724,438-56,12755,396-24,2024-06-19,25,2026-06-01,0.0
21724,438-56,12755,396-24,2024-06-19,26,2026-07-01,42.0
21724,438-56,12755,396-24,2024-06-19,27,2026-08-01,0.0
21725,438-57,12756,396-25,2024-06-06,1,2024-06-01,3.5
21725,438-57,12756,396-25,2024-06-06,2,2024-07-01,0.0
21725,438-57,12756,396-25,2024-06-06,3,2024-08-01,0.0
21725,438-57,12756,396-25,2024-06-06,4,2024-09-01,0.0
21725,438-57,12756,396-25,2024-06-06,5,2024-10-01,34.5
21725,438-57,12756,396-25,2024-06-06,6,2024-11-01,0.0
21725,438-57,12756,396-25,2024-06-06,7,2024-12-01,0.0
21725,438-57,12756,396-25,2024-06-06,8,2025-01-01,0.0
21725,438-57,12756,396-25,2024-06-06,9,2025-02-01,0.0
21725,438-57,12756,396-25,2024-06-06,10,2025-03-01,0.0
21725,438-57,12756,396-25,2024-06-06,11,2025-04-01,0.0
21725,438-57,12756,396-25,2024-06-06,12,2025-05-01,0.0
21725,438-57,12756,396-25,2024-06-06,13,2025-06-01,0.0
21725,438-57,12756,396-25,2024-06-06,14,2025-07-01,0.0
21725,438-57,12756,396-25,2024-06-06,15,2025-08-01,0.0
21725,438-57,12756,396-25,2024-06-06,16,2025-09-01,0.0
21725,438-57,12756,396-25,2024-06-06,17,2025-10-01,0.0
21725,438-57,12756,396-25,2024-06-06,18,2025-11-01,6.0
21725,438-57,12756,396-25,2024-06-06,19,2025-12-01,0.0
21725,438-57,12756,396-25,2024-06-06,20,2026-01-01,36.5
21725,438-57,12756,396-25,2024-06-06,21,2026-02-01,0.0
21725,438-57,12756,396-25,2024-06-06,22,2026-03-01,7.0
21725,438-57,12756,396-25,2024-06-06,23,2026-04-01,15.0
21725,438-57,12756,396-25,2024-06-06,24,2026-05-01,0.0
21725,438-57,12756,396-25,2024-06-06,25,2026-06-01,0.0
21725,438-57,12756,396-25,2024-06-06,26,2026-07-01,0.0
21725,438-57,12756,396-25,2024-06-06,27,2026-08-01,0.0
21726,438-58,12761,396-30,2024-05-08,1,2024-05-01,12.0
21726,438-58,12761,396-30,2024-05-08,2,2024-06-01,3.5
21726,438-58,12761,396-30,2024-05-08,3,2024-07-01,27.0
21726,438-58,12761,396-30,2024-05-08,4,2024-08-01,48.5
21726,438-58,12761,396-30,2024-05-08,5,2024-09-01,38.0
21726,438-58,12761,396-30,2024-05-08,6,2024-10-01,25.0
21726,438-58,12761,396-30,2024-05-08,7,2024-11-01,43.5
21726,438-58,12761,396-30,2024-05-08,8,2024-12-01,6.0
21726,438-58,12761,396-30,2024-05-08,9,2025-01-01,23.5
21726,438-58,12761,396-30,2024-05-08,10,2025-02-01,0.0
21726,438-58,12761,396-30,2024-05-08,11,2025-03-01,0.0
21726,438-58,12761,396-30,2024-05-08,12,2025-04-01,17.0
21726,438-58,12761,396-30,2024-05-08,13,2025-05-01,47.5
21726,438-58,12761,396-30,2024-05-08,14,2025-06-01,0.0
21726,438-58,12761,396-30,2024-05-08,15,2025-07-01,10.5
21726,438-58,12761,396-30,2024-05-08,16,2025-08-01,78.0
21726,438-58,12761,396-30,2024-05-08,17,2025-09-01,6.0
21726,438-58,12761,396-30,2024-05-08,18,2025-10-01,15.5
21726,438-58,12761,396-30,2024-05-08,19,2025-11-01,14.0
21726,438-58,12761,396-30,2024-05-08,20,2025-12-01,3.0
21726,438-58,12761,396-30,2024-05-08,21,2026-01-01,25.5
21726,438-58,12761,396-30,2024-05-08,22,2026-02-01,109.9
21726,438-58,12761,396-30,2024-05-08,23,2026-03-01,16.0
21726,438-58,12761,396-30,2024-05-08,24,2026-04-01,22.5
21726,438-58,12761,396-30,2024-05-08,25,2026-05-01,0.0
21726,438-58,12761,396-30,2024-05-08,26,2026-06-01,70.0
21726,438-58,12761,396-30,2024-05-08,27,2026-07-01,17.5
21726,438-58,12761,396-30,2024-05-08,28,2026-08-01,0.0
21727,438-59,12763,396-32,2024-06-10,1,2024-06-01,3.5
21727,438-59,12763,396-32,2024-06-10,2,2024-07-01,14.5
21727,438-59,12763,396-32,2024-06-10,3,2024-08-01,1.0
21727,438-59,12763,396-32,2024-06-10,4,2024-09-01,4.5
21727,438-59,12763,396-32,2024-06-10,5,2024-10-01,41.0
21727,438-59,12763,396-32,2024-06-10,6,2024-11-01,0.0
21727,438-59,12763,396-32,2024-06-10,7,2024-12-01,0.0
21727,438-59,12763,396-32,2024-06-10,8,2025-01-01,16.0
21727,438-59,12763,396-32,2024-06-10,9,2025-02-01,0.0
21727,438-59,12763,396-32,2024-06-10,10,2025-03-01,0.0
21727,438-59,12763,396-32,2024-06-10,11,2025-04-01,14.0
21727,438-59,12763,396-32,2024-06-10,12,2025-05-01,3.5
21727,438-59,12763,396-32,2024-06-10,13,2025-06-01,9.0
21727,438-59,12763,396-32,2024-06-10,14,2025-07-01,34.5
21727,438-59,12763,396-32,2024-06-10,15,2025-08-01,36.5
21727,438-59,12763,396-32,2024-06-10,16,2025-09-01,0.0
21727,438-59,12763,396-32,2024-06-10,17,2025-10-01,0.0
21727,438-59,12763,396-32,2024-06-10,18,2025-11-01,0.0
21727,438-59,12763,396-32,2024-06-10,19,2025-12-01,0.0
21727,438-59,12763,396-32,2024-06-10,20,2026-01-01,0.0
21727,438-59,12763,396-32,2024-06-10,21,2026-02-01,6.5
21727,438-59,12763,396-32,2024-06-10,22,2026-03-01,0.0
21727,438-59,12763,396-32,2024-06-10,23,2026-04-01,0.0
21727,438-59,12763,396-32,2024-06-10,24,2026-05-01,1.5
21727,438-59,12763,396-32,2024-06-10,25,2026-06-01,19.5
21727,438-59,12763,396-32,2024-06-10,26,2026-07-01,1.0
21727,438-59,12763,396-32,2024-06-10,27,2026-08-01,0.0
21728,438-60,12764,396-33,2024-07-25,1,2024-07-01,66.0
21728,438-60,12764,396-33,2024-07-25,2,2024-08-01,0.0
21728,438-60,12764,396-33,2024-07-25,3,2024-09-01,0.0
21728,438-60,12764,396-33,2024-07-25,4,2024-10-01,9.5
21728,438-60,12764,396-33,2024-07-25,5,2024-11-01,1.0
21728,438-60,12764,396-33,2024-07-25,6,2024-12-01,0.0
21728,438-60,12764,396-33,2024-07-25,7,2025-01-01,87.0
21728,438-60,12764,396-33,2024-07-25,8,2025-02-01,0.0
21728,438-60,12764,396-33,2024-07-25,9,2025-03-01,64.0
21728,438-60,12764,396-33,2024-07-25,10,2025-04-01,0.0
21728,438-60,12764,396-33,2024-07-25,11,2025-05-01,77.0
21728,438-60,12764,396-33,2024-07-25,12,2025-06-01,0.0
21728,438-60,12764,396-33,2024-07-25,13,2025-07-01,0.0
21728,438-60,12764,396-33,2024-07-25,14,2025-08-01,0.0
21728,438-60,12764,396-33,2024-07-25,15,2025-09-01,29.0
21728,438-60,12764,396-33,2024-07-25,16,2025-10-01,0.0
21728,438-60,12764,396-33,2024-07-25,17,2025-11-01,0.0
21728,438-60,12764,396-33,2024-07-25,18,2025-12-01,7.0
21728,438-60,12764,396-33,2024-07-25,19,2026-01-01,0.0
21728,438-60,12764,396-33,2024-07-25,20,2026-02-01,5.0
21728,438-60,12764,396-33,2024-07-25,21,2026-03-01,13.0
21728,438-60,12764,396-33,2024-07-25,22,2026-04-01,7.0
21728,438-60,12764,396-33,2024-07-25,23,2026-05-01,0.0
21728,438-60,12764,396-33,2024-07-25,24,2026-06-01,0.0
21728,438-60,12764,396-33,2024-07-25,25,2026-07-01,16.0
21728,438-60,12764,396-33,2024-07-25,26,2026-08-01,0.0
21729,438-62,12767,396-36,2024-08-31,1,2024-08-01,1.5
21729,438-62,12767,396-36,2024-08-31,2,2024-09-01,2.5
21729,438-62,12767,396-36,2024-08-31,3,2024-10-01,0.0
21729,438-62,12767,396-36,2024-08-31,4,2024-11-01,0.0
21729,438-62,12767,396-36,2024-08-31,5,2024-12-01,0.0
21729,438-62,12767,396-36,2024-08-31,6,2025-01-01,0.0
21729,438-62,12767,396-36,2024-08-31,7,2025-02-01,12.0
21729,438-62,12767,396-36,2024-08-31,8,2025-03-01,3.0
21729,438-62,12767,396-36,2024-08-31,9,2025-04-01,0.0
21729,438-62,12767,396-36,2024-08-31,10,2025-05-01,0.0
21729,438-62,12767,396-36,2024-08-31,11,2025-06-01,0.0
21729,438-62,12767,396-36,2024-08-31,12,2025-07-01,3.5
21729,438-62,12767,396-36,2024-08-31,13,2025-08-01,0.0
21729,438-62,12767,396-36,2024-08-31,14,2025-09-01,0.0
21729,438-62,12767,396-36,2024-08-31,15,2025-10-01,0.0
21729,438-62,12767,396-36,2024-08-31,16,2025-11-01,0.0
21729,438-62,12767,396-36,2024-08-31,17,2025-12-01,0.0
21729,438-62,12767,396-36,2024-08-31,18,2026-01-01,4.0
21729,438-62,12767,396-36,2024-08-31,19,2026-02-01,11.0
21729,438-62,12767,396-36,2024-08-31,20,2026-03-01,0.0
21729,438-62,12767,396-36,2024-08-31,21,2026-04-01,0.0
21729,438-62,12767,396-36,2024-08-31,22,2026-05-01,0.0
21729,438-62,12767,396-36,2024-08-31,23,2026-06-01,18.0
21729,438-62,12767,396-36,2024-08-31,24,2026-07-01,0.0
21729,438-62,12767,396-36,2024-08-31,25,2026-08-01,0.0
21730,438-63,12769,396-38,2024-05-27,1,2024-05-01,5.0
21730,438-63,12769,396-38,2024-05-27,2,2024-06-01,0.0
21730,438-63,12769,396-38,2024-05-27,3,2024-07-01,0.0
21730,438-63,12769,396-38,2024-05-27,4,2024-08-01,6.0
21730,438-63,12769,396-38,2024-05-27,5,2024-09-01,0.0
21730,438-63,12769,396-38,2024-05-27,6,2024-10-01,1.0
21730,438-63,12769,396-38,2024-05-27,7,2024-11-01,0.0
21730,438-63,12769,396-38,2024-05-27,8,2024-12-01,0.0
21730,438-63,12769,396-38,2024-05-27,9,2025-01-01,0.0
21730,438-63,12769,396-38,2024-05-27,10,2025-02-01,0.5
21730,438-63,12769,396-38,2024-05-27,11,2025-03-01,37.0
21730,438-63,12769,396-38,2024-05-27,12,2025-04-01,0.0
21730,438-63,12769,396-38,2024-05-27,13,2025-05-01,0.0
21730,438-63,12769,396-38,2024-05-27,14,2025-06-01,0.0
21730,438-63,12769,396-38,2024-05-27,15,2025-07-01,0.0
21730,438-63,12769,396-38,2024-05-27,16,2025-08-01,0.0
21730,438-63,12769,396-38,2024-05-27,17,2025-09-01,0.0
21730,438-63,12769,396-38,2024-05-27,18,2025-10-01,7.0
21730,438-63,12769,396-38,2024-05-27,19,2025-11-01,0.0
21730,438-63,12769,396-38,2024-05-27,20,2025-12-01,0.0
21730,438-63,12769,396-38,2024-05-27,21,2026-01-01,0.0
21730,438-63,12769,396-38,2024-05-27,22,2026-02-01,3.5
21730,438-63,12769,396-38,2024-05-27,23,2026-03-01,0.0
21730,438-63,12769,396-38,2024-05-27,24,2026-04-01,0.0
21730,438-63,12769,396-38,2024-05-27,25,2026-05-01,0.0
21730,438-63,12769,396-38,2024-05-27,26,2026-06-01,1.5
21730,438-63,12769,396-38,2024-05-27,27,2026-07-01,0.0
21730,438-63,12769,396-38,2024-05-27,28,2026-08-01,0.0
21731,438-65,12772,396-41,2024-05-08,1,2024-05-01,41.0
21731,438-65,12772,396-41,2024-05-08,2,2024-06-01,42.0
21731,438-65,12772,396-41,2024-05-08,3,2024-07-01,0.0
21731,438-65,12772,396-41,2024-05-08,4,2024-08-01,20.0
21731,438-65,12772,396-41,2024-05-08,5,2024-09-01,4.0
21731,438-65,12772,396-41,2024-05-08,6,2024-10-01,0.0
21731,438-65,12772,396-41,2024-05-08,7,2024-11-01,3.0
21731,438-65,12772,396-41,2024-05-08,8,2024-12-01,2.5
21731,438-65,12772,396-41,2024-05-08,9,2025-01-01,2.0
21731,438-65,12772,396-41,2024-05-08,10,2025-02-01,6.0
21731,438-65,12772,396-41,2024-05-08,11,2025-03-01,0.0
21731,438-65,12772,396-41,2024-05-08,12,2025-04-01,11.5
21731,438-65,12772,396-41,2024-05-08,13,2025-05-01,3.5
21731,438-65,12772,396-41,2024-05-08,14,2025-06-01,7.5
21731,438-65,12772,396-41,2024-05-08,15,2025-07-01,0.0
21731,438-65,12772,396-41,2024-05-08,16,2025-08-01,0.5
21731,438-65,12772,396-41,2024-05-08,17,2025-09-01,0.0
21731,438-65,12772,396-41,2024-05-08,18,2025-10-01,30.0
21731,438-65,12772,396-41,2024-05-08,19,2025-11-01,6.0
21731,438-65,12772,396-41,2024-05-08,20,2025-12-01,7.5
21731,438-65,12772,396-41,2024-05-08,21,2026-01-01,0.0
21731,438-65,12772,396-41,2024-05-08,22,2026-02-01,32.0
21731,438-65,12772,396-41,2024-05-08,23,2026-03-01,1.5
21731,438-65,12772,396-41,2024-05-08,24,2026-04-01,9.5
21731,438-65,12772,396-41,2024-05-08,25,2026-05-01,3.5
21731,438-65,12772,396-41,2024-05-08,26,2026-06-01,1.5
21731,438-65,12772,396-41,2024-05-08,27,2026-07-01,0.0
21731,438-65,12772,396-41,2024-05-08,28,2026-08-01,0.0
21732,438-66,12774,396-43,2024-06-19,1,2024-06-01,42.25
21732,438-66,12774,396-43,2024-06-19,2,2024-07-01,0.0
21732,438-66,12774,396-43,2024-06-19,3,2024-08-01,20.0
21732,438-66,12774,396-43,2024-06-19,4,2024-09-01,0.0
21732,438-66,12774,396-43,2024-06-19,5,2024-10-01,0.0
21732,438-66,12774,396-43,2024-06-19,6,2024-11-01,80.0
21732,438-66,12774,396-43,2024-06-19,7,2024-12-01,2.0
21732,438-66,12774,396-43,2024-06-19,8,2025-01-01,0.0
21732,438-66,12774,396-43,2024-06-19,9,2025-02-01,0.0
21732,438-66,12774,396-43,2024-06-19,10,2025-03-01,0.0
21732,438-66,12774,396-43,2024-06-19,11,2025-04-01,0.0
21732,438-66,12774,396-43,2024-06-19,12,2025-05-01,0.0
21732,438-66,12774,396-43,2024-06-19,13,2025-06-01,0.0
21732,438-66,12774,396-43,2024-06-19,14,2025-07-01,13.5
21732,438-66,12774,396-43,2024-06-19,15,2025-08-01,7.0
21732,438-66,12774,396-43,2024-06-19,16,2025-09-01,0.0
21732,438-66,12774,396-43,2024-06-19,17,2025-10-01,30.5
21732,438-66,12774,396-43,2024-06-19,18,2025-11-01,4.5
21732,438-66,12774,396-43,2024-06-19,19,2025-12-01,0.0
21732,438-66,12774,396-43,2024-06-19,20,2026-01-01,0.0
21732,438-66,12774,396-43,2024-06-19,21,2026-02-01,24.0
21732,438-66,12774,396-43,2024-06-19,22,2026-03-01,0.0
21732,438-66,12774,396-43,2024-06-19,23,2026-04-01,0.0
21732,438-66,12774,396-43,2024-06-19,24,2026-05-01,0.0
21732,438-66,12774,396-43,2024-06-19,25,2026-06-01,88.0
21732,438-66,12774,396-43,2024-06-19,26,2026-07-01,0.0
21732,438-66,12774,396-43,2024-06-19,27,2026-08-01,0.0
21733,438-67,12775,396-44,2024-06-25,1,2024-06-01,5.0
21733,438-67,12775,396-44,2024-06-25,2,2024-07-01,0.0
21733,438-67,12775,396-44,2024-06-25,3,2024-08-01,10.0
21733,438-67,12775,396-44,2024-06-25,4,2024-09-01,4.0
21733,438-67,12775,396-44,2024-06-25,5,2024-10-01,0.0
21733,438-67,12775,396-44,2024-06-25,6,2024-11-01,27.0
21733,438-67,12775,396-44,2024-06-25,7,2024-12-01,22.0
21733,438-67,12775,396-44,2024-06-25,8,2025-01-01,0.0
21733,438-67,12775,396-44,2024-06-25,9,2025-02-01,5.5
21733,438-67,12775,396-44,2024-06-25,10,2025-03-01,5.0
21733,438-67,12775,396-44,2024-06-25,11,2025-04-01,4.0
21733,438-67,12775,396-44,2024-06-25,12,2025-05-01,0.0
21733,438-67,12775,396-44,2024-06-25,13,2025-06-01,25.0
21733,438-67,12775,396-44,2024-06-25,14,2025-07-01,17.0
21733,438-67,12775,396-44,2024-06-25,15,2025-08-01,5.5
21733,438-67,12775,396-44,2024-06-25,16,2025-09-01,0.0
21733,438-67,12775,396-44,2024-06-25,17,2025-10-01,16.5
21733,438-67,12775,396-44,2024-06-25,18,2025-11-01,11.0
21733,438-67,12775,396-44,2024-06-25,19,2025-12-01,5.0
21733,438-67,12775,396-44,2024-06-25,20,2026-01-01,14.5
21733,438-67,12775,396-44,2024-06-25,21,2026-02-01,6.5
21733,438-67,12775,396-44,2024-06-25,22,2026-03-01,40.5
21733,438-67,12775,396-44,2024-06-25,23,2026-04-01,10.0
21733,438-67,12775,396-44,2024-06-25,24,2026-05-01,53.5
21733,438-67,12775,396-44,2024-06-25,25,2026-06-01,13.5
21733,438-67,12775,396-44,2024-06-25,26,2026-07-01,8.5
21733,438-67,12775,396-44,2024-06-25,27,2026-08-01,0.0
21734,438-68,12776,396-45,2024-06-04,1,2024-06-01,6.0
21734,438-68,12776,396-45,2024-06-04,2,2024-07-01,0.0
21734,438-68,12776,396-45,2024-06-04,3,2024-08-01,0.0
21734,438-68,12776,396-45,2024-06-04,4,2024-09-01,1.0
21734,438-68,12776,396-45,2024-06-04,5,2024-10-01,23.5
21734,438-68,12776,396-45,2024-06-04,6,2024-11-01,3.5
21734,438-68,12776,396-45,2024-06-04,7,2024-12-01,0.0
21734,438-68,12776,396-45,2024-06-04,8,2025-01-01,38.0
21734,438-68,12776,396-45,2024-06-04,9,2025-02-01,0.0
21734,438-68,12776,396-45,2024-06-04,10,2025-03-01,0.0
21734,438-68,12776,396-45,2024-06-04,11,2025-04-01,38.0
21734,438-68,12776,396-45,2024-06-04,12,2025-05-01,11.0
21734,438-68,12776,396-45,2024-06-04,13,2025-06-01,2.5
21734,438-68,12776,396-45,2024-06-04,14,2025-07-01,26.0
21734,438-68,12776,396-45,2024-06-04,15,2025-08-01,2.0
21734,438-68,12776,396-45,2024-06-04,16,2025-09-01,0.0
21734,438-68,12776,396-45,2024-06-04,17,2025-10-01,3.0
21734,438-68,12776,396-45,2024-06-04,18,2025-11-01,21.5
21734,438-68,12776,396-45,2024-06-04,19,2025-12-01,13.0
21734,438-68,12776,396-45,2024-06-04,20,2026-01-01,1.0
21734,438-68,12776,396-45,2024-06-04,21,2026-02-01,19.5
21734,438-68,12776,396-45,2024-06-04,22,2026-03-01,1.0
21734,438-68,12776,396-45,2024-06-04,23,2026-04-01,0.0
21734,438-68,12776,396-45,2024-06-04,24,2026-05-01,9.0
21734,438-68,12776,396-45,2024-06-04,25,2026-06-01,0.0
21734,438-68,12776,396-45,2024-06-04,26,2026-07-01,0.0
21734,438-68,12776,396-45,2024-06-04,27,2026-08-01,0.0
21735,438-69,12778,396-47,2024-05-23,1,2024-05-01,20.5
21735,438-69,12778,396-47,2024-05-23,2,2024-06-01,44.0
21735,438-69,12778,396-47,2024-05-23,3,2024-07-01,7.0
21735,438-69,12778,396-47,2024-05-23,4,2024-08-01,2.5
21735,438-69,12778,396-47,2024-05-23,5,2024-09-01,3.5
21735,438-69,12778,396-47,2024-05-23,6,2024-10-01,7.5
21735,438-69,12778,396-47,2024-05-23,7,2024-11-01,12.0
21735,438-69,12778,396-47,2024-05-23,8,2024-12-01,2.5
21735,438-69,12778,396-47,2024-05-23,9,2025-01-01,40.5
21735,438-69,12778,396-47,2024-05-23,10,2025-02-01,51.0
21735,438-69,12778,396-47,2024-05-23,11,2025-03-01,21.5
21735,438-69,12778,396-47,2024-05-23,12,2025-04-01,5.5
21735,438-69,12778,396-47,2024-05-23,13,2025-05-01,55.5
21735,438-69,12778,396-47,2024-05-23,14,2025-06-01,28.0
21735,438-69,12778,396-47,2024-05-23,15,2025-07-01,0.0
21735,438-69,12778,396-47,2024-05-23,16,2025-08-01,6.0
21735,438-69,12778,396-47,2024-05-23,17,2025-09-01,23.0
21735,438-69,12778,396-47,2024-05-23,18,2025-10-01,87.0
21735,438-69,12778,396-47,2024-05-23,19,2025-11-01,20.0
21735,438-69,12778,396-47,2024-05-23,20,2025-12-01,37.0
21735,438-69,12778,396-47,2024-05-23,21,2026-01-01,6.0
21735,438-69,12778,396-47,2024-05-23,22,2026-02-01,23.6
21735,438-69,12778,396-47,2024-05-23,23,2026-03-01,18.5
21735,438-69,12778,396-47,2024-05-23,24,2026-04-01,28.0
21735,438-69,12778,396-47,2024-05-23,25,2026-05-01,29.5
21735,438-69,12778,396-47,2024-05-23,26,2026-06-01,7.0
21735,438-69,12778,396-47,2024-05-23,27,2026-07-01,18.5
21735,438-69,12778,396-47,2024-05-23,28,2026-08-01,21.0
21736,438-70,12780,396-49,2024-06-04,1,2024-06-01,27.0
21736,438-70,12780,396-49,2024-06-04,2,2024-07-01,0.0
21736,438-70,12780,396-49,2024-06-04,3,2024-08-01,2.0
21736,438-70,12780,396-49,2024-06-04,4,2024-09-01,11.5
21736,438-70,12780,396-49,2024-06-04,5,2024-10-01,4.0
21736,438-70,12780,396-49,2024-06-04,6,2024-11-01,0.0
21736,438-70,12780,396-49,2024-06-04,7,2024-12-01,0.0
21736,438-70,12780,396-49,2024-06-04,8,2025-01-01,12.0
21736,438-70,12780,396-49,2024-06-04,9,2025-02-01,7.0
21736,438-70,12780,396-49,2024-06-04,10,2025-03-01,2.5
21736,438-70,12780,396-49,2024-06-04,11,2025-04-01,8.0
21736,438-70,12780,396-49,2024-06-04,12,2025-05-01,17.0
21736,438-70,12780,396-49,2024-06-04,13,2025-06-01,0.0
21736,438-70,12780,396-49,2024-06-04,14,2025-07-01,0.0
21736,438-70,12780,396-49,2024-06-04,15,2025-08-01,2.0
21736,438-70,12780,396-49,2024-06-04,16,2025-09-01,0.0
21736,438-70,12780,396-49,2024-06-04,17,2025-10-01,1.0
21736,438-70,12780,396-49,2024-06-04,18,2025-11-01,8.0
21736,438-70,12780,396-49,2024-06-04,19,2025-12-01,2.5
21736,438-70,12780,396-49,2024-06-04,20,2026-01-01,1.0
21736,438-70,12780,396-49,2024-06-04,21,2026-02-01,6.6
21736,438-70,12780,396-49,2024-06-04,22,2026-03-01,1.0
21736,438-70,12780,396-49,2024-06-04,23,2026-04-01,20.5
21736,438-70,12780,396-49,2024-06-04,24,2026-05-01,10.5
21736,438-70,12780,396-49,2024-06-04,25,2026-06-01,43.0
21736,438-70,12780,396-49,2024-06-04,26,2026-07-01,0.0
21736,438-70,12780,396-49,2024-06-04,27,2026-08-01,0.0
21098,437-12,6482,370-10,2023-06-10,1,2023-06-01,29.0
21098,437-12,6482,370-10,2023-06-10,2,2023-07-01,0.0
21098,437-12,6482,370-10,2023-06-10,3,2023-08-01,2.5
21098,437-12,6482,370-10,2023-06-10,4,2023-09-01,63.5
21098,437-12,6482,370-10,2023-06-10,5,2023-10-01,0.0
21098,437-12,6482,370-10,2023-06-10,6,2023-11-01,78.0
21098,437-12,6482,370-10,2023-06-10,7,2023-12-01,36.0
21098,437-12,6482,370-10,2023-06-10,8,2024-01-01,10.5
21098,437-12,6482,370-10,2023-06-10,9,2024-02-01,1.5
21098,437-12,6482,370-10,2023-06-10,10,2024-03-01,82.0
21098,437-12,6482,370-10,2023-06-10,11,2024-04-01,30.0
21098,437-12,6482,370-10,2023-06-10,12,2024-05-01,0.0
21098,437-12,6482,370-10,2023-06-10,13,2024-06-01,0.0
21098,437-12,6482,370-10,2023-06-10,14,2024-07-01,0.0
21098,437-12,6482,370-10,2023-06-10,15,2024-08-01,0.0
21098,437-12,6482,370-10,2023-06-10,16,2024-09-01,0.0
21098,437-12,6482,370-10,2023-06-10,17,2024-10-01,0.0
21098,437-12,6482,370-10,2023-06-10,18,2024-11-01,139.5
21098,437-12,6482,370-10,2023-06-10,19,2024-12-01,11.0
21098,437-12,6482,370-10,2023-06-10,20,2025-01-01,24.0
21098,437-12,6482,370-10,2023-06-10,21,2025-02-01,17.0
21098,437-12,6482,370-10,2023-06-10,22,2025-03-01,10.5
21098,437-12,6482,370-10,2023-06-10,23,2025-04-01,0.0
21098,437-12,6482,370-10,2023-06-10,24,2025-05-01,109.0
21098,437-12,6482,370-10,2023-06-10,25,2025-06-01,91.0
21098,437-12,6482,370-10,2023-06-10,26,2025-07-01,16.0
21098,437-12,6482,370-10,2023-06-10,27,2025-08-01,0.0
21098,437-12,6482,370-10,2023-06-10,28,2025-09-01,0.0
21098,437-12,6482,370-10,2023-06-10,29,2025-10-01,57.5
21098,437-12,6482,370-10,2023-06-10,30,2025-11-01,12.0
21098,437-12,6482,370-10,2023-06-10,31,2025-12-01,0.0
21098,437-12,6482,370-10,2023-06-10,32,2026-01-01,0.0
21098,437-12,6482,370-10,2023-06-10,33,2026-02-01,0.0
21098,437-12,6482,370-10,2023-06-10,34,2026-03-01,0.0
21098,437-12,6482,370-10,2023-06-10,35,2026-04-01,22.0
21098,437-12,6482,370-10,2023-06-10,36,2026-05-01,90.0
21098,437-12,6482,370-10,2023-06-10,37,2026-06-01,30.0
21098,437-12,6482,370-10,2023-06-10,38,2026-07-01,142.5
21098,437-12,6482,370-10,2023-06-10,39,2026-08-01,0.0
21059,438-51,12748,396-17,2024-07-29,1,2024-07-01,24.0
21059,438-51,12748,396-17,2024-07-29,2,2024-08-01,0.0
21059,438-51,12748,396-17,2024-07-29,3,2024-09-01,0.0
21059,438-51,12748,396-17,2024-07-29,4,2024-10-01,68.5
21059,438-51,12748,396-17,2024-07-29,5,2024-11-01,0.0
21059,438-51,12748,396-17,2024-07-29,6,2024-12-01,0.0
21059,438-51,12748,396-17,2024-07-29,7,2025-01-01,37.0
21059,438-51,12748,396-17,2024-07-29,8,2025-02-01,24.5
21059,438-51,12748,396-17,2024-07-29,9,2025-03-01,0.0
21059,438-51,12748,396-17,2024-07-29,10,2025-04-01,0.0
21059,438-51,12748,396-17,2024-07-29,11,2025-05-01,0.0
21059,438-51,12748,396-17,2024-07-29,12,2025-06-01,3.5
21059,438-51,12748,396-17,2024-07-29,13,2025-07-01,72.5
21059,438-51,12748,396-17,2024-07-29,14,2025-08-01,40.0
21059,438-51,12748,396-17,2024-07-29,15,2025-09-01,0.0
21059,438-51,12748,396-17,2024-07-29,16,2025-10-01,11.0
21059,438-51,12748,396-17,2024-07-29,17,2025-11-01,0.0
21059,438-51,12748,396-17,2024-07-29,18,2025-12-01,9.5
21059,438-51,12748,396-17,2024-07-29,19,2026-01-01,29.5
21059,438-51,12748,396-17,2024-07-29,20,2026-02-01,0.0
21059,438-51,12748,396-17,2024-07-29,21,2026-03-01,0.0
21059,438-51,12748,396-17,2024-07-29,22,2026-04-01,2.5
21059,438-51,12748,396-17,2024-07-29,23,2026-05-01,3.0
21059,438-51,12748,396-17,2024-07-29,24,2026-06-01,0.0
21059,438-51,12748,396-17,2024-07-29,25,2026-07-01,0.0
21059,438-51,12748,396-17,2024-07-29,26,2026-08-01,0.0
21060,438-61,12765,396-34,2024-09-25,1,2024-09-01,6.0
21060,438-61,12765,396-34,2024-09-25,2,2024-10-01,16.0
21060,438-61,12765,396-34,2024-09-25,3,2024-11-01,0.0
21060,438-61,12765,396-34,2024-09-25,4,2024-12-01,0.0
21060,438-61,12765,396-34,2024-09-25,5,2025-01-01,0.0
21060,438-61,12765,396-34,2024-09-25,6,2025-02-01,13.5
21060,438-61,12765,396-34,2024-09-25,7,2025-03-01,1.5
21060,438-61,12765,396-34,2024-09-25,8,2025-04-01,0.0
21060,438-61,12765,396-34,2024-09-25,9,2025-05-01,0.0
21060,438-61,12765,396-34,2024-09-25,10,2025-06-01,16.0
21060,438-61,12765,396-34,2024-09-25,11,2025-07-01,0.0
21060,438-61,12765,396-34,2024-09-25,12,2025-08-01,25.41
21060,438-61,12765,396-34,2024-09-25,13,2025-09-01,7.0
21060,438-61,12765,396-34,2024-09-25,14,2025-10-01,0.0
21060,438-61,12765,396-34,2024-09-25,15,2025-11-01,0.0
21060,438-61,12765,396-34,2024-09-25,16,2025-12-01,6.0
21060,438-61,12765,396-34,2024-09-25,17,2026-01-01,0.0
21060,438-61,12765,396-34,2024-09-25,18,2026-02-01,9.3
21060,438-61,12765,396-34,2024-09-25,19,2026-03-01,0.0
21060,438-61,12765,396-34,2024-09-25,20,2026-04-01,25.0
21060,438-61,12765,396-34,2024-09-25,21,2026-05-01,0.0
21060,438-61,12765,396-34,2024-09-25,22,2026-06-01,17.0
21060,438-61,12765,396-34,2024-09-25,23,2026-07-01,10.0
21060,438-61,12765,396-34,2024-09-25,24,2026-08-01,0.0
21061,438-64,12770,396-39,2024-05-27,1,2024-05-01,4.0
21061,438-64,12770,396-39,2024-05-27,2,2024-06-01,5.0
21061,438-64,12770,396-39,2024-05-27,3,2024-07-01,0.0
21061,438-64,12770,396-39,2024-05-27,4,2024-08-01,0.0
21061,438-64,12770,396-39,2024-05-27,5,2024-09-01,4.0
21061,438-64,12770,396-39,2024-05-27,6,2024-10-01,3.0
21061,438-64,12770,396-39,2024-05-27,7,2024-11-01,0.0
21061,438-64,12770,396-39,2024-05-27,8,2024-12-01,0.0
21061,438-64,12770,396-39,2024-05-27,9,2025-01-01,2.0
21061,438-64,12770,396-39,2024-05-27,10,2025-02-01,0.0
21061,438-64,12770,396-39,2024-05-27,11,2025-03-01,2.0
21061,438-64,12770,396-39,2024-05-27,12,2025-04-01,1.0
21061,438-64,12770,396-39,2024-05-27,13,2025-05-01,0.0
21061,438-64,12770,396-39,2024-05-27,14,2025-06-01,6.0
21061,438-64,12770,396-39,2024-05-27,15,2025-07-01,0.0
21061,438-64,12770,396-39,2024-05-27,16,2025-08-01,13.0
21061,438-64,12770,396-39,2024-05-27,17,2025-09-01,0.0
21061,438-64,12770,396-39,2024-05-27,18,2025-10-01,8.0
21061,438-64,12770,396-39,2024-05-27,19,2025-11-01,7.5
21061,438-64,12770,396-39,2024-05-27,20,2025-12-01,0.0
21061,438-64,12770,396-39,2024-05-27,21,2026-01-01,25.5
21061,438-64,12770,396-39,2024-05-27,22,2026-02-01,35.0
21061,438-64,12770,396-39,2024-05-27,23,2026-03-01,3.5
21061,438-64,12770,396-39,2024-05-27,24,2026-04-01,0.0
21061,438-64,12770,396-39,2024-05-27,25,2026-05-01,0.0
21061,438-64,12770,396-39,2024-05-27,26,2026-06-01,0.0
21061,438-64,12770,396-39,2024-05-27,27,2026-07-01,0.0
21061,438-64,12770,396-39,2024-05-27,28,2026-08-01,0.0
21062,438-71,12782,396-51,2024-05-08,1,2024-05-01,14.5
21062,438-71,12782,396-51,2024-05-08,2,2024-06-01,20.0
21062,438-71,12782,396-51,2024-05-08,3,2024-07-01,0.0
21062,438-71,12782,396-51,2024-05-08,4,2024-08-01,2.0
21062,438-71,12782,396-51,2024-05-08,5,2024-09-01,0.0
21062,438-71,12782,396-51,2024-05-08,6,2024-10-01,0.0
21062,438-71,12782,396-51,2024-05-08,7,2024-11-01,11.0
21062,438-71,12782,396-51,2024-05-08,8,2024-12-01,10.5
21062,438-71,12782,396-51,2024-05-08,9,2025-01-01,14.0
21062,438-71,12782,396-51,2024-05-08,10,2025-02-01,7.0
21062,438-71,12782,396-51,2024-05-08,11,2025-03-01,11.5
21062,438-71,12782,396-51,2024-05-08,12,2025-04-01,0.0
21062,438-71,12782,396-51,2024-05-08,13,2025-05-01,124.0
21062,438-71,12782,396-51,2024-05-08,14,2025-06-01,0.0
21062,438-71,12782,396-51,2024-05-08,15,2025-07-01,0.0
21062,438-71,12782,396-51,2024-05-08,16,2025-08-01,83.5
21062,438-71,12782,396-51,2024-05-08,17,2025-09-01,27.5
21062,438-71,12782,396-51,2024-05-08,18,2025-10-01,22.0
21062,438-71,12782,396-51,2024-05-08,19,2025-11-01,0.0
21062,438-71,12782,396-51,2024-05-08,20,2025-12-01,0.0
21062,438-71,12782,396-51,2024-05-08,21,2026-01-01,0.0
21062,438-71,12782,396-51,2024-05-08,22,2026-02-01,63.0
21062,438-71,12782,396-51,2024-05-08,23,2026-03-01,1.5
21062,438-71,12782,396-51,2024-05-08,24,2026-04-01,0.5
21062,438-71,12782,396-51,2024-05-08,25,2026-05-01,49.0
21062,438-71,12782,396-51,2024-05-08,26,2026-06-01,62.5
21062,438-71,12782,396-51,2024-05-08,27,2026-07-01,0.0
21062,438-71,12782,396-51,2024-05-08,28,2026-08-01,0.0
20196,437-68,6509,370-38,2023-06-26,1,2023-06-01,8.0
20196,437-68,6509,370-38,2023-06-26,2,2023-07-01,0.0
20196,437-68,6509,370-38,2023-06-26,3,2023-08-01,8.0
20196,437-68,6509,370-38,2023-06-26,4,2023-09-01,1.0
20196,437-68,6509,370-38,2023-06-26,5,2023-10-01,12.5
20196,437-68,6509,370-38,2023-06-26,6,2023-11-01,0.0
20196,437-68,6509,370-38,2023-06-26,7,2023-12-01,0.0
20196,437-68,6509,370-38,2023-06-26,8,2024-01-01,50.0
20196,437-68,6509,370-38,2023-06-26,9,2024-02-01,0.0
20196,437-68,6509,370-38,2023-06-26,10,2024-03-01,0.0
20196,437-68,6509,370-38,2023-06-26,11,2024-04-01,21.5
20196,437-68,6509,370-38,2023-06-26,12,2024-05-01,2.0
20196,437-68,6509,370-38,2023-06-26,13,2024-06-01,11.0
20196,437-68,6509,370-38,2023-06-26,14,2024-07-01,13.5
20196,437-68,6509,370-38,2023-06-26,15,2024-08-01,0.0
20196,437-68,6509,370-38,2023-06-26,16,2024-09-01,0.0
20196,437-68,6509,370-38,2023-06-26,17,2024-10-01,0.0
20196,437-68,6509,370-38,2023-06-26,18,2024-11-01,32.0
20196,437-68,6509,370-38,2023-06-26,19,2024-12-01,0.0
20196,437-68,6509,370-38,2023-06-26,20,2025-01-01,11.0
20196,437-68,6509,370-38,2023-06-26,21,2025-02-01,4.5
20196,437-68,6509,370-38,2023-06-26,22,2025-03-01,0.0
20196,437-68,6509,370-38,2023-06-26,23,2025-04-01,0.0
20196,437-68,6509,370-38,2023-06-26,24,2025-05-01,0.0
20196,437-68,6509,370-38,2023-06-26,25,2025-06-01,0.0
20196,437-68,6509,370-38,2023-06-26,26,2025-07-01,0.0
20196,437-68,6509,370-38,2023-06-26,27,2025-08-01,0.0
20196,437-68,6509,370-38,2023-06-26,28,2025-09-01,0.0
20196,437-68,6509,370-38,2023-06-26,29,2025-10-01,0.0
20196,437-68,6509,370-38,2023-06-26,30,2025-11-01,0.0
20196,437-68,6509,370-38,2023-06-26,31,2025-12-01,8.0
20196,437-68,6509,370-38,2023-06-26,32,2026-01-01,0.0
20196,437-68,6509,370-38,2023-06-26,33,2026-02-01,0.0
20196,437-68,6509,370-38,2023-06-26,34,2026-03-01,0.0
20196,437-68,6509,370-38,2023-06-26,35,2026-04-01,0.0
20196,437-68,6509,370-38,2023-06-26,36,2026-05-01,0.0
20196,437-68,6509,370-38,2023-06-26,37,2026-06-01,0.0
20196,437-68,6509,370-38,2023-06-26,38,2026-07-01,0.0
20196,437-68,6509,370-38,2023-06-26,39,2026-08-01,0.0
20195,437-50,6476,370-04,2023-06-12,1,2023-06-01,16.0
20195,437-50,6476,370-04,2023-06-12,2,2023-07-01,0.0
20195,437-50,6476,370-04,2023-06-12,3,2023-08-01,18.5
20195,437-50,6476,370-04,2023-06-12,4,2023-09-01,34.5
20195,437-50,6476,370-04,2023-06-12,5,2023-10-01,38.0
20195,437-50,6476,370-04,2023-06-12,6,2023-11-01,15.0
20195,437-50,6476,370-04,2023-06-12,7,2023-12-01,105.5
20195,437-50,6476,370-04,2023-06-12,8,2024-01-01,0.0
20195,437-50,6476,370-04,2023-06-12,9,2024-02-01,1.5
20195,437-50,6476,370-04,2023-06-12,10,2024-03-01,10.0
20195,437-50,6476,370-04,2023-06-12,11,2024-04-01,9.0
20195,437-50,6476,370-04,2023-06-12,12,2024-05-01,0.0
20195,437-50,6476,370-04,2023-06-12,13,2024-06-01,0.0
20195,437-50,6476,370-04,2023-06-12,14,2024-07-01,0.0
20195,437-50,6476,370-04,2023-06-12,15,2024-08-01,23.5
20195,437-50,6476,370-04,2023-06-12,16,2024-09-01,10.0
20195,437-50,6476,370-04,2023-06-12,17,2024-10-01,0.0
20195,437-50,6476,370-04,2023-06-12,18,2024-11-01,14.0
20195,437-50,6476,370-04,2023-06-12,19,2024-12-01,0.0
20195,437-50,6476,370-04,2023-06-12,20,2025-01-01,0.0
20195,437-50,6476,370-04,2023-06-12,21,2025-02-01,0.0
20195,437-50,6476,370-04,2023-06-12,22,2025-03-01,60.0
20195,437-50,6476,370-04,2023-06-12,23,2025-04-01,14.0
20195,437-50,6476,370-04,2023-06-12,24,2025-05-01,0.0
20195,437-50,6476,370-04,2023-06-12,25,2025-06-01,0.0
20195,437-50,6476,370-04,2023-06-12,26,2025-07-01,25.5
20195,437-50,6476,370-04,2023-06-12,27,2025-08-01,0.0
20195,437-50,6476,370-04,2023-06-12,28,2025-09-01,0.0
20195,437-50,6476,370-04,2023-06-12,29,2025-10-01,40.0
20195,437-50,6476,370-04,2023-06-12,30,2025-11-01,19.0
20195,437-50,6476,370-04,2023-06-12,31,2025-12-01,0.0
20195,437-50,6476,370-04,2023-06-12,32,2026-01-01,7.5
20195,437-50,6476,370-04,2023-06-12,33,2026-02-01,0.0
20195,437-50,6476,370-04,2023-06-12,34,2026-03-01,0.0
20195,437-50,6476,370-04,2023-06-12,35,2026-04-01,0.0
20195,437-50,6476,370-04,2023-06-12,36,2026-05-01,0.0
20195,437-50,6476,370-04,2023-06-12,37,2026-06-01,0.0
20195,437-50,6476,370-04,2023-06-12,38,2026-07-01,0.0
20195,437-50,6476,370-04,2023-06-12,39,2026-08-01,0.0
20194,437-48,6487,370-15,2023-07-06,1,2023-07-01,14.5
20194,437-48,6487,370-15,2023-07-06,2,2023-08-01,20.5
20194,437-48,6487,370-15,2023-07-06,3,2023-09-01,26.5
20194,437-48,6487,370-15,2023-07-06,4,2023-10-01,0.0
20194,437-48,6487,370-15,2023-07-06,5,2023-11-01,23.0
20194,437-48,6487,370-15,2023-07-06,6,2023-12-01,19.0
20194,437-48,6487,370-15,2023-07-06,7,2024-01-01,0.0
20194,437-48,6487,370-15,2023-07-06,8,2024-02-01,0.0
20194,437-48,6487,370-15,2023-07-06,9,2024-03-01,0.0
20194,437-48,6487,370-15,2023-07-06,10,2024-04-01,0.0
20194,437-48,6487,370-15,2023-07-06,11,2024-05-01,25.5
20194,437-48,6487,370-15,2023-07-06,12,2024-06-01,0.0
20194,437-48,6487,370-15,2023-07-06,13,2024-07-01,0.0
20194,437-48,6487,370-15,2023-07-06,14,2024-08-01,11.0
20194,437-48,6487,370-15,2023-07-06,15,2024-09-01,13.5
20194,437-48,6487,370-15,2023-07-06,16,2024-10-01,0.0
20194,437-48,6487,370-15,2023-07-06,17,2024-11-01,2.5
20194,437-48,6487,370-15,2023-07-06,18,2024-12-01,0.0
20194,437-48,6487,370-15,2023-07-06,19,2025-01-01,0.0
20194,437-48,6487,370-15,2023-07-06,20,2025-02-01,0.0
20194,437-48,6487,370-15,2023-07-06,21,2025-03-01,0.0
20194,437-48,6487,370-15,2023-07-06,22,2025-04-01,7.0
20194,437-48,6487,370-15,2023-07-06,23,2025-05-01,22.0
20194,437-48,6487,370-15,2023-07-06,24,2025-06-01,0.0
20194,437-48,6487,370-15,2023-07-06,25,2025-07-01,0.0
20194,437-48,6487,370-15,2023-07-06,26,2025-08-01,0.0
20194,437-48,6487,370-15,2023-07-06,27,2025-09-01,0.0
20194,437-48,6487,370-15,2023-07-06,28,2025-10-01,0.0
20194,437-48,6487,370-15,2023-07-06,29,2025-11-01,0.0
20194,437-48,6487,370-15,2023-07-06,30,2025-12-01,0.0
20194,437-48,6487,370-15,2023-07-06,31,2026-01-01,19.5
20194,437-48,6487,370-15,2023-07-06,32,2026-02-01,0.0
20194,437-48,6487,370-15,2023-07-06,33,2026-03-01,0.0
20194,437-48,6487,370-15,2023-07-06,34,2026-04-01,0.0
20194,437-48,6487,370-15,2023-07-06,35,2026-05-01,0.0
20194,437-48,6487,370-15,2023-07-06,36,2026-06-01,0.0
20194,437-48,6487,370-15,2023-07-06,37,2026-07-01,0.0
20194,437-48,6487,370-15,2023-07-06,38,2026-08-01,0.0
20194,437-48,17833,418-04,2025-04-26,1,2025-04-01,14.0
20194,437-48,17833,418-04,2025-04-26,2,2025-05-01,53.5
20194,437-48,17833,418-04,2025-04-26,3,2025-06-01,221.5
20194,437-48,17833,418-04,2025-04-26,4,2025-07-01,0.0
20194,437-48,17833,418-04,2025-04-26,5,2025-08-01,122.0
20194,437-48,17833,418-04,2025-04-26,6,2025-09-01,0.0
20194,437-48,17833,418-04,2025-04-26,7,2025-10-01,0.0
20194,437-48,17833,418-04,2025-04-26,8,2025-11-01,0.0
20194,437-48,17833,418-04,2025-04-26,9,2025-12-01,0.0
20194,437-48,17833,418-04,2025-04-26,10,2026-01-01,20.5
20194,437-48,17833,418-04,2025-04-26,11,2026-02-01,48.0
20194,437-48,17833,418-04,2025-04-26,12,2026-03-01,28.0
20194,437-48,17833,418-04,2025-04-26,13,2026-04-01,0.0
20194,437-48,17833,418-04,2025-04-26,14,2026-05-01,11.0
20194,437-48,17833,418-04,2025-04-26,15,2026-06-01,0.0
20194,437-48,17833,418-04,2025-04-26,16,2026-07-01,0.0
20194,437-48,17833,418-04,2025-04-26,17,2026-08-01,0.0
20193,437-46,6444,370-35,2023-06-07,1,2023-06-01,10.5
20193,437-46,6444,370-35,2023-06-07,2,2023-07-01,0.0
20193,437-46,6444,370-35,2023-06-07,3,2023-08-01,0.0
20193,437-46,6444,370-35,2023-06-07,4,2023-09-01,36.0
20193,437-46,6444,370-35,2023-06-07,5,2023-10-01,28.5
20193,437-46,6444,370-35,2023-06-07,6,2023-11-01,13.0
20193,437-46,6444,370-35,2023-06-07,7,2023-12-01,22.0
20193,437-46,6444,370-35,2023-06-07,8,2024-01-01,0.0
20193,437-46,6444,370-35,2023-06-07,9,2024-02-01,1.5
20193,437-46,6444,370-35,2023-06-07,10,2024-03-01,0.0
20193,437-46,6444,370-35,2023-06-07,11,2024-04-01,0.0
20193,437-46,6444,370-35,2023-06-07,12,2024-05-01,0.0
20193,437-46,6444,370-35,2023-06-07,13,2024-06-01,0.0
20193,437-46,6444,370-35,2023-06-07,14,2024-07-01,29.0
20193,437-46,6444,370-35,2023-06-07,15,2024-08-01,0.0
20193,437-46,6444,370-35,2023-06-07,16,2024-09-01,0.0
20193,437-46,6444,370-35,2023-06-07,17,2024-10-01,6.0
20193,437-46,6444,370-35,2023-06-07,18,2024-11-01,40.0
20193,437-46,6444,370-35,2023-06-07,19,2024-12-01,0.0
20193,437-46,6444,370-35,2023-06-07,20,2025-01-01,59.5
20193,437-46,6444,370-35,2023-06-07,21,2025-02-01,6.0
20193,437-46,6444,370-35,2023-06-07,22,2025-03-01,0.0
20193,437-46,6444,370-35,2023-06-07,23,2025-04-01,17.0
20193,437-46,6444,370-35,2023-06-07,24,2025-05-01,0.0
20193,437-46,6444,370-35,2023-06-07,25,2025-06-01,0.0
20193,437-46,6444,370-35,2023-06-07,26,2025-07-01,35.0
20193,437-46,6444,370-35,2023-06-07,27,2025-08-01,0.0
20193,437-46,6444,370-35,2023-06-07,28,2025-09-01,11.0
20193,437-46,6444,370-35,2023-06-07,29,2025-10-01,0.0
20193,437-46,6444,370-35,2023-06-07,30,2025-11-01,0.0
20193,437-46,6444,370-35,2023-06-07,31,2025-12-01,0.0
20193,437-46,6444,370-35,2023-06-07,32,2026-01-01,0.0
20193,437-46,6444,370-35,2023-06-07,33,2026-02-01,3.0
20193,437-46,6444,370-35,2023-06-07,34,2026-03-01,0.0
20193,437-46,6444,370-35,2023-06-07,35,2026-04-01,0.0
20193,437-46,6444,370-35,2023-06-07,36,2026-05-01,3.0
20193,437-46,6444,370-35,2023-06-07,37,2026-06-01,0.0
20193,437-46,6444,370-35,2023-06-07,38,2026-07-01,0.0
20193,437-46,6444,370-35,2023-06-07,39,2026-08-01,0.0
20192,437-42,6498,370-26,2023-06-06,1,2023-06-01,12.0
20192,437-42,6498,370-26,2023-06-06,2,2023-07-01,15.5
20192,437-42,6498,370-26,2023-06-06,3,2023-08-01,0.0
20192,437-42,6498,370-26,2023-06-06,4,2023-09-01,82.0
20192,437-42,6498,370-26,2023-06-06,5,2023-10-01,28.0
20192,437-42,6498,370-26,2023-06-06,6,2023-11-01,92.5
20192,437-42,6498,370-26,2023-06-06,7,2023-12-01,17.0
20192,437-42,6498,370-26,2023-06-06,8,2024-01-01,0.0
20192,437-42,6498,370-26,2023-06-06,9,2024-02-01,18.0
20192,437-42,6498,370-26,2023-06-06,10,2024-03-01,73.0
20192,437-42,6498,370-26,2023-06-06,11,2024-04-01,23.5
20192,437-42,6498,370-26,2023-06-06,12,2024-05-01,51.0
20192,437-42,6498,370-26,2023-06-06,13,2024-06-01,0.0
20192,437-42,6498,370-26,2023-06-06,14,2024-07-01,123.0
20192,437-42,6498,370-26,2023-06-06,15,2024-08-01,0.0
20192,437-42,6498,370-26,2023-06-06,16,2024-09-01,0.0
20192,437-42,6498,370-26,2023-06-06,17,2024-10-01,14.0
20192,437-42,6498,370-26,2023-06-06,18,2024-11-01,0.0
20192,437-42,6498,370-26,2023-06-06,19,2024-12-01,0.0
20192,437-42,6498,370-26,2023-06-06,20,2025-01-01,35.0
20192,437-42,6498,370-26,2023-06-06,21,2025-02-01,2.5
20192,437-42,6498,370-26,2023-06-06,22,2025-03-01,8.0
20192,437-42,6498,370-26,2023-06-06,23,2025-04-01,0.0
20192,437-42,6498,370-26,2023-06-06,24,2025-05-01,0.0
20192,437-42,6498,370-26,2023-06-06,25,2025-06-01,0.0
20192,437-42,6498,370-26,2023-06-06,26,2025-07-01,50.0
20192,437-42,6498,370-26,2023-06-06,27,2025-08-01,0.0
20192,437-42,6498,370-26,2023-06-06,28,2025-09-01,12.0
20192,437-42,6498,370-26,2023-06-06,29,2025-10-01,0.0
20192,437-42,6498,370-26,2023-06-06,30,2025-11-01,0.0
20192,437-42,6498,370-26,2023-06-06,31,2025-12-01,0.0
20192,437-42,6498,370-26,2023-06-06,32,2026-01-01,0.0
20192,437-42,6498,370-26,2023-06-06,33,2026-02-01,26.0
20192,437-42,6498,370-26,2023-06-06,34,2026-03-01,44.0
20192,437-42,6498,370-26,2023-06-06,35,2026-04-01,4.0
20192,437-42,6498,370-26,2023-06-06,36,2026-05-01,0.0
20192,437-42,6498,370-26,2023-06-06,37,2026-06-01,0.0
20192,437-42,6498,370-26,2023-06-06,38,2026-07-01,0.0
20192,437-42,6498,370-26,2023-06-06,39,2026-08-01,0.0
20191,437-18,6503,370-31,2023-06-08,1,2023-06-01,104.5
20191,437-18,6503,370-31,2023-06-08,2,2023-07-01,0.0
20191,437-18,6503,370-31,2023-06-08,3,2023-08-01,21.5
20191,437-18,6503,370-31,2023-06-08,4,2023-09-01,32.0
20191,437-18,6503,370-31,2023-06-08,5,2023-10-01,24.0
20191,437-18,6503,370-31,2023-06-08,6,2023-11-01,2.5
20191,437-18,6503,370-31,2023-06-08,7,2023-12-01,106.5
20191,437-18,6503,370-31,2023-06-08,8,2024-01-01,0.0
20191,437-18,6503,370-31,2023-06-08,9,2024-02-01,1.5
20191,437-18,6503,370-31,2023-06-08,10,2024-03-01,88.5
20191,437-18,6503,370-31,2023-06-08,11,2024-04-01,31.5
20191,437-18,6503,370-31,2023-06-08,12,2024-05-01,35.0
20191,437-18,6503,370-31,2023-06-08,13,2024-06-01,20.0
20191,437-18,6503,370-31,2023-06-08,14,2024-07-01,27.5
20191,437-18,6503,370-31,2023-06-08,15,2024-08-01,3.5
20191,437-18,6503,370-31,2023-06-08,16,2024-09-01,11.5
20191,437-18,6503,370-31,2023-06-08,17,2024-10-01,27.5
20191,437-18,6503,370-31,2023-06-08,18,2024-11-01,34.0
20191,437-18,6503,370-31,2023-06-08,19,2024-12-01,8.0
20191,437-18,6503,370-31,2023-06-08,20,2025-01-01,17.0
20191,437-18,6503,370-31,2023-06-08,21,2025-02-01,0.0
20191,437-18,6503,370-31,2023-06-08,22,2025-03-01,0.0
20191,437-18,6503,370-31,2023-06-08,23,2025-04-01,0.0
20191,437-18,6503,370-31,2023-06-08,24,2025-05-01,51.5
20191,437-18,6503,370-31,2023-06-08,25,2025-06-01,0.0
20191,437-18,6503,370-31,2023-06-08,26,2025-07-01,17.0
20191,437-18,6503,370-31,2023-06-08,27,2025-08-01,8.0
20191,437-18,6503,370-31,2023-06-08,28,2025-09-01,0.0
20191,437-18,6503,370-31,2023-06-08,29,2025-10-01,0.0
20191,437-18,6503,370-31,2023-06-08,30,2025-11-01,34.88
20191,437-18,6503,370-31,2023-06-08,31,2025-12-01,0.0
20191,437-18,6503,370-31,2023-06-08,32,2026-01-01,15.0
20191,437-18,6503,370-31,2023-06-08,33,2026-02-01,0.0
20191,437-18,6503,370-31,2023-06-08,34,2026-03-01,0.0
20191,437-18,6503,370-31,2023-06-08,35,2026-04-01,0.0
20191,437-18,6503,370-31,2023-06-08,36,2026-05-01,2.5
20191,437-18,6503,370-31,2023-06-08,37,2026-06-01,0.0
20191,437-18,6503,370-31,2023-06-08,38,2026-07-01,0.0
20191,437-18,6503,370-31,2023-06-08,39,2026-08-01,0.0
19935,AGORA ESQUIRE MUSTARD 1336,19534,442-01,2025-09-04,1,2025-09-01,21.0
19935,AGORA ESQUIRE MUSTARD 1336,19534,442-01,2025-09-04,2,2025-10-01,50.0
19935,AGORA ESQUIRE MUSTARD 1336,19534,442-01,2025-09-04,3,2025-11-01,23.0
19935,AGORA ESQUIRE MUSTARD 1336,19534,442-01,2025-09-04,4,2025-12-01,4.0
19935,AGORA ESQUIRE MUSTARD 1336,19534,442-01,2025-09-04,5,2026-01-01,0.0
19935,AGORA ESQUIRE MUSTARD 1336,19534,442-01,2025-09-04,6,2026-02-01,6.0
19935,AGORA ESQUIRE MUSTARD 1336,19534,442-01,2025-09-04,7,2026-03-01,0.0
19935,AGORA ESQUIRE MUSTARD 1336,19534,442-01,2025-09-04,8,2026-04-01,0.0
19935,AGORA ESQUIRE MUSTARD 1336,19534,442-01,2025-09-04,9,2026-05-01,0.0
19935,AGORA ESQUIRE MUSTARD 1336,19534,442-01,2025-09-04,10,2026-06-01,5.0
19935,AGORA ESQUIRE MUSTARD 1336,19534,442-01,2025-09-04,11,2026-07-01,0.0
19935,AGORA ESQUIRE MUSTARD 1336,19534,442-01,2025-09-04,12,2026-08-01,0.0
19937,AGORA BRUMA AVENA 1022,19536,442-03,2025-09-04,1,2025-09-01,24.5
19937,AGORA BRUMA AVENA 1022,19536,442-03,2025-09-04,2,2025-10-01,3.0
19937,AGORA BRUMA AVENA 1022,19536,442-03,2025-09-04,3,2025-11-01,72.0
19937,AGORA BRUMA AVENA 1022,19536,442-03,2025-09-04,4,2025-12-01,17.5
19937,AGORA BRUMA AVENA 1022,19536,442-03,2025-09-04,5,2026-01-01,7.25
19937,AGORA BRUMA AVENA 1022,19536,442-03,2025-09-04,6,2026-02-01,0.0
19937,AGORA BRUMA AVENA 1022,19536,442-03,2025-09-04,7,2026-03-01,0.0
19937,AGORA BRUMA AVENA 1022,19536,442-03,2025-09-04,8,2026-04-01,0.0
19937,AGORA BRUMA AVENA 1022,19536,442-03,2025-09-04,9,2026-05-01,0.0
19937,AGORA BRUMA AVENA 1022,19536,442-03,2025-09-04,10,2026-06-01,5.0
19937,AGORA BRUMA AVENA 1022,19536,442-03,2025-09-04,11,2026-07-01,0.0
19937,AGORA BRUMA AVENA 1022,19536,442-03,2025-09-04,12,2026-08-01,0.0
19946,AGORA ESQUIRE CREAM 1329,19545,442-12,2025-09-04,1,2025-09-01,26.0
19946,AGORA ESQUIRE CREAM 1329,19545,442-12,2025-09-04,2,2025-10-01,32.5
19946,AGORA ESQUIRE CREAM 1329,19545,442-12,2025-09-04,3,2025-11-01,10.0
19946,AGORA ESQUIRE CREAM 1329,19545,442-12,2025-09-04,4,2025-12-01,2.0
19946,AGORA ESQUIRE CREAM 1329,19545,442-12,2025-09-04,5,2026-01-01,0.0
19946,AGORA ESQUIRE CREAM 1329,19545,442-12,2025-09-04,6,2026-02-01,0.0
19946,AGORA ESQUIRE CREAM 1329,19545,442-12,2025-09-04,7,2026-03-01,0.0
19946,AGORA ESQUIRE CREAM 1329,19545,442-12,2025-09-04,8,2026-04-01,8.0
19946,AGORA ESQUIRE CREAM 1329,19545,442-12,2025-09-04,9,2026-05-01,0.0
19946,AGORA ESQUIRE CREAM 1329,19545,442-12,2025-09-04,10,2026-06-01,0.0
19946,AGORA ESQUIRE CREAM 1329,19545,442-12,2025-09-04,11,2026-07-01,0.0
19946,AGORA ESQUIRE CREAM 1329,19545,442-12,2025-09-04,12,2026-08-01,10.0
19947,AGORA ESQUIRE BONE 1326,19546,442-13,2025-09-04,1,2025-09-01,26.0
19947,AGORA ESQUIRE BONE 1326,19546,442-13,2025-09-04,2,2025-10-01,2.5
19947,AGORA ESQUIRE BONE 1326,19546,442-13,2025-09-04,3,2025-11-01,7.0
19947,AGORA ESQUIRE BONE 1326,19546,442-13,2025-09-04,4,2025-12-01,0.0
19947,AGORA ESQUIRE BONE 1326,19546,442-13,2025-09-04,5,2026-01-01,20.0
19947,AGORA ESQUIRE BONE 1326,19546,442-13,2025-09-04,6,2026-02-01,0.0
19947,AGORA ESQUIRE BONE 1326,19546,442-13,2025-09-04,7,2026-03-01,2.0
19947,AGORA ESQUIRE BONE 1326,19546,442-13,2025-09-04,8,2026-04-01,0.0
19947,AGORA ESQUIRE BONE 1326,19546,442-13,2025-09-04,9,2026-05-01,48.0
19947,AGORA ESQUIRE BONE 1326,19546,442-13,2025-09-04,10,2026-06-01,46.5
19947,AGORA ESQUIRE BONE 1326,19546,442-13,2025-09-04,11,2026-07-01,3.0
19947,AGORA ESQUIRE BONE 1326,19546,442-13,2025-09-04,12,2026-08-01,0.0
19948,AGORA ESQUIRE FOSSIL 1331,19547,442-14,2025-09-04,1,2025-09-01,44.0
19948,AGORA ESQUIRE FOSSIL 1331,19547,442-14,2025-09-04,2,2025-10-01,2.5
19948,AGORA ESQUIRE FOSSIL 1331,19547,442-14,2025-09-04,3,2025-11-01,41.0
19948,AGORA ESQUIRE FOSSIL 1331,19547,442-14,2025-09-04,4,2025-12-01,13.0
19948,AGORA ESQUIRE FOSSIL 1331,19547,442-14,2025-09-04,5,2026-01-01,4.0
19948,AGORA ESQUIRE FOSSIL 1331,19547,442-14,2025-09-04,6,2026-02-01,0.0
19948,AGORA ESQUIRE FOSSIL 1331,19547,442-14,2025-09-04,7,2026-03-01,17.0
19948,AGORA ESQUIRE FOSSIL 1331,19547,442-14,2025-09-04,8,2026-04-01,0.0
19948,AGORA ESQUIRE FOSSIL 1331,19547,442-14,2025-09-04,9,2026-05-01,25.5
19948,AGORA ESQUIRE FOSSIL 1331,19547,442-14,2025-09-04,10,2026-06-01,0.0
19948,AGORA ESQUIRE FOSSIL 1331,19547,442-14,2025-09-04,11,2026-07-01,0.0
19948,AGORA ESQUIRE FOSSIL 1331,19547,442-14,2025-09-04,12,2026-08-01,0.0
19953,AGORA LISO NATURAL 3702,19552,442-19,2025-09-04,1,2025-09-01,26.0
19953,AGORA LISO NATURAL 3702,19552,442-19,2025-09-04,2,2025-10-01,52.0
19953,AGORA LISO NATURAL 3702,19552,442-19,2025-09-04,3,2025-11-01,48.0
19953,AGORA LISO NATURAL 3702,19552,442-19,2025-09-04,4,2025-12-01,0.0
19953,AGORA LISO NATURAL 3702,19552,442-19,2025-09-04,5,2026-01-01,64.0
19953,AGORA LISO NATURAL 3702,19552,442-19,2025-09-04,6,2026-02-01,0.0
19953,AGORA LISO NATURAL 3702,19552,442-19,2025-09-04,7,2026-03-01,2.0
19953,AGORA LISO NATURAL 3702,19552,442-19,2025-09-04,8,2026-04-01,0.0
19953,AGORA LISO NATURAL 3702,19552,442-19,2025-09-04,9,2026-05-01,11.0
19953,AGORA LISO NATURAL 3702,19552,442-19,2025-09-04,10,2026-06-01,0.0
19953,AGORA LISO NATURAL 3702,19552,442-19,2025-09-04,11,2026-07-01,0.0
19953,AGORA LISO NATURAL 3702,19552,442-19,2025-09-04,12,2026-08-01,0.0
19958,AGORA LISO ALABASTRO 3703,19557,442-24,2025-09-04,1,2025-09-01,26.0
19958,AGORA LISO ALABASTRO 3703,19557,442-24,2025-09-04,2,2025-10-01,3.0
19958,AGORA LISO ALABASTRO 3703,19557,442-24,2025-09-04,3,2025-11-01,0.0
19958,AGORA LISO ALABASTRO 3703,19557,442-24,2025-09-04,4,2025-12-01,1.0
19958,AGORA LISO ALABASTRO 3703,19557,442-24,2025-09-04,5,2026-01-01,0.0
19958,AGORA LISO ALABASTRO 3703,19557,442-24,2025-09-04,6,2026-02-01,6.0
19958,AGORA LISO ALABASTRO 3703,19557,442-24,2025-09-04,7,2026-03-01,0.0
19958,AGORA LISO ALABASTRO 3703,19557,442-24,2025-09-04,8,2026-04-01,0.0
19958,AGORA LISO ALABASTRO 3703,19557,442-24,2025-09-04,9,2026-05-01,0.0
19958,AGORA LISO ALABASTRO 3703,19557,442-24,2025-09-04,10,2026-06-01,0.0
19958,AGORA LISO ALABASTRO 3703,19557,442-24,2025-09-04,11,2026-07-01,1.5
19958,AGORA LISO ALABASTRO 3703,19557,442-24,2025-09-04,12,2026-08-01,3.5
19959,AGORA LISO MARMOL 1227,19558,442-25,2025-09-04,1,2025-09-01,26.0
19959,AGORA LISO MARMOL 1227,19558,442-25,2025-09-04,2,2025-10-01,73.0
19959,AGORA LISO MARMOL 1227,19558,442-25,2025-09-04,3,2025-11-01,80.0
19959,AGORA LISO MARMOL 1227,19558,442-25,2025-09-04,4,2025-12-01,117.0
19959,AGORA LISO MARMOL 1227,19558,442-25,2025-09-04,5,2026-01-01,0.0
19959,AGORA LISO MARMOL 1227,19558,442-25,2025-09-04,6,2026-02-01,0.0
19959,AGORA LISO MARMOL 1227,19558,442-25,2025-09-04,7,2026-03-01,0.0
19959,AGORA LISO MARMOL 1227,19558,442-25,2025-09-04,8,2026-04-01,0.0
19959,AGORA LISO MARMOL 1227,19558,442-25,2025-09-04,9,2026-05-01,0.25
19959,AGORA LISO MARMOL 1227,19558,442-25,2025-09-04,10,2026-06-01,0.0
19959,AGORA LISO MARMOL 1227,19558,442-25,2025-09-04,11,2026-07-01,18.0
19959,AGORA LISO MARMOL 1227,19558,442-25,2025-09-04,12,2026-08-01,0.0
19965,AGORA LISO AVENA 3707,19564,442-31,2025-09-04,1,2025-09-01,96.0
19965,AGORA LISO AVENA 3707,19564,442-31,2025-09-04,2,2025-10-01,0.0
19965,AGORA LISO AVENA 3707,19564,442-31,2025-09-04,3,2025-11-01,0.0
19965,AGORA LISO AVENA 3707,19564,442-31,2025-09-04,4,2025-12-01,0.0
19965,AGORA LISO AVENA 3707,19564,442-31,2025-09-04,5,2026-01-01,20.0
19965,AGORA LISO AVENA 3707,19564,442-31,2025-09-04,6,2026-02-01,0.0
19965,AGORA LISO AVENA 3707,19564,442-31,2025-09-04,7,2026-03-01,0.0
19965,AGORA LISO AVENA 3707,19564,442-31,2025-09-04,8,2026-04-01,0.0
19965,AGORA LISO AVENA 3707,19564,442-31,2025-09-04,9,2026-05-01,27.0
19965,AGORA LISO AVENA 3707,19564,442-31,2025-09-04,10,2026-06-01,11.0
19965,AGORA LISO AVENA 3707,19564,442-31,2025-09-04,11,2026-07-01,20.0
19965,AGORA LISO AVENA 3707,19564,442-31,2025-09-04,12,2026-08-01,3.0
19985,AGORA BRUMA SOMBRA 1005,19584,442-51,2025-09-04,1,2025-09-01,26.0
19985,AGORA BRUMA SOMBRA 1005,19584,442-51,2025-09-04,2,2025-10-01,0.0
19985,AGORA BRUMA SOMBRA 1005,19584,442-51,2025-09-04,3,2025-11-01,27.0
19985,AGORA BRUMA SOMBRA 1005,19584,442-51,2025-09-04,4,2025-12-01,8.0
19985,AGORA BRUMA SOMBRA 1005,19584,442-51,2025-09-04,5,2026-01-01,3.0
19985,AGORA BRUMA SOMBRA 1005,19584,442-51,2025-09-04,6,2026-02-01,0.0
19985,AGORA BRUMA SOMBRA 1005,19584,442-51,2025-09-04,7,2026-03-01,0.0
19985,AGORA BRUMA SOMBRA 1005,19584,442-51,2025-09-04,8,2026-04-01,5.0
19985,AGORA BRUMA SOMBRA 1005,19584,442-51,2025-09-04,9,2026-05-01,0.0
19985,AGORA BRUMA SOMBRA 1005,19584,442-51,2025-09-04,10,2026-06-01,0.0
19985,AGORA BRUMA SOMBRA 1005,19584,442-51,2025-09-04,11,2026-07-01,22.0
19985,AGORA BRUMA SOMBRA 1005,19584,442-51,2025-09-04,12,2026-08-01,0.0
19988,AGORA BRUMA MUSGO 1017,19587,442-54,2025-09-04,1,2025-09-01,26.0
19988,AGORA BRUMA MUSGO 1017,19587,442-54,2025-09-04,2,2025-10-01,17.0
19988,AGORA BRUMA MUSGO 1017,19587,442-54,2025-09-04,3,2025-11-01,5.5
19988,AGORA BRUMA MUSGO 1017,19587,442-54,2025-09-04,4,2025-12-01,14.0
19988,AGORA BRUMA MUSGO 1017,19587,442-54,2025-09-04,5,2026-01-01,11.0
19988,AGORA BRUMA MUSGO 1017,19587,442-54,2025-09-04,6,2026-02-01,4.0
19988,AGORA BRUMA MUSGO 1017,19587,442-54,2025-09-04,7,2026-03-01,5.0
19988,AGORA BRUMA MUSGO 1017,19587,442-54,2025-09-04,8,2026-04-01,0.0
19988,AGORA BRUMA MUSGO 1017,19587,442-54,2025-09-04,9,2026-05-01,44.0
19988,AGORA BRUMA MUSGO 1017,19587,442-54,2025-09-04,10,2026-06-01,0.0
19988,AGORA BRUMA MUSGO 1017,19587,442-54,2025-09-04,11,2026-07-01,0.0
19988,AGORA BRUMA MUSGO 1017,19587,442-54,2025-09-04,12,2026-08-01,0.0
19989,AGORA BRUMA TEJA 1012,19588,442-55,2025-09-04,1,2025-09-01,53.5
19989,AGORA BRUMA TEJA 1012,19588,442-55,2025-09-04,2,2025-10-01,57.0
19989,AGORA BRUMA TEJA 1012,19588,442-55,2025-09-04,3,2025-11-01,24.0
19989,AGORA BRUMA TEJA 1012,19588,442-55,2025-09-04,4,2025-12-01,30.0
19989,AGORA BRUMA TEJA 1012,19588,442-55,2025-09-04,5,2026-01-01,36.0
19989,AGORA BRUMA TEJA 1012,19588,442-55,2025-09-04,6,2026-02-01,4.0
19989,AGORA BRUMA TEJA 1012,19588,442-55,2025-09-04,7,2026-03-01,0.0
19989,AGORA BRUMA TEJA 1012,19588,442-55,2025-09-04,8,2026-04-01,10.0
19989,AGORA BRUMA TEJA 1012,19588,442-55,2025-09-04,9,2026-05-01,0.0
19989,AGORA BRUMA TEJA 1012,19588,442-55,2025-09-04,10,2026-06-01,0.0
19989,AGORA BRUMA TEJA 1012,19588,442-55,2025-09-04,11,2026-07-01,2.0
19989,AGORA BRUMA TEJA 1012,19588,442-55,2025-09-04,12,2026-08-01,0.0
19992,AGORA PANAMA BONE 1320PF,19591,442-58,2025-09-04,1,2025-09-01,26.0
19992,AGORA PANAMA BONE 1320PF,19591,442-58,2025-09-04,2,2025-10-01,34.0
19992,AGORA PANAMA BONE 1320PF,19591,442-58,2025-09-04,3,2025-11-01,49.5
19992,AGORA PANAMA BONE 1320PF,19591,442-58,2025-09-04,4,2025-12-01,34.0
19992,AGORA PANAMA BONE 1320PF,19591,442-58,2025-09-04,5,2026-01-01,143.0
19992,AGORA PANAMA BONE 1320PF,19591,442-58,2025-09-04,6,2026-02-01,5.0
19992,AGORA PANAMA BONE 1320PF,19591,442-58,2025-09-04,7,2026-03-01,0.0
19992,AGORA PANAMA BONE 1320PF,19591,442-58,2025-09-04,8,2026-04-01,101.5
19992,AGORA PANAMA BONE 1320PF,19591,442-58,2025-09-04,9,2026-05-01,0.25
19992,AGORA PANAMA BONE 1320PF,19591,442-58,2025-09-04,10,2026-06-01,0.0
19992,AGORA PANAMA BONE 1320PF,19591,442-58,2025-09-04,11,2026-07-01,0.0
19992,AGORA PANAMA BONE 1320PF,19591,442-58,2025-09-04,12,2026-08-01,0.0
19995,AGORA PANAMA STONE GREY 3669,19594,442-61,2025-09-04,1,2025-09-01,26.0
19995,AGORA PANAMA STONE GREY 3669,19594,442-61,2025-09-04,2,2025-10-01,2.0
19995,AGORA PANAMA STONE GREY 3669,19594,442-61,2025-09-04,3,2025-11-01,0.0
19995,AGORA PANAMA STONE GREY 3669,19594,442-61,2025-09-04,4,2025-12-01,5.0
19995,AGORA PANAMA STONE GREY 3669,19594,442-61,2025-09-04,5,2026-01-01,0.0
19995,AGORA PANAMA STONE GREY 3669,19594,442-61,2025-09-04,6,2026-02-01,5.0
19995,AGORA PANAMA STONE GREY 3669,19594,442-61,2025-09-04,7,2026-03-01,0.0
19995,AGORA PANAMA STONE GREY 3669,19594,442-61,2025-09-04,8,2026-04-01,0.0
19995,AGORA PANAMA STONE GREY 3669,19594,442-61,2025-09-04,9,2026-05-01,4.0
19995,AGORA PANAMA STONE GREY 3669,19594,442-61,2025-09-04,10,2026-06-01,0.0
19995,AGORA PANAMA STONE GREY 3669,19594,442-61,2025-09-04,11,2026-07-01,4.0
19995,AGORA PANAMA STONE GREY 3669,19594,442-61,2025-09-04,12,2026-08-01,0.0
