new_product_id,new_product_name,new_product_reference,old_product_id,old_product_name,old_product_reference,new_product_create_date,old_product_create_date,new_category,matching_evidence,matching_fields,evidence_tier,link_sources,old_first_sale_date,old_last_sale_date,old_selling_months,old_sales_quantity,old_sale_lines,new_first_sale_date,new_last_sale_date,new_selling_months,old_product_active,old_category,new_brand,old_brand,new_quality,old_quality,new_composition,old_composition,new_gsm,old_gsm,new_martindale,old_martindale
22681,ZD 183,,22672,436-40,,2026-08-03,2026-08-03,DF-436,Recorded Odoo similarity/main-product relationship; same category; no qualifying historical sale lines found for old product,"all_similar_products, product_template_similar_rel; category",ambiguous,"all_similar_products, product_template_similar_rel",,,,,,,,,True,DF-436,,,,,,,,,,
22680,ZD 045,,22671,436-39,,2026-08-03,2026-08-03,DF-436,Recorded Odoo similarity/main-product relationship; same category; no qualifying historical sale lines found for old product,"all_similar_products, product_template_similar_rel; category",ambiguous,"all_similar_products, product_template_similar_rel",,,,,,,,,True,DF-436,,,,,,,,,,
22679,ZD 051,,22670,436-38,,2026-08-03,2026-08-03,DF-436,Recorded Odoo similarity/main-product relationship; same category; no qualifying historical sale lines found for old product,"all_similar_products, product_template_similar_rel; category",ambiguous,"all_similar_products, product_template_similar_rel",,,,,,,,,True,DF-436,,,,,,,,,,
22678,ZD 415,,22669,436-37,,2026-08-03,2026-08-03,DF-436,Recorded Odoo similarity/main-product relationship; same category; no qualifying historical sale lines found for old product,"all_similar_products, product_template_similar_rel; category",ambiguous,"all_similar_products, product_template_similar_rel",,,,,,,,,True,DF-436,,,,,,,,,,
22677,ZD 178,,22668,436-36,,2026-08-03,2026-08-03,DF-436,Recorded Odoo similarity/main-product relationship; same category; no qualifying historical sale lines found for old product,"all_similar_products, product_template_similar_rel; category",ambiguous,"all_similar_products, product_template_similar_rel",,,,,,,,,True,DF-436,,,,,,,,,,
22676,ZD 296,,22667,436-35,,2026-08-03,2026-08-03,All,Recorded Odoo similarity/main-product relationship; category differs; no qualifying historical sale lines found for old product,"all_similar_products, product_template_similar_rel",ambiguous,"all_similar_products, product_template_similar_rel",,,,,,,,,True,DF-436,,,,,,,,,,
22675,ZD 098,,22666,436-34,,2026-08-03,2026-08-03,DF-436,Recorded Odoo similarity/main-product relationship; same category; no qualifying historical sale lines found for old product,"all_similar_products, product_template_similar_rel; category",ambiguous,"all_similar_products, product_template_similar_rel",,,,,,,,,True,DF-436,,,,,,,,,,
22674,ZD 078,,22665,436-33,,2026-08-03,2026-08-03,DF-436,Recorded Odoo similarity/main-product relationship; same category; no qualifying historical sale lines found for old product,"all_similar_products, product_template_similar_rel; category",ambiguous,"all_similar_products, product_template_similar_rel",,,,,,,,,True,DF-436,,,,,,,,,,
22673,ZD 261,,22664,436-32,,2026-08-03,2026-08-03,DF-436,Recorded Odoo similarity/main-product relationship; same category; no qualifying historical sale lines found for old product,"all_similar_products, product_template_similar_rel; category",ambiguous,"all_similar_products, product_template_similar_rel",,,,,,,,,True,DF-436,,,,,,,,,,
22663,433-53,,60,351-48,,2026-07-30,2023-05-31,DF-433,Recorded Odoo similarity/main-product relationship; category differs; old product sold in 9 distinct months,"all_similar_products, product_template_similar_rel",strong signal,"all_similar_products, product_template_similar_rel",2023-07-19,2026-05-15,9.0,115.50,12.0,,,,True,DF-351,,,,,,,,,,
22662,433-47,,54,351-42,,2026-07-30,2023-05-31,DF-433,Recorded Odoo similarity/main-product relationship; category differs; old product sold in 14 distinct months,"all_similar_products, product_template_similar_rel",strong signal,"all_similar_products, product_template_similar_rel",2023-10-18,2026-06-09,14.0,333.00,27.0,2026-08-05,2026-08-05,1.0,True,DF-351,,,,,,,,,,
22660,448-44,,6716,380-30,,2026-07-27,2023-05-31,DF-448,Recorded Odoo similarity/main-product relationship; category differs; old product sold in 20 distinct months,"all_similar_products, product_template.main_product, product_template_similar_rel",strong signal,"all_similar_products, product_template.main_product, product_template_similar_rel",2023-06-13,2026-02-16,20.0,126.50,27.0,,,,True,DF-380,,,,,,,,,,
22659,448-43,,6712,380-25,,2026-07-27,2023-05-31,DF-448,Recorded Odoo similarity/main-product relationship; category differs; old product sold in 18 distinct months,"all_similar_products, product_template.main_product, product_template_similar_rel",strong signal,"all_similar_products, product_template.main_product, product_template_similar_rel",2023-09-19,2026-05-13,18.0,138.50,22.0,,,,True,DF-380,,,,,,,,,,
22658,448-42,,6715,380-29,,2026-07-27,2023-05-31,DF-448,Recorded Odoo similarity/main-product relationship; category differs; old product sold in 24 distinct months,"all_similar_products, product_template.main_product, product_template_similar_rel",strong signal,"all_similar_products, product_template.main_product, product_template_similar_rel",2023-08-23,2026-07-23,24.0,208.75,41.0,,,,True,DF-380,,,,,,,,,,
22657,448-41,,6714,380-28,,2026-07-27,2023-05-31,DF-448,Recorded Odoo similarity/main-product relationship; category differs; old product sold in 24 distinct months,"all_similar_products, product_template.main_product, product_template_similar_rel",strong signal,"all_similar_products, product_template.main_product, product_template_similar_rel",2023-06-14,2026-05-14,24.0,245.00,35.0,,,,True,DF-380,,,,,,,,,,
22656,448-40,,6713,380-27,,2026-07-27,2023-05-31,DF-448,Recorded Odoo similarity/main-product relationship; category differs; old product sold in 25 distinct months,"all_similar_products, product_template.main_product, product_template_similar_rel",strong signal,"all_similar_products, product_template.main_product, product_template_similar_rel",2023-06-06,2026-05-13,25.0,256.00,37.0,,,,True,DF-380,,,,,,,,,,
22655,448-39,,6695,380-08,,2026-07-27,2023-05-31,DF-448,Recorded Odoo similarity/main-product relationship; category differs; old product sold in 21 distinct months,"all_similar_products, product_template.main_product, product_template_similar_rel",strong signal,"all_similar_products, product_template.main_product, product_template_similar_rel",2023-06-06,2026-05-13,21.0,287.50,36.0,,,,True,DF-380,,Dazzle,,,,100% PES,,440,,
22655,448-39,,22649,448-30,,2026-07-27,2026-07-27,DF-448,Recorded Odoo similarity/main-product relationship; same category; same name family; no qualifying historical sale lines found for old product,"product_template.main_product, product_template_similar_rel; category; name family",ambiguous,"product_template.main_product, product_template_similar_rel",,,,,,,,,True,DF-448,,,,,,,,,,
22654,448-35,,6699,380-12,,2026-07-27,2023-05-31,DF-448,Recorded Odoo similarity/main-product relationship; category differs; old product sold in 22 distinct months,"all_similar_products, product_template.main_product, product_template_similar_rel",strong signal,"all_similar_products, product_template.main_product, product_template_similar_rel",2023-06-10,2026-07-02,22.0,273.50,35.0,,,,True,DF-380,,,,,,,,,,
22653,448-34,,6694,380-07,,2026-07-27,2023-05-31,DF-448,Recorded Odoo similarity/main-product relationship; category differs; old product sold in 22 distinct months,"all_similar_products, product_template.main_product, product_template_similar_rel",strong signal,"all_similar_products, product_template.main_product, product_template_similar_rel",2023-06-22,2026-05-16,22.0,256.50,36.0,,,,True,DF-380,,,,,,,,,,
22652,448-33,,6698,380-11,,2026-07-27,2023-05-31,DF-448,Recorded Odoo similarity/main-product relationship; category differs; old product sold in 29 distinct months,"all_similar_products, product_template.main_product, product_template_similar_rel",strong signal,"all_similar_products, product_template.main_product, product_template_similar_rel",2023-07-08,2026-07-11,29.0,401.10,61.0,,,,True,DF-380,,,,,,,,,,
22651,448-32,,6697,380-10,,2026-07-27,2023-05-31,DF-448,Recorded Odoo similarity/main-product relationship; category differs; old product sold in 25 distinct months,"all_similar_products, product_template.main_product, product_template_similar_rel",strong signal,"all_similar_products, product_template.main_product, product_template_similar_rel",2023-06-10,2026-07-28,25.0,660.40,42.0,,,,True,DF-380,,Dazzle,,velvet,,"90% PES, 10% COTTON",,700,,
22650,448-31,,6696,380-09,,2026-07-27,2023-05-31,DF-448,Recorded Odoo similarity/main-product relationship; category differs; old product sold in 31 distinct months,"all_similar_products, product_template.main_product, product_template_similar_rel",strong signal,"all_similar_products, product_template.main_product, product_template_similar_rel",2023-06-06,2026-07-28,31.0,1005.50,62.0,,,,True,DF-380,,Dazzle,,velvet,,"90% PES,10% COTTON",,550,,
22649,448-30,,6695,380-08,,2026-07-27,2023-05-31,DF-448,Recorded Odoo similarity/main-product relationship; category differs; old product sold in 21 distinct months,"all_similar_products, product_template_similar_rel",strong signal,"all_similar_products, product_template_similar_rel",2023-06-06,2026-05-13,21.0,287.50,36.0,,,,True,DF-380,,Dazzle,,,,100% PES,,440,,
22648,448-26,,6693,380-06,,2026-07-27,2023-05-31,DF-448,Recorded Odoo similarity/main-product relationship; category differs; old product sold in 32 distinct months,"all_similar_products, product_template.main_product, product_template_similar_rel",strong signal,"all_similar_products, product_template.main_product, product_template_similar_rel",2023-06-12,2026-07-31,32.0,648.30,73.0,,,,True,DF-380,,,,,,,,,,
22647,448-25,,6682,380-01,,2026-07-27,2023-05-31,DF-448,Recorded Odoo similarity/main-product relationship; category differs; old product sold in 28 distinct months,"all_similar_products, product_template.main_product, product_template_similar_rel",strong signal,"all_similar_products, product_template.main_product, product_template_similar_rel",2023-07-04,2026-06-18,28.0,891.50,100.0,,,,True,DF-380,,,,,,,,,,
22646,448-24,,6692,380-05,,2026-07-27,2023-05-31,DF-448,Recorded Odoo similarity/main-product relationship; category differs; old product sold in 31 distinct months,"all_similar_products, product_template.main_product, product_template_similar_rel",strong signal,"all_similar_products, product_template.main_product, product_template_similar_rel",2023-06-22,2026-07-22,31.0,810.45,84.0,,,,True,DF-380,,,,,,,,,,
22645,448-23,,6691,380-04,,2026-07-27,2023-05-31,DF-448,Recorded Odoo similarity/main-product relationship; category differs; old product sold in 33 distinct months,"all_similar_products, product_template.main_product, product_template_similar_rel",strong signal,"all_similar_products, product_template.main_product, product_template_similar_rel",2023-06-24,2026-04-16,33.0,1150.00,118.0,,,,True,DF-380,,,,,,,,,,
22644,448-22,,6684,380-03,,2026-07-27,2023-05-31,DF-448,Recorded Odoo similarity/main-product relationship; category differs; old product sold in 35 distinct months,"all_similar_products, product_template.main_product, product_template_similar_rel",strong signal,"all_similar_products, product_template.main_product, product_template_similar_rel",2023-06-06,2026-07-01,35.0,763.00,94.0,,,,True,DF-380,,Dazzle,,velvet,,Velvet,,400,,
22643,448-21,,6683,380-02,,2026-07-27,2023-05-31,DF-448,Recorded Odoo similarity/main-product relationship; category differs; old product sold in 36 distinct months,"all_similar_products, product_template.main_product, product_template_similar_rel",strong signal,"all_similar_products, product_template.main_product, product_template_similar_rel",2023-06-06,2026-08-06,36.0,1075.50,113.0,,,,True,DF-380,,,,,,,,,,
22642,448-17,,6705,380-18,,2026-07-27,2023-05-31,DF-448,Recorded Odoo similarity/main-product relationship; category differs; old product sold in 23 distinct months,"all_similar_products, product_template.main_product, product_template_similar_rel",strong signal,"all_similar_products, product_template.main_product, product_template_similar_rel",2023-06-24,2026-05-30,23.0,1020.50,30.0,,,,True,DF-380,,,,,,,,,,
22641,448-15,,6704,380-17,,2026-07-27,2023-05-31,DF-448,Recorded Odoo similarity/main-product relationship; category differs; old product sold in 30 distinct months,"all_similar_products, product_template.main_product, product_template_similar_rel",strong signal,"all_similar_products, product_template.main_product, product_template_similar_rel",2023-07-04,2026-08-11,30.0,672.25,68.0,,,,True,DF-380,,,,,,,,,,
22640,448-14,,6703,380-16,,2026-07-27,2023-05-31,DF-448,Recorded Odoo similarity/main-product relationship; category differs; old product sold in 26 distinct months,"all_similar_products, product_template.main_product, product_template_similar_rel",strong signal,"all_similar_products, product_template.main_product, product_template_similar_rel",2023-08-17,2026-06-26,26.0,541.50,57.0,,,,True,DF-380,,,,,,,,,,
22639,448-13,,6702,380-15,,2026-07-27,2023-05-31,DF-448,Recorded Odoo similarity/main-product relationship; category differs; old product sold in 20 distinct months,"all_similar_products, product_template.main_product, product_template_similar_rel",strong signal,"all_similar_products, product_template.main_product, product_template_similar_rel",2023-06-20,2026-01-12,20.0,179.00,27.0,,,,True,DF-380,,,,,,,,,,
22638,448-12,,6701,380-14,,2026-07-27,2023-05-31,DF-448,Recorded Odoo similarity/main-product relationship; category differs; old product sold in 32 distinct months,"all_similar_products, product_template.main_product, product_template_similar_rel",strong signal,"all_similar_products, product_template.main_product, product_template_similar_rel",2023-06-06,2026-08-07,32.0,1077.50,75.0,,,,True,DF-380,,,,,,,,,,
22637,448-08,,6711,380-24,,2026-07-27,2023-05-31,DF-448,Recorded Odoo similarity/main-product relationship; category differs; old product sold in 25 distinct months,"all_similar_products, product_template.main_product, product_template_similar_rel",strong signal,"all_similar_products, product_template.main_product, product_template_similar_rel",2023-07-13,2026-07-01,25.0,266.50,35.0,,,,True,DF-380,,,,,,,,,,
22636,448-07,,6706,380-19,,2026-07-27,2023-05-31,DF-448,Recorded Odoo similarity/main-product relationship; category differs; old product sold in 31 distinct months,"all_similar_products, product_template.main_product, product_template_similar_rel",strong signal,"all_similar_products, product_template.main_product, product_template_similar_rel",2023-07-24,2026-08-08,31.0,762.00,70.0,,,,True,DF-380,,,,,,,,,,
22635,448-06,,6710,380-23,,2026-07-27,2023-05-31,DF-448,Recorded Odoo similarity/main-product relationship; category differs; old product sold in 26 distinct months,"all_similar_products, product_template.main_product, product_template_similar_rel",strong signal,"all_similar_products, product_template.main_product, product_template_similar_rel",2023-07-08,2026-07-01,26.0,317.00,38.0,,,,True,DF-380,,,,,,,,,,
22634,448-05,,6709,380-22,,2026-07-27,2023-05-31,DF-448,Recorded Odoo similarity/main-product relationship; category differs; old product sold in 27 distinct months,"all_similar_products, product_template.main_product, product_template_similar_rel",strong signal,"all_similar_products, product_template.main_product, product_template_similar_rel",2023-06-19,2026-07-01,27.0,632.00,62.0,,,,True,DF-380,,,,,,,,,,
22633,448-04,,6708,380-21,,2026-07-27,2023-05-31,DF-448,Recorded Odoo similarity/main-product relationship; category differs; old product sold in 21 distinct months,"all_similar_products, product_template.main_product, product_template_similar_rel",strong signal,"all_similar_products, product_template.main_product, product_template_similar_rel",2023-06-06,2026-08-11,21.0,498.50,38.0,,,,True,DF-380,,,,,,,,,,
22632,448-03,,6707,380-20,,2026-07-27,2023-05-31,DF-448,Recorded Odoo similarity/main-product relationship; category differs; old product sold in 30 distinct months,"all_similar_products, product_template.main_product, product_template_similar_rel",strong signal,"all_similar_products, product_template.main_product, product_template_similar_rel",2023-06-06,2026-08-11,30.0,715.50,74.0,,,,True,DF-380,,,,,,,,,,
22613,448-16,,6700,380-13,,2026-07-16,2023-05-31,DF-448,Recorded Odoo similarity/main-product relationship; category differs; old product sold in 22 distinct months,"all_similar_products, product_template.main_product, product_template_similar_rel",strong signal,"all_similar_products, product_template.main_product, product_template_similar_rel",2023-06-09,2026-08-04,22.0,182.50,33.0,,,,True,DF-380,,,,,,,,,,
22594,445-58,,5939,343-28,,2026-07-02,2023-05-31,DF-445,Recorded Odoo similarity/main-product relationship; category differs; old product sold in 15 distinct months,"all_similar_products, product_template.main_product, product_template_similar_rel",strong signal,"all_similar_products, product_template.main_product, product_template_similar_rel",2023-07-03,2026-03-16,15.0,318.50,25.0,2026-07-02,2026-07-02,1.0,True,DF-343,,,,,,,,,,
22594,445-58,,8267,AE2150022,,2026-07-02,2023-08-08,DF-445,Recorded Odoo similarity/main-product relationship; category differs; no qualifying historical sale lines found for old product,product_template_similar_rel,ambiguous,product_template_similar_rel,,,,,,2026-07-02,2026-07-02,1.0,True,Michelle,,,,,,,,,,
22586,431-47,,869,325-52,,2026-06-17,2023-05-31,DF-431,Recorded Odoo similarity/main-product relationship; category differs; old product sold in 17 distinct months,"all_similar_products, product_template.main_product, product_template_similar_rel",strong signal,"all_similar_products, product_template.main_product, product_template_similar_rel",2023-08-03,2026-07-15,17.0,187.00,26.0,,,,True,DF-325,,,,,,,,,,
22586,431-47,,9453,Siena-04,,2026-06-17,2023-11-14,DF-431,Recorded Odoo similarity/main-product relationship; category differs; old product sold in 7 distinct months,product_template_similar_rel,strong signal,product_template_similar_rel,2024-02-07,2025-12-05,7.0,59.00,8.0,,,,True,DE-V6,,,,,,,,,,
22585,431-46,,862,325-45,,2026-06-17,2023-05-31,DF-431,Recorded Odoo similarity/main-product relationship; category differs; old product sold in 10 distinct months,"all_similar_products, product_template_similar_rel",strong signal,"all_similar_products, product_template_similar_rel",2023-06-07,2025-11-07,10.0,339.50,14.0,,,,True,DF-325,,,,,,,,,,
22582,431-43,,857,325-40,,2026-06-17,2023-05-31,DF-431,Recorded Odoo similarity/main-product relationship; category differs; old product sold in 13 distinct months,"all_similar_products, product_template_similar_rel",strong signal,"all_similar_products, product_template_similar_rel",2023-07-18,2026-05-08,13.0,440.00,22.0,,,,True,DF-325,,,,,,,,,,
22580,431-41,,851,325-34,,2026-06-17,2023-05-31,DF-431,Recorded Odoo similarity/main-product relationship; category differs; old product sold in 22 distinct months,"all_similar_products, product_template_similar_rel",strong signal,"all_similar_products, product_template_similar_rel",2023-06-09,2026-06-04,22.0,522.00,47.0,,,,True,DF-325,,,,,,,,,,
22579,431-40,,845,325-28,,2026-06-17,2023-05-31,DF-431,Recorded Odoo similarity/main-product relationship; category differs; old product sold in 30 distinct months,"all_similar_products, product_template.main_product, product_template_similar_rel",strong signal,"all_similar_products, product_template.main_product, product_template_similar_rel",2023-06-01,2026-07-15,30.0,1745.00,82.0,,,,True,DF-325,,,,,,,,,,
22579,431-40,,1620,202-20,,2026-06-17,2023-05-31,DF-431,Recorded Odoo similarity/main-product relationship; category differs; old product sold in 12 distinct months,product_template_similar_rel,strong signal,product_template_similar_rel,2023-12-13,2025-12-19,12.0,264.00,15.0,,,,True,DF-202,,,,,,,,,,
22579,431-40,,9446,Turin-05,,2026-06-17,2023-11-14,DF-431,Recorded Odoo similarity/main-product relationship; category differs; old product sold in 4 distinct months,product_template_similar_rel,ambiguous,product_template_similar_rel,2024-03-16,2026-01-07,4.0,84.00,5.0,,,,True,DE-V6,,,,,,,,,,
22578,431-22,,855,325-38,,2026-06-17,2023-05-31,DF-431,Recorded Odoo similarity/main-product relationship; category differs; old product sold in 18 distinct months,"all_similar_products, product_template.main_product, product_template_similar_rel",strong signal,"all_similar_products, product_template.main_product, product_template_similar_rel",2023-06-02,2026-07-15,18.0,311.00,20.0,,,,True,DF-325,,,,,,,,,,
22578,431-22,,1625,202-25,,2026-06-17,2023-05-31,DF-431,Recorded Odoo similarity/main-product relationship; category differs; old product sold in 1 distinct months,product_template_similar_rel,ambiguous,product_template_similar_rel,2024-09-18,2024-09-18,1.0,6.0,1.0,,,,True,DF-202,,,,,,,,,,
22578,431-22,,9454,Siena-05,,2026-06-17,2023-11-14,DF-431,Recorded Odoo similarity/main-product relationship; category differs; old product sold in 10 distinct months,product_template_similar_rel,strong signal,product_template_similar_rel,2024-02-06,2025-11-10,10.0,62.00,12.0,,,,True,DE-V6,,,,,,,,,,
22577,431-21,,839,325-22,,2026-06-17,2023-05-31,DF-431,Recorded Odoo similarity/main-product relationship; category differs; old product sold in 15 distinct months,"all_similar_products, product_template_similar_rel",strong signal,"all_similar_products, product_template_similar_rel",2023-06-03,2026-05-16,15.0,595.60,22.0,,,,True,DF-325,,,,,,,,,,
22576,431-19,,835,325-18,,2026-06-17,2023-05-31,DF-431,Recorded Odoo similarity/main-product relationship; category differs; old product sold in 23 distinct months,"all_similar_products, product_template.main_product, product_template_similar_rel",strong signal,"all_similar_products, product_template.main_product, product_template_similar_rel",2023-07-08,2026-03-13,23.0,879.00,48.0,,,,True,DF-325,,,,,,,,,,
22576,431-19,,7963,V5-49,,2026-06-17,2023-07-21,DF-431,Recorded Odoo similarity/main-product relationship; category differs; old product sold in 1 distinct months,product_template_similar_rel,ambiguous,product_template_similar_rel,2024-08-28,2024-08-28,1.0,12.0,1.0,,,,True,DE-V5,,,,,,,,,,
22576,431-19,,9469,Verona-04,,2026-06-17,2023-11-14,DF-431,Recorded Odoo similarity/main-product relationship; category differs; old product sold in 6 distinct months,product_template_similar_rel,strong signal,product_template_similar_rel,2024-03-11,2026-07-13,6.0,92.00,9.0,,,,True,DE-V6,,,,,,,,,,
22575,431-18,,833,325-16,,2026-06-17,2023-05-31,DF-431,Recorded Odoo similarity/main-product relationship; category differs; old product sold in 23 distinct months,"all_similar_products, product_template.main_product, product_template_similar_rel",strong signal,"all_similar_products, product_template.main_product, product_template_similar_rel",2023-06-03,2026-07-16,23.0,1396.00,50.0,,,,True,DF-325,,,,,,,,,,
22575,431-18,,5309,DE-V1-119,,2026-06-17,2023-05-31,DF-431,Recorded Odoo similarity/main-product relationship; category differs; old product sold in 6 distinct months,product_template_similar_rel,strong signal,product_template_similar_rel,2023-07-06,2025-10-08,6.0,50.50,6.0,,,,True,DE-V1,,,,,,,,,,
22575,431-18,,9455,Siena-06,,2026-06-17,2023-11-14,DF-431,Recorded Odoo similarity/main-product relationship; category differs; old product sold in 4 distinct months,product_template_similar_rel,ambiguous,product_template_similar_rel,2024-03-16,2025-05-03,4.0,71.00,6.0,,,,True,DE-V6,,,,,,,,,,
22574,431-12,,826,325-09,,2026-06-17,2023-05-31,DF-431,Recorded Odoo similarity/main-product relationship; category differs; old product sold in 7 distinct months,"all_similar_products, product_template_similar_rel",strong signal,"all_similar_products, product_template_similar_rel",2023-07-08,2026-08-11,7.0,129.60,8.0,,,,True,DF-325,,,,,,,,,,
22573,431-11,,822,325-05,,2026-06-17,2023-05-31,DF-431,Recorded Odoo similarity/main-product relationship; category differs; old product sold in 3 distinct months,"all_similar_products, product_template_similar_rel",ambiguous,"all_similar_products, product_template_similar_rel",2023-09-14,2026-03-02,3.0,35.00,3.0,,,,True,DF-325,,,,,,,,,,
22572,431-10,,821,325-04,,2026-06-17,2023-05-31,DF-431,Recorded Odoo similarity/main-product relationship; category differs; old product sold in 14 distinct months,"all_similar_products, product_template.main_product, product_template_similar_rel",strong signal,"all_similar_products, product_template.main_product, product_template_similar_rel",2023-07-08,2026-06-03,14.0,449.50,22.0,,,,True,DF-325,,,,,,,,,,
22572,431-10,,9463,Bologna-06,,2026-06-17,2023-11-14,DF-431,Recorded Odoo similarity/main-product relationship; category differs; no qualifying historical sale lines found for old product,product_template_similar_rel,ambiguous,product_template_similar_rel,,,,,,,,,True,DE-V6,,,,,,,,,,
22571,431-03,,819,325-02,,2026-06-17,2023-05-31,DF-431,Recorded Odoo similarity/main-product relationship; category differs; old product sold in 35 distinct months,"all_similar_products, product_template.main_product, product_template_similar_rel",strong signal,"all_similar_products, product_template.main_product, product_template_similar_rel",2023-06-07,2026-08-03,35.0,2216.60,163.0,,,,True,DF-325,,,,,,,,,,
22571,431-03,,5417,DE-V1-11,,2026-06-17,2023-05-31,DF-431,Recorded Odoo similarity/main-product relationship; category differs; old product sold in 13 distinct months,product_template_similar_rel,strong signal,product_template_similar_rel,2023-06-05,2025-02-03,13.0,356.00,22.0,,,,True,DE-V1,,,,,,,,,,
22571,431-03,,7961,V5-44,,2026-06-17,2023-07-21,DF-431,Recorded Odoo similarity/main-product relationship; category differs; old product sold in 3 distinct months,product_template_similar_rel,ambiguous,product_template_similar_rel,2024-02-06,2026-06-25,3.0,26.00,4.0,,,,True,DE-V5,,,,,,,,,,
22571,431-03,,9438,Naples-05,,2026-06-17,2023-11-14,DF-431,Recorded Odoo similarity/main-product relationship; category differs; old product sold in 11 distinct months,product_template_similar_rel,strong signal,product_template_similar_rel,2024-01-10,2026-05-25,11.0,178.00,14.0,,,,True,DE-V6,,,,,,,,,,
22570,431-02,,820,325-03,,2026-06-17,2023-05-31,DF-431,Recorded Odoo similarity/main-product relationship; category differs; old product sold in 34 distinct months,"all_similar_products, product_template_similar_rel",strong signal,"all_similar_products, product_template_similar_rel",2023-06-03,2026-06-25,34.0,2099.00,129.0,,,,True,DF-325,,,,,,,,,,
22570,431-02,,5268,DE-V1-160,,2026-06-17,2023-05-31,DF-431,Recorded Odoo similarity/main-product relationship; category differs; old product sold in 12 distinct months,"product_template.main_product, product_template_similar_rel",strong signal,"product_template.main_product, product_template_similar_rel",2023-06-03,2026-02-02,12.0,244.50,17.0,,,,True,DE-V1,,,,,,,,,,
22569,431-01,,834,325-17,,2026-06-17,2023-05-31,DF-431,Recorded Odoo similarity/main-product relationship; category differs; old product sold in 26 distinct months,"all_similar_products, product_template.main_product, product_template_similar_rel",strong signal,"all_similar_products, product_template.main_product, product_template_similar_rel",2023-06-13,2025-12-18,26.0,1102.50,75.0,,,,True,DF-325,,,,,,,,,,
22569,431-01,,7962,V5-77,,2026-06-17,2023-07-21,DF-431,Recorded Odoo similarity/main-product relationship; category differs; old product sold in 3 distinct months,product_template_similar_rel,ambiguous,product_template_similar_rel,2023-12-23,2024-09-23,3.0,123.0,5.0,,,,True,DE-V5,,,,,,,,,,
22569,431-01,,9447,Turin-06,,2026-06-17,2023-11-14,DF-431,Recorded Odoo similarity/main-product relationship; category differs; old product sold in 4 distinct months,product_template_similar_rel,ambiguous,product_template_similar_rel,2024-02-07,2025-10-07,4.0,106.50,5.0,,,,True,DE-V6,,,,,,,,,,
22568,360-30,,2949,803-24,,2026-06-17,2023-05-31,DF-360,Recorded Odoo similarity/main-product relationship; category differs; old product sold in 10 distinct months,"all_similar_products, product_template_similar_rel",strong signal,"all_similar_products, product_template_similar_rel",2023-10-10,2026-01-13,10.0,103.00,12.0,2026-06-17,2026-06-17,1.0,True,DF-803,,,,,,,,,,
22568,360-30,,5413,DE-V1-15,,2026-06-17,2023-05-31,DF-360,Recorded Odoo similarity/main-product relationship; category differs; old product sold in 7 distinct months,"product_template.main_product, product_template_similar_rel",strong signal,"product_template.main_product, product_template_similar_rel",2023-06-09,2025-09-27,7.0,55.50,7.0,2026-06-17,2026-06-17,1.0,True,DE-V1,,,,,,,,,,
22567,423-55,,14337,409-60,,2026-06-15,2024-02-20,DF-423,Recorded Odoo similarity/main-product relationship; category differs; old product sold in 1 distinct months,"all_similar_products, product_template_similar_rel",ambiguous,"all_similar_products, product_template_similar_rel",2024-12-15,2024-12-15,1.0,3.5,1.0,,,,True,DF-409,,,,,,,,,,
22566,423-52,,14316,409-39,,2026-06-15,2024-02-20,DF-423,Recorded Odoo similarity/main-product relationship; category differs; old product sold in 1 distinct months,"all_similar_products, product_template_similar_rel",ambiguous,"all_similar_products, product_template_similar_rel",2025-04-18,2025-04-18,1.0,2.00,1.0,,,,True,DF-409,,,,,,,,,,
22565,423-48,,14304,409-27,,2026-06-15,2024-02-20,DF-423,Recorded Odoo similarity/main-product relationship; category differs; no qualifying historical sale lines found for old product,"all_similar_products, product_template_similar_rel",ambiguous,"all_similar_products, product_template_similar_rel",,,,,,,,,True,DF-409,,,,,,,,,,
22564,423-45,,14303,409-26,,2026-06-15,2024-02-20,DF-423,Recorded Odoo similarity/main-product relationship; category differs; old product sold in 2 distinct months,"all_similar_products, product_template_similar_rel",ambiguous,"all_similar_products, product_template_similar_rel",2024-11-25,2025-05-16,2.0,15.00,3.0,,,,True,DF-409,,,,,,,,,,
22563,423-44,,14186,408-29,,2026-06-15,2024-02-20,DF-423,Recorded Odoo similarity/main-product relationship; category differs; old product sold in 8 distinct months,"all_similar_products, product_template_similar_rel",strong signal,"all_similar_products, product_template_similar_rel",2024-08-20,2026-03-11,8.0,78.00,10.0,,,,True,DF-408,,,,,,,,,,
22562,423-37,,14313,409-36,,2026-06-15,2024-02-20,DF-423,Recorded Odoo similarity/main-product relationship; category differs; no qualifying historical sale lines found for old product,"all_similar_products, product_template_similar_rel",ambiguous,"all_similar_products, product_template_similar_rel",,,,,,,,,True,DF-409,,,,,,,,,,
22561,423-35,,14294,409-17,,2026-06-15,2024-02-20,DF-423,Recorded Odoo similarity/main-product relationship; category differs; old product sold in 1 distinct months,"all_similar_products, product_template_similar_rel",ambiguous,"all_similar_products, product_template_similar_rel",2024-11-25,2024-11-25,1.0,13.5,2.0,,,,True,DF-409,,,,,,,,,,
22560,423-34,,14296,409-19,,2026-06-15,2024-02-20,DF-423,Recorded Odoo similarity/main-product relationship; category differs; old product sold in 1 distinct months,"all_similar_products, product_template_similar_rel",ambiguous,"all_similar_products, product_template_similar_rel",2025-12-30,2025-12-30,1.0,1.50,1.0,2026-06-25,2026-06-25,1.0,True,DF-409,,,,,,,,,,
22559,423-31,,14330,409-53,,2026-06-15,2024-02-20,DF-423,Recorded Odoo similarity/main-product relationship; category differs; old product sold in 2 distinct months,"all_similar_products, product_template_similar_rel",ambiguous,"all_similar_products, product_template_similar_rel",2025-11-03,2026-06-04,2.0,37.00,3.0,,,,True,DF-409,,,,,,,,,,
22558,423-20,,14307,409-30,,2026-06-15,2024-02-20,DF-423,Recorded Odoo similarity/main-product relationship; category differs; old product sold in 4 distinct months,"all_similar_products, product_template_similar_rel",ambiguous,"all_similar_products, product_template_similar_rel",2024-12-12,2026-03-30,4.0,64.50,6.0,,,,True,DF-409,,,,,,,,,,
22557,423-12,,14287,409-10,,2026-06-15,2024-02-20,DF-423,Recorded Odoo similarity/main-product relationship; category differs; old product sold in 8 distinct months,"all_similar_products, product_template_similar_rel",strong signal,"all_similar_products, product_template_similar_rel",2024-10-14,2026-05-30,8.0,24.50,8.0,,,,True,DF-409,,,,,,,,,,
22556,423-11,,14291,409-14,,2026-06-15,2024-02-20,DF-423,Recorded Odoo similarity/main-product relationship; category differs; old product sold in 6 distinct months,"all_similar_products, product_template_similar_rel",strong signal,"all_similar_products, product_template_similar_rel",2024-11-25,2026-05-30,6.0,72.50,6.0,,,,True,DF-409,,,,,,,,,,
22555,423-10,,14289,409-12,,2026-06-15,2024-02-20,DF-423,Recorded Odoo similarity/main-product relationship; category differs; old product sold in 1 distinct months,"all_similar_products, product_template_similar_rel",ambiguous,"all_similar_products, product_template_similar_rel",2025-07-29,2025-07-29,1.0,1.00,1.0,,,,True,DF-409,,,,,,,,,,
22555,423-10,,21552,423-13,,2026-06-15,2025-11-11,DF-423,Recorded Odoo similarity/main-product relationship; same category; same name family; no qualifying historical sale lines found for old product,product_template_similar_rel; category; name family,ambiguous,product_template_similar_rel,,,,,,,,,True,DF-423,,,,,,,,,,
22554,423-01,,14324,409-47,,2026-06-15,2024-02-20,DF-423,Recorded Odoo similarity/main-product relationship; category differs; old product sold in 3 distinct months,"all_similar_products, product_template_similar_rel",ambiguous,"all_similar_products, product_template_similar_rel",2025-01-17,2026-08-05,3.0,39.00,5.0,,,,True,DF-409,,,,,,,,,,
22530,423-02,,14200,408-43,,2026-06-15,2024-02-20,DF-423,Recorded Odoo similarity/main-product relationship; category differs; old product sold in 13 distinct months,"all_similar_products, product_template_similar_rel",strong signal,"all_similar_products, product_template_similar_rel",2024-07-31,2026-05-02,13.0,117.50,16.0,,,,True,DF-408,,,,,,,,,,
22531,423-03,,14197,408-40,,2026-06-15,2024-02-20,DF-423,Recorded Odoo similarity/main-product relationship; category differs; old product sold in 2 distinct months,"all_similar_products, product_template_similar_rel",ambiguous,"all_similar_products, product_template_similar_rel",2025-08-05,2026-07-22,2.0,14.00,2.0,,,,True,DF-408,,,,,,,,,,
22532,423-04,,14174,408-17,,2026-06-15,2024-02-20,DF-423,Recorded Odoo similarity/main-product relationship; category differs; old product sold in 11 distinct months,"all_similar_products, product_template_similar_rel",strong signal,"all_similar_products, product_template_similar_rel",2024-08-28,2026-07-15,11.0,218.60,15.0,,,,True,DF-408,,,,,,,,,,
22533,423-05,,14184,408-27,,2026-06-15,2024-02-20,DF-423,Recorded Odoo similarity/main-product relationship; category differs; old product sold in 9 distinct months,"all_similar_products, product_template_similar_rel",strong signal,"all_similar_products, product_template_similar_rel",2024-10-15,2026-07-09,9.0,336.50,14.0,,,,True,DF-408,,,,,,,,,,
22534,423-07,,14201,408-44,,2026-06-15,2024-02-20,DF-423,Recorded Odoo similarity/main-product relationship; category differs; old product sold in 5 distinct months,"all_similar_products, product_template_similar_rel",ambiguous,"all_similar_products, product_template_similar_rel",2024-12-20,2026-05-05,5.0,49.50,5.0,,,,True,DF-408,,,,,,,,,,
22535,423-09,,14175,408-18,,2026-06-15,2024-02-20,DF-423,Recorded Odoo similarity/main-product relationship; category differs; old product sold in 4 distinct months,"all_similar_products, product_template_similar_rel",ambiguous,"all_similar_products, product_template_similar_rel",2025-02-17,2026-07-10,4.0,40.50,6.0,,,,True,DF-408,,,,,,,,,,
22536,423-15,,14213,408-56,,2026-06-15,2024-02-20,DF-423,Recorded Odoo similarity/main-product relationship; category differs; no qualifying historical sale lines found for old product,"all_similar_products, product_template_similar_rel",ambiguous,"all_similar_products, product_template_similar_rel",,,,,,,,,True,DF-408,,,,,,,,,,
22537,423-16,,14159,408-02,,2026-06-15,2024-02-20,DF-423,Recorded Odoo similarity/main-product relationship; category differs; old product sold in 1 distinct months,"all_similar_products, product_template_similar_rel",ambiguous,"all_similar_products, product_template_similar_rel",2026-01-14,2026-01-14,1.0,3.00,1.0,,,,True,DF-408,,,,,,,,,,
22538,423-21,,14166,408-09,,2026-06-15,2024-02-20,DF-423,Recorded Odoo similarity/main-product relationship; category differs; old product sold in 6 distinct months,"all_similar_products, product_template_similar_rel",strong signal,"all_similar_products, product_template_similar_rel",2024-09-18,2026-08-01,6.0,70.50,7.0,2026-06-16,2026-06-16,1.0,True,DF-408,,,,,,,,,,
22539,423-23,,14191,408-34,,2026-06-15,2024-02-20,DF-423,Recorded Odoo similarity/main-product relationship; category differs; no qualifying historical sale lines found for old product,"all_similar_products, product_template_similar_rel",ambiguous,"all_similar_products, product_template_similar_rel",,,,,,,,,True,DF-408,,,,,,,,,,
22540,423-24,,14183,408-26,,2026-06-15,2024-02-20,DF-423,Recorded Odoo similarity/main-product relationship; category differs; old product sold in 1 distinct months,"all_similar_products, product_template_similar_rel",ambiguous,"all_similar_products, product_template_similar_rel",2026-02-06,2026-02-09,1.0,19.50,2.0,2026-06-23,2026-06-23,1.0,True,DF-408,,,,,,,,,,
22541,423-25,,14167,408-10,,2026-06-15,2024-02-20,DF-423,Recorded Odoo similarity/main-product relationship; category differs; old product sold in 2 distinct months,"all_similar_products, product_template_similar_rel",ambiguous,"all_similar_products, product_template_similar_rel",2025-06-03,2026-03-30,2.0,80.00,4.0,,,,True,DF-408,,,,,,,,,,
22542,423-28,,14188,408-31,,2026-06-15,2024-02-20,DF-423,Recorded Odoo similarity/main-product relationship; category differs; old product sold in 8 distinct months,"all_similar_products, product_template_similar_rel",strong signal,"all_similar_products, product_template_similar_rel",2024-08-20,2026-04-10,8.0,113.50,10.0,,,,True,DF-408,,,,,,,,,,
22543,423-38,,14160,408-03,,2026-06-15,2024-02-20,DF-423,Recorded Odoo similarity/main-product relationship; category differs; old product sold in 1 distinct months,"all_similar_products, product_template_similar_rel",ambiguous,"all_similar_products, product_template_similar_rel",2024-08-29,2024-08-29,1.0,1.0,1.0,,,,True,DF-408,,,,,,,,,,
22544,423-39,,14168,408-11,,2026-06-15,2024-02-20,DF-423,Recorded Odoo similarity/main-product relationship; category differs; no qualifying historical sale lines found for old product,"all_similar_products, product_template_similar_rel",ambiguous,"all_similar_products, product_template_similar_rel",,,,,,,,,True,DF-408,,,,,,,,,,
22545,423-40,,14170,408-13,,2026-06-15,2024-02-20,DF-423,Recorded Odoo similarity/main-product relationship; category differs; old product sold in 1 distinct months,"all_similar_products, product_template_similar_rel",ambiguous,"all_similar_products, product_template_similar_rel",2025-01-11,2025-01-11,1.0,3.0,1.0,,,,True,DF-408,,,,,,,,,,
22546,423-41,,14162,408-05,,2026-06-15,2024-02-20,DF-423,Recorded Odoo similarity/main-product relationship; category differs; old product sold in 1 distinct months,"all_similar_products, product_template_similar_rel",ambiguous,"all_similar_products, product_template_similar_rel",2026-01-14,2026-01-29,1.0,11.00,2.0,,,,True,DF-408,,,,,,,,,,
22547,423-43,,14163,408-06,,2026-06-15,2024-02-20,DF-423,Recorded Odoo similarity/main-product relationship; category differs; no qualifying historical sale lines found for old product,"all_similar_products, product_template_similar_rel",ambiguous,"all_similar_products, product_template_similar_rel",,,,,,,,,True,DF-408,,,,,,,,,,
22548,423-46,,14181,408-24,,2026-06-15,2024-02-20,DF-423,Recorded Odoo similarity/main-product relationship; category differs; old product sold in 4 distinct months,"all_similar_products, product_template_similar_rel",ambiguous,"all_similar_products, product_template_similar_rel",2024-08-02,2026-08-01,4.0,81.00,9.0,,,,True,DF-408,,,,,,,,,,
22549,423-47,,14180,408-23,,2026-06-15,2024-02-20,DF-423,Recorded Odoo similarity/main-product relationship; category differs; old product sold in 7 distinct months,"all_similar_products, product_template_similar_rel",strong signal,"all_similar_products, product_template_similar_rel",2024-08-28,2026-08-01,7.0,60.00,8.0,,,,True,DF-408,,,,,,,,,,
22550,423-49,,14206,408-49,,2026-06-15,2024-02-20,DF-423,Recorded Odoo similarity/main-product relationship; category differs; no qualifying historical sale lines found for old product,"all_similar_products, product_template_similar_rel",ambiguous,"all_similar_products, product_template_similar_rel",,,,,,,,,True,DF-408,,,,,,,,,,
22551,423-50,,14207,408-50,,2026-06-15,2024-02-20,DF-423,Recorded Odoo similarity/main-product relationship; category differs; old product sold in 2 distinct months,"all_similar_products, product_template_similar_rel",ambiguous,"all_similar_products, product_template_similar_rel",2024-08-20,2024-09-18,2.0,4.2,3.0,,,,True,DF-408,,,,,,,,,,
22552,423-53,,14208,408-51,,2026-06-15,2024-02-20,DF-423,Recorded Odoo similarity/main-product relationship; category differs; old product sold in 2 distinct months,"all_similar_products, product_template_similar_rel",ambiguous,"all_similar_products, product_template_similar_rel",2024-09-12,2026-04-04,2.0,15.00,2.0,,,,True,DF-408,,,,,,,,,,
22553,423-54,,14214,408-57,,2026-06-15,2024-02-20,DF-423,Recorded Odoo similarity/main-product relationship; category differs; no qualifying historical sale lines found for old product,"all_similar_products, product_template_similar_rel",ambiguous,"all_similar_products, product_template_similar_rel",,,,,,,,,True,DF-408,,,,,,,,,,
22474,423-30,,14195,408-38,,2026-05-18,2024-02-20,DF-423,Recorded Odoo similarity/main-product relationship; category differs; old product sold in 3 distinct months,"all_similar_products, product_template_similar_rel",ambiguous,"all_similar_products, product_template_similar_rel",2025-03-20,2026-05-18,3.0,9.00,3.0,,,,True,DF-408,,,,,,,,,,
22469,423-08,,14326,409-49,,2026-03-16,2024-02-20,DF-423,Recorded Odoo similarity/main-product relationship; category differs; old product sold in 4 distinct months,"all_similar_products, product_template_similar_rel",ambiguous,"all_similar_products, product_template_similar_rel",2025-01-05,2026-05-30,4.0,97.50,6.0,2026-04-03,2026-04-03,1.0,True,DF-409,,,,,,,,,,
22468,423-33,,14198,408-41,,2026-03-13,2024-02-20,DF-423,Recorded Odoo similarity/main-product relationship; category differs; old product sold in 4 distinct months,"all_similar_products, product_template_similar_rel",ambiguous,"all_similar_products, product_template_similar_rel",2024-09-13,2026-02-09,4.0,121.00,5.0,2026-03-14,2026-03-14,1.0,True,DF-408,,,,,,,,,,
22467,423-32,,14332,409-55,,2026-03-13,2024-02-20,DF-423,Recorded Odoo similarity/main-product relationship; category differs; old product sold in 1 distinct months,"all_similar_products, product_template_similar_rel",ambiguous,"all_similar_products, product_template_similar_rel",2025-02-24,2025-02-24,1.0,8.00,1.0,2026-03-14,2026-03-14,1.0,True,DF-409,,,,,,,,,,
22464,422-13,,21764,422-01,,2026-02-26,2025-12-03,DF-422,Recorded Odoo similarity/main-product relationship; same category; same name family; old product sold in 6 distinct months,"all_similar_products, product_template_similar_rel; category; name family",strong signal,"all_similar_products, product_template_similar_rel",2026-02-07,2026-07-28,6.0,259.00,21.0,2026-02-26,2026-07-29,6.0,True,DF-422,,,,,,,,,,
22272,450-32,,8516,376-40,,2026-02-10,2023-08-21,DF-450,Recorded Odoo similarity/main-product relationship; category differs; old product sold in 1 distinct months,"product_template.main_product, product_template_similar_rel",ambiguous,"product_template.main_product, product_template_similar_rel",2025-12-05,2025-12-05,1.0,15.00,1.0,2026-03-14,2026-03-14,1.0,True,DF-376,,Dazzle,,,,100% Polyester,,265,,
22305,CHEVIS-II-LB LINEN,,7823,374-05,,2026-02-10,2023-07-18,DF-450,Recorded Odoo similarity/main-product relationship; category differs; old product sold in 13 distinct months,product_template_similar_rel,strong signal,product_template_similar_rel,2023-08-26,2025-08-17,13.0,530.50,18.0,,,,True,DF-374,,,,,,,,,,
22305,CHEVIS-II-LB LINEN,,8516,376-40,,2026-02-10,2023-08-21,DF-450,Recorded Odoo similarity/main-product relationship; category differs; old product sold in 1 distinct months,"all_similar_products, product_template.main_product, product_template_similar_rel",ambiguous,"all_similar_products, product_template.main_product, product_template_similar_rel",2025-12-05,2025-12-05,1.0,15.00,1.0,,,,True,DF-376,,Dazzle,,,,100% Polyester,,265,,
22305,CHEVIS-II-LB LINEN,,11080,CHEVIS LB - LINEN,,2026-02-10,2024-01-06,DF-450,Recorded Odoo similarity/main-product relationship; category differs; same name family; no qualifying historical sale lines found for old product,product_template_similar_rel; name family,ambiguous,product_template_similar_rel,,,,,,,,,True,Morgan - Ref.,,,,,,,,,,
21980,422-08,,21765,422-02,,2026-02-05,2025-12-03,DF-422,Recorded Odoo similarity/main-product relationship; same category; same name family; old product sold in 6 distinct months,"all_similar_products, product_template.main_product, product_template_similar_rel; category; name family",strong signal,"all_similar_products, product_template.main_product, product_template_similar_rel",2026-02-21,2026-08-06,6.0,521.20,26.0,2026-02-13,2026-07-07,5.0,True,DF-422,,,,,,,,,,
21981,422-21,,21766,422-03,,2026-02-05,2025-12-03,DF-422,Recorded Odoo similarity/main-product relationship; same category; same name family; old product sold in 3 distinct months,"all_similar_products, product_template_similar_rel; category; name family",ambiguous,"all_similar_products, product_template_similar_rel",2026-02-28,2026-06-26,3.0,90.50,7.0,2026-03-18,2026-07-21,4.0,True,DF-422,,,,,,,,,,
21982,422-23,,21768,422-05,,2026-02-05,2025-12-03,DF-422,Recorded Odoo similarity/main-product relationship; same category; same name family; old product sold in 7 distinct months,"all_similar_products, product_template_similar_rel; category; name family",strong signal,"all_similar_products, product_template_similar_rel",2026-02-28,2026-08-01,7.0,210.50,21.0,2026-03-07,2026-07-27,5.0,True,DF-422,,Dazzle,,blackout,,100% PES,,1000 G/M,,
21983,422-30,,21769,422-06,,2026-02-05,2025-12-03,DF-422,Recorded Odoo similarity/main-product relationship; same category; same name family; old product sold in 6 distinct months,"all_similar_products, product_template_similar_rel; category; name family",strong signal,"all_similar_products, product_template_similar_rel",2026-03-16,2026-08-10,6.0,166.50,15.0,2026-02-20,2026-08-12,5.0,True,DF-422,,,,,,,,,,
21952,424-02,,14297,409-20,,2026-02-02,2024-02-20,DF-424,Recorded Odoo similarity/main-product relationship; category differs; no qualifying historical sale lines found for old product,"all_similar_products, product_template_similar_rel",ambiguous,"all_similar_products, product_template_similar_rel",,,,,,2026-05-05,2026-05-05,1.0,True,DF-409,,,,,,,,,,
21953,424-04,,14282,409-05,,2026-02-02,2024-02-20,DF-424,Recorded Odoo similarity/main-product relationship; category differs; old product sold in 1 distinct months,"all_similar_products, product_template_similar_rel",ambiguous,"all_similar_products, product_template_similar_rel",2025-07-08,2025-07-08,1.0,6.50,1.0,,,,True,DF-409,,,,,,,,,,
21954,424-06,,14192,408-35,,2026-02-02,2024-02-20,DF-424,Recorded Odoo similarity/main-product relationship; category differs; old product sold in 4 distinct months,"all_similar_products, product_template_similar_rel",ambiguous,"all_similar_products, product_template_similar_rel",2024-07-06,2025-09-08,4.0,106.50,5.0,2026-05-05,2026-05-05,1.0,True,DF-408,,,,,,,,,,
21955,424-07,,14212,408-55,,2026-02-02,2024-02-20,DF-424,Recorded Odoo similarity/main-product relationship; category differs; no qualifying historical sale lines found for old product,"all_similar_products, product_template_similar_rel",ambiguous,"all_similar_products, product_template_similar_rel",,,,,,2026-04-28,2026-06-30,2.0,True,DF-408,,,,,,,,,,
21956,424-09,,14315,409-38,,2026-02-02,2024-02-20,DF-424,Recorded Odoo similarity/main-product relationship; category differs; old product sold in 3 distinct months,"all_similar_products, product_template_similar_rel",ambiguous,"all_similar_products, product_template_similar_rel",2025-04-18,2026-06-09,3.0,4.50,3.0,,,,True,DF-409,,,,,,,,,,
21957,424-18,,14310,409-33,,2026-02-02,2024-02-20,DF-424,Recorded Odoo similarity/main-product relationship; category differs; old product sold in 4 distinct months,"all_similar_products, product_template_similar_rel",ambiguous,"all_similar_products, product_template_similar_rel",2024-12-12,2026-01-22,4.0,28.00,5.0,2026-02-12,2026-02-12,1.0,True,DF-409,,,,,,,,,,
21958,424-19,,14280,409-03,,2026-02-02,2024-02-20,DF-424,Recorded Odoo similarity/main-product relationship; category differs; no qualifying historical sale lines found for old product,"all_similar_products, product_template_similar_rel",ambiguous,"all_similar_products, product_template_similar_rel",,,,,,,,,True,DF-409,,,,,,,,,,
21959,424-23,,14193,408-36,,2026-02-02,2024-02-20,DF-424,Recorded Odoo similarity/main-product relationship; category differs; old product sold in 3 distinct months,"all_similar_products, product_template_similar_rel",ambiguous,"all_similar_products, product_template_similar_rel",2025-03-20,2026-08-01,3.0,8.50,3.0,,,,True,DF-408,,,,,,,,,,
21960,424-26,,14204,408-47,,2026-02-02,2024-02-20,DF-424,Recorded Odoo similarity/main-product relationship; category differs; old product sold in 8 distinct months,"all_similar_products, product_template_similar_rel",strong signal,"all_similar_products, product_template_similar_rel",2024-09-26,2026-04-02,8.0,92.00,8.0,2026-05-04,2026-07-11,3.0,True,DF-408,,,,,,,,,,
21961,424-32,,14194,408-37,,2026-02-02,2024-02-20,DF-424,Recorded Odoo similarity/main-product relationship; category differs; old product sold in 1 distinct months,"all_similar_products, product_template_similar_rel",ambiguous,"all_similar_products, product_template_similar_rel",2025-05-19,2025-05-19,1.0,3.00,1.0,2026-04-20,2026-06-11,2.0,True,DF-408,,,,,,,,,,
21962,424-34,,14288,409-11,,2026-02-02,2024-02-20,DF-424,Recorded Odoo similarity/main-product relationship; category differs; old product sold in 4 distinct months,"all_similar_products, product_template_similar_rel",ambiguous,"all_similar_products, product_template_similar_rel",2024-12-07,2026-06-11,4.0,35.50,5.0,,,,True,DF-409,,,,,,,,,,
21963,424-37,,14331,409-54,,2026-02-02,2024-02-20,DF-424,Recorded Odoo similarity/main-product relationship; category differs; old product sold in 4 distinct months,"all_similar_products, product_template_similar_rel",ambiguous,"all_similar_products, product_template_similar_rel",2024-10-12,2025-11-03,4.0,123.00,5.0,2026-04-13,2026-07-09,3.0,True,DF-409,,,,,,,,,,
21964,424-40,,14298,409-21,,2026-02-02,2024-02-20,DF-424,Recorded Odoo similarity/main-product relationship; category differs; old product sold in 1 distinct months,"all_similar_products, product_template_similar_rel",ambiguous,"all_similar_products, product_template_similar_rel",2025-04-18,2025-04-18,1.0,2.00,1.0,2026-04-02,2026-07-11,2.0,True,DF-409,,,,,,,,,,
21965,424-42,,14295,409-18,,2026-02-02,2024-02-20,DF-424,Recorded Odoo similarity/main-product relationship; category differs; old product sold in 3 distinct months,"all_similar_products, product_template_similar_rel",ambiguous,"all_similar_products, product_template_similar_rel",2024-08-07,2026-05-11,3.0,30.50,3.0,2026-06-06,2026-06-06,1.0,True,DF-409,,,,,,,,,,
21966,424-43,,14164,408-07,,2026-02-02,2024-02-20,DF-424,Recorded Odoo similarity/main-product relationship; category differs; old product sold in 3 distinct months,"all_similar_products, product_template_similar_rel",ambiguous,"all_similar_products, product_template_similar_rel",2025-07-16,2026-06-30,3.0,13.50,3.0,,,,True,DF-408,,,,,,,,,,
21967,424-45,,14318,409-41,,2026-02-02,2024-02-20,DF-424,Recorded Odoo similarity/main-product relationship; category differs; old product sold in 1 distinct months,"all_similar_products, product_template_similar_rel",ambiguous,"all_similar_products, product_template_similar_rel",2025-05-10,2025-05-10,1.0,1.00,1.0,,,,True,DF-409,,,,,,,,,,
21968,424-49,,14328,409-51,,2026-02-02,2024-02-20,DF-424,Recorded Odoo similarity/main-product relationship; category differs; old product sold in 1 distinct months,"all_similar_products, product_template_similar_rel",ambiguous,"all_similar_products, product_template_similar_rel",2026-03-23,2026-03-23,1.0,7.00,1.0,,,,True,DF-409,,,,,,,,,,
21969,424-51,,14172,408-15,,2026-02-02,2024-02-20,DF-424,Recorded Odoo similarity/main-product relationship; category differs; old product sold in 2 distinct months,"all_similar_products, product_template_similar_rel",ambiguous,"all_similar_products, product_template_similar_rel",2025-07-17,2025-08-30,2.0,8.00,2.0,,,,True,DF-408,,,,,,,,,,
21970,424-53,,14209,408-52,,2026-02-02,2024-02-20,DF-424,Recorded Odoo similarity/main-product relationship; category differs; old product sold in 1 distinct months,"all_similar_products, product_template_similar_rel",ambiguous,"all_similar_products, product_template_similar_rel",2025-07-17,2025-07-17,1.0,1.50,1.0,,,,True,DF-408,,,,,,,,,,
21971,424-54,,14335,409-58,,2026-02-02,2024-02-20,DF-424,Recorded Odoo similarity/main-product relationship; category differs; old product sold in 3 distinct months,"all_similar_products, product_template_similar_rel",ambiguous,"all_similar_products, product_template_similar_rel",2024-12-26,2025-12-09,3.0,105.00,4.0,,,,True,DF-409,,,,,,,,,,
21911,447-14,,6618,379-01,,2026-02-02,2023-05-31,DF-447,Recorded Odoo similarity/main-product relationship; category differs; old product sold in 33 distinct months,"all_similar_products, product_template.main_product, product_template_similar_rel",strong signal,"all_similar_products, product_template.main_product, product_template_similar_rel",2023-06-01,2026-06-02,33.0,3966.00,172.0,2026-03-09,2026-06-12,3.0,True,DF-379,,,,,,,,,,
21911,447-14,,9024,BE-X2-81,,2026-02-02,2023-10-06,DF-447,Recorded Odoo similarity/main-product relationship; category differs; no qualifying historical sale lines found for old product,product_template_similar_rel,ambiguous,product_template_similar_rel,,,,,,2026-03-09,2026-06-12,3.0,True,BE-X2,,,,,,,,,,
21912,447-15,,6619,379-02,,2026-02-02,2023-05-31,DF-447,Recorded Odoo similarity/main-product relationship; category differs; old product sold in 29 distinct months,"all_similar_products, product_template_similar_rel",strong signal,"all_similar_products, product_template_similar_rel",2023-06-03,2026-05-08,29.0,3633.82,145.0,2026-02-18,2026-07-28,3.0,True,DF-379,,,,,,,,,,
21913,447-16,,6620,379-03,,2026-02-02,2023-05-31,DF-447,Recorded Odoo similarity/main-product relationship; category differs; old product sold in 35 distinct months,"all_similar_products, product_template_similar_rel",strong signal,"all_similar_products, product_template_similar_rel",2023-06-24,2026-06-10,35.0,13976.62,326.0,2026-05-05,2026-07-16,3.0,True,DF-379,,,,,,,,,,
21914,447-17,,6621,379-04,,2026-02-02,2023-05-31,DF-447,Recorded Odoo similarity/main-product relationship; category differs; old product sold in 33 distinct months,"all_similar_products, product_template_similar_rel",strong signal,"all_similar_products, product_template_similar_rel",2023-06-02,2026-07-15,33.0,3868.20,131.0,2026-04-01,2026-06-04,3.0,True,DF-379,,,,,,,,,,
21915,447-18,,6622,379-05,,2026-02-02,2023-05-31,DF-447,Recorded Odoo similarity/main-product relationship; category differs; old product sold in 30 distinct months,"all_similar_products, product_template_similar_rel",strong signal,"all_similar_products, product_template_similar_rel",2023-06-10,2026-01-10,30.0,2791.20,117.0,2026-02-20,2026-05-16,4.0,True,DF-379,,,,,,,,,,
21916,447-19,,6623,379-06,,2026-02-02,2023-05-31,DF-447,Recorded Odoo similarity/main-product relationship; category differs; old product sold in 29 distinct months,"all_similar_products, product_template_similar_rel",strong signal,"all_similar_products, product_template_similar_rel",2023-06-01,2026-01-31,29.0,11245.95,187.0,2026-04-07,2026-08-08,3.0,True,DF-379,,,,,,,,,,
21917,447-20,,6624,379-07,,2026-02-02,2023-05-31,DF-447,Recorded Odoo similarity/main-product relationship; category differs; old product sold in 32 distinct months,"all_similar_products, product_template.main_product, product_template_similar_rel",strong signal,"all_similar_products, product_template.main_product, product_template_similar_rel",2023-06-01,2026-07-22,32.0,4681.95,180.0,2026-02-09,2026-07-27,4.0,True,DF-379,,,,,,,,,,
21917,447-20,,9020,BE-X2-77,,2026-02-02,2023-10-06,DF-447,Recorded Odoo similarity/main-product relationship; category differs; old product sold in 2 distinct months,product_template_similar_rel,ambiguous,product_template_similar_rel,2023-10-20,2023-11-22,2.0,58.5,4.0,2026-02-09,2026-07-27,4.0,True,BE-X2,,,,,,,,,,
21918,447-21,,6625,379-08,,2026-02-02,2023-05-31,DF-447,Recorded Odoo similarity/main-product relationship; category differs; old product sold in 30 distinct months,"all_similar_products, product_template.main_product, product_template_similar_rel",strong signal,"all_similar_products, product_template.main_product, product_template_similar_rel",2023-06-09,2026-04-13,30.0,2603.60,114.0,2026-02-09,2026-07-23,5.0,True,DF-379,,,,,,,,,,
21918,447-21,,9025,BE-X2-82,,2026-02-02,2023-10-06,DF-447,Recorded Odoo similarity/main-product relationship; category differs; old product sold in 2 distinct months,product_template_similar_rel,ambiguous,product_template_similar_rel,2023-10-23,2024-02-02,2.0,28.0,2.0,2026-02-09,2026-07-23,5.0,True,BE-X2,,,,,,,,,,
21919,447-22,,6626,379-09,,2026-02-02,2023-05-31,DF-447,Recorded Odoo similarity/main-product relationship; category differs; old product sold in 36 distinct months,"all_similar_products, product_template_similar_rel",strong signal,"all_similar_products, product_template_similar_rel",2023-06-01,2026-08-01,36.0,8455.95,208.0,2026-02-11,2026-08-07,6.0,True,DF-379,,,,,,,,,,
21920,447-23,,6627,379-10,,2026-02-02,2023-05-31,DF-447,Recorded Odoo similarity/main-product relationship; category differs; old product sold in 23 distinct months,"all_similar_products, product_template_similar_rel",strong signal,"all_similar_products, product_template_similar_rel",2023-06-06,2026-04-20,23.0,1195.00,79.0,2026-02-11,2026-07-04,5.0,True,DF-379,,,,,,,,,,
21921,447-24,,6628,379-11,,2026-02-02,2023-05-31,DF-447,Recorded Odoo similarity/main-product relationship; category differs; old product sold in 20 distinct months,"all_similar_products, product_template_similar_rel",strong signal,"all_similar_products, product_template_similar_rel",2023-06-03,2026-04-27,20.0,1249.00,57.0,2026-05-06,2026-05-06,1.0,True,DF-379,,,,,,,,,,
21922,447-25,,6629,379-12,,2026-02-02,2023-05-31,DF-447,Recorded Odoo similarity/main-product relationship; category differs; old product sold in 33 distinct months,"all_similar_products, product_template_similar_rel",strong signal,"all_similar_products, product_template_similar_rel",2023-06-06,2026-06-25,33.0,3056.00,82.0,2026-02-25,2026-06-22,4.0,True,DF-379,,,,,,,,,,
21923,447-26,,6630,379-13,,2026-02-02,2023-05-31,DF-447,Recorded Odoo similarity/main-product relationship; category differs; old product sold in 15 distinct months,"all_similar_products, product_template.main_product, product_template_similar_rel",strong signal,"all_similar_products, product_template.main_product, product_template_similar_rel",2023-06-21,2025-11-10,15.0,686.50,29.0,2026-02-25,2026-02-25,1.0,True,DF-379,,,,,,,,,,
21923,447-26,,9049,BE-X2-106,,2026-02-02,2023-10-06,DF-447,Recorded Odoo similarity/main-product relationship; category differs; no qualifying historical sale lines found for old product,product_template_similar_rel,ambiguous,product_template_similar_rel,,,,,,2026-02-25,2026-02-25,1.0,True,BE-X2,,,,,,,,,,
21924,447-27,,6631,379-14,,2026-02-02,2023-05-31,DF-447,Recorded Odoo similarity/main-product relationship; category differs; old product sold in 7 distinct months,"all_similar_products, product_template.main_product, product_template_similar_rel",strong signal,"all_similar_products, product_template.main_product, product_template_similar_rel",2023-08-25,2025-02-21,7.0,234.00,9.0,2026-05-02,2026-05-06,1.0,True,DF-379,,,,,,,,,,
21924,447-27,,9045,BE-X2-102,,2026-02-02,2023-10-06,DF-447,Recorded Odoo similarity/main-product relationship; category differs; no qualifying historical sale lines found for old product,product_template_similar_rel,ambiguous,product_template_similar_rel,,,,,,2026-05-02,2026-05-06,1.0,True,BE-X2,,,,,,,,,,
21925,447-28,,6640,379-15,,2026-02-02,2023-05-31,DF-447,Recorded Odoo similarity/main-product relationship; category differs; old product sold in 14 distinct months,"all_similar_products, product_template.main_product, product_template_similar_rel",strong signal,"all_similar_products, product_template.main_product, product_template_similar_rel",2023-06-27,2026-06-29,14.0,454.50,26.0,,,,True,DF-379,,,,,,,,,,
21925,447-28,,9046,BE-X2-103,,2026-02-02,2023-10-06,DF-447,Recorded Odoo similarity/main-product relationship; category differs; no qualifying historical sale lines found for old product,product_template_similar_rel,ambiguous,product_template_similar_rel,,,,,,,,,True,BE-X2,,,,,,,,,,
21926,447-29,,6632,379-16,,2026-02-02,2023-05-31,DF-447,Recorded Odoo similarity/main-product relationship; category differs; old product sold in 18 distinct months,"all_similar_products, product_template_similar_rel",strong signal,"all_similar_products, product_template_similar_rel",2023-06-06,2026-05-07,18.0,860.00,28.0,2026-02-07,2026-06-27,2.0,True,DF-379,,,,,,,,,,
21927,447-30,,6633,379-17,,2026-02-02,2023-05-31,DF-447,Recorded Odoo similarity/main-product relationship; category differs; old product sold in 15 distinct months,"all_similar_products, product_template_similar_rel",strong signal,"all_similar_products, product_template_similar_rel",2023-06-06,2025-08-18,15.0,465.80,27.0,2026-05-21,2026-05-21,1.0,True,DF-379,,,,,,,,,,
21928,447-31,,6634,379-18,,2026-02-02,2023-05-31,DF-447,Recorded Odoo similarity/main-product relationship; category differs; old product sold in 23 distinct months,"all_similar_products, product_template_similar_rel",strong signal,"all_similar_products, product_template_similar_rel",2023-06-13,2026-04-02,23.0,788.50,41.0,2026-02-25,2026-07-22,3.0,True,DF-379,,,,,,,,,,
21929,447-32,,6635,379-19,,2026-02-02,2023-05-31,DF-447,Recorded Odoo similarity/main-product relationship; category differs; old product sold in 26 distinct months,"all_similar_products, product_template.main_product, product_template_similar_rel",strong signal,"all_similar_products, product_template.main_product, product_template_similar_rel",2023-06-03,2026-03-14,26.0,1002.35,63.0,2026-04-09,2026-06-27,2.0,True,DF-379,,,,,,,,,,
21929,447-32,,9012,BE-X2-69,,2026-02-02,2023-10-06,DF-447,Recorded Odoo similarity/main-product relationship; category differs; old product sold in 1 distinct months,product_template_similar_rel,ambiguous,product_template_similar_rel,2024-02-22,2024-02-22,1.0,10.0,1.0,2026-04-09,2026-06-27,2.0,True,BE-X2,,,,,,,,,,
21930,447-33,,6636,379-20,,2026-02-02,2023-05-31,DF-447,Recorded Odoo similarity/main-product relationship; category differs; old product sold in 20 distinct months,"all_similar_products, product_template.main_product, product_template_similar_rel",strong signal,"all_similar_products, product_template.main_product, product_template_similar_rel",2023-06-06,2026-07-27,20.0,713.00,53.0,,,,True,DF-379,,,,,,,,,,
21930,447-33,,9007,BE-X2-64,,2026-02-02,2023-10-06,DF-447,Recorded Odoo similarity/main-product relationship; category differs; old product sold in 2 distinct months,product_template_similar_rel,ambiguous,product_template_similar_rel,2023-11-30,2024-08-06,2.0,18.0,2.0,,,,True,BE-X2,,,,,,,,,,
21931,447-34,,6646,379-21,,2026-02-02,2023-05-31,DF-447,Recorded Odoo similarity/main-product relationship; category differs; old product sold in 23 distinct months,"all_similar_products, product_template.main_product, product_template_similar_rel",strong signal,"all_similar_products, product_template.main_product, product_template_similar_rel",2023-06-10,2026-06-25,23.0,732.20,46.0,,,,True,DF-379,,,,,,,,,,
21931,447-34,,9010,BE-X2-67,,2026-02-02,2023-10-06,DF-447,Recorded Odoo similarity/main-product relationship; category differs; old product sold in 4 distinct months,product_template_similar_rel,ambiguous,product_template_similar_rel,2023-10-19,2024-02-08,4.0,47.0,4.0,,,,True,BE-X2,,,,,,,,,,
21884,432-12,,18,351-06,,2026-01-31,2023-05-31,DF-432,Recorded Odoo similarity/main-product relationship; category differs; old product sold in 1 distinct months,"all_similar_products, product_template_similar_rel",ambiguous,"all_similar_products, product_template_similar_rel",2024-10-18,2024-10-18,1.0,13.5,1.0,2026-03-04,2026-03-04,1.0,True,DF-351,,,,,,,,,,
21885,432-14,,13,351-01,,2026-01-31,2023-05-31,DF-432,Recorded Odoo similarity/main-product relationship; category differs; old product sold in 9 distinct months,"all_similar_products, product_template_similar_rel",strong signal,"all_similar_products, product_template_similar_rel",2023-11-15,2025-08-26,9.0,532.50,21.0,2026-02-24,2026-06-26,3.0,True,DF-351,,,,,,,,,,
21886,432-17,,14,351-02,,2026-01-31,2023-05-31,DF-432,Recorded Odoo similarity/main-product relationship; category differs; old product sold in 24 distinct months,"all_similar_products, product_template_similar_rel",strong signal,"all_similar_products, product_template_similar_rel",2023-06-01,2026-08-11,24.0,1033.20,45.0,2026-02-11,2026-07-28,6.0,True,DF-351,,,,,,,,,,
21887,432-19,,16,351-04,,2026-01-31,2023-05-31,DF-432,Recorded Odoo similarity/main-product relationship; category differs; old product sold in 10 distinct months,"all_similar_products, product_template_similar_rel",strong signal,"all_similar_products, product_template_similar_rel",2023-06-10,2026-03-07,10.0,215.50,13.0,2026-06-17,2026-07-07,2.0,True,DF-351,,,,,,,,,,
21888,432-20,,20,351-08,,2026-01-31,2023-05-31,DF-432,Recorded Odoo similarity/main-product relationship; category differs; old product sold in 8 distinct months,"all_similar_products, product_template_similar_rel",strong signal,"all_similar_products, product_template_similar_rel",2023-08-31,2026-02-26,8.0,150.50,9.0,2026-06-23,2026-07-02,2.0,True,DF-351,,,,,,,,,,
21889,432-21,,21,351-09,,2026-01-31,2023-05-31,DF-432,Recorded Odoo similarity/main-product relationship; category differs; old product sold in 1 distinct months,"all_similar_products, product_template_similar_rel",ambiguous,"all_similar_products, product_template_similar_rel",2025-04-10,2025-04-10,1.0,11.50,1.0,,,,True,DF-351,,,,,,,,,,
21871,432-09,,23,351-11,,2026-01-31,2023-05-31,DF-432,Recorded Odoo similarity/main-product relationship; category differs; old product sold in 4 distinct months,"all_similar_products, product_template_similar_rel",ambiguous,"all_similar_products, product_template_similar_rel",2023-10-04,2025-07-22,4.0,41.50,4.0,,,,True,DF-351,,,,,,,,,,
21870,422-28,,21767,422-04,,2026-01-19,2025-12-03,DF-422,Recorded Odoo similarity/main-product relationship; same category; same name family; old product sold in 7 distinct months,"all_similar_products, product_template_similar_rel; category; name family",strong signal,"all_similar_products, product_template_similar_rel",2026-02-05,2026-08-10,7.0,442.50,34.0,2026-01-19,2026-08-08,8.0,True,DF-422,,,,,,,,,,
21868,432-15,,15,351-03,,2026-01-14,2023-05-31,DF-432,Recorded Odoo similarity/main-product relationship; category differs; old product sold in 12 distinct months,"all_similar_products, product_template_similar_rel",strong signal,"all_similar_products, product_template_similar_rel",2023-06-19,2026-06-18,12.0,364.50,17.0,2026-02-07,2026-06-17,2.0,True,DF-351,,,,,,,,,,
21714,438-45,,15498,396-01,,2025-11-22,2024-03-26,Bordado,Recorded Odoo similarity/main-product relationship; category differs; old product sold in 23 distinct months,"all_similar_products, product_template_similar_rel",strong signal,"all_similar_products, product_template_similar_rel",2024-05-07,2026-07-22,23.0,759.25,62.0,2026-07-15,2026-07-15,1.0,True,DF-396,,,,,,,,,,
21715,438-46,,12737,396-06,,2025-11-22,2024-01-16,Bordado,Recorded Odoo similarity/main-product relationship; category differs; old product sold in 5 distinct months,"all_similar_products, product_template_similar_rel",ambiguous,"all_similar_products, product_template_similar_rel",2024-12-12,2026-03-06,5.0,124.00,8.0,2026-03-30,2026-03-30,1.0,True,DF-396,,Dazzle,,upholstery,,"82% poly, 48%cotton,embroidary",,530,,
21716,438-47,,12741,396-10,,2025-11-22,2024-01-16,Bordado,Recorded Odoo similarity/main-product relationship; category differs; old product sold in 14 distinct months,"all_similar_products, product_template_similar_rel",strong signal,"all_similar_products, product_template_similar_rel",2024-06-01,2026-07-21,14.0,405.75,29.0,,,,True,DF-396,,,,,,,,,,
21717,438-48,,12742,396-11,,2025-11-22,2024-01-16,Bordado,Recorded Odoo similarity/main-product relationship; category differs; old product sold in 9 distinct months,"all_similar_products, product_template_similar_rel",strong signal,"all_similar_products, product_template_similar_rel",2024-06-25,2026-07-02,9.0,169.50,14.0,,,,True,DF-396,,,,,,,,,,
21718,438-49,,12745,396-14,,2025-11-22,2024-01-16,Bordado,Recorded Odoo similarity/main-product relationship; category differs; old product sold in 17 distinct months,"all_similar_products, product_template_similar_rel",strong signal,"all_similar_products, product_template_similar_rel",2024-07-29,2026-07-25,17.0,298.50,28.0,,,,True,DF-396,,,,,,,,,,
21719,438-50,,12747,396-16,,2025-11-22,2024-01-16,Bordado,Recorded Odoo similarity/main-product relationship; category differs; old product sold in 9 distinct months,"all_similar_products, product_template_similar_rel",strong signal,"all_similar_products, product_template_similar_rel",2024-08-05,2026-08-06,9.0,127.50,12.0,2026-08-05,2026-08-05,1.0,True,DF-396,,,,,,,,,,
21720,438-52,,12751,396-20,,2025-11-22,2024-01-16,Bordado,Recorded Odoo similarity/main-product relationship; category differs; old product sold in 17 distinct months,"all_similar_products, product_template_similar_rel",strong signal,"all_similar_products, product_template_similar_rel",2024-07-29,2026-08-05,17.0,463.40,27.0,,,,True,DF-396,,,,,,,,,,
21721,438-53,,12752,396-21,,2025-11-22,2024-01-16,Bordado,Recorded Odoo similarity/main-product relationship; category differs; old product sold in 11 distinct months,"all_similar_products, product_template_similar_rel",strong signal,"all_similar_products, product_template_similar_rel",2024-07-29,2026-07-02,11.0,417.00,16.0,,,,True,DF-396,,,,,,,,,,
21722,438-54,,12753,396-22,,2025-11-22,2024-01-16,Bordado,Recorded Odoo similarity/main-product relationship; category differs; old product sold in 10 distinct months,"all_similar_products, product_template_similar_rel",strong signal,"all_similar_products, product_template_similar_rel",2024-05-09,2026-07-21,10.0,338.00,13.0,,,,True,DF-396,,,,,,,,,,
21723,438-55,,12754,396-23,,2025-11-22,2024-01-16,Bordado,Recorded Odoo similarity/main-product relationship; category differs; old product sold in 12 distinct months,"all_similar_products, product_template_similar_rel",strong signal,"all_similar_products, product_template_similar_rel",2024-03-27,2026-07-23,12.0,169.00,14.0,2026-04-01,2026-07-21,2.0,True,DF-396,,,,,,,,,,
21724,438-56,,12755,396-24,,2025-11-22,2024-01-16,Bordado,Recorded Odoo similarity/main-product relationship; category differs; old product sold in 14 distinct months,"all_similar_products, product_template_similar_rel",strong signal,"all_similar_products, product_template_similar_rel",2024-06-19,2026-07-30,14.0,196.00,26.0,2026-04-01,2026-08-03,3.0,True,DF-396,,,,,,,,,,
21725,438-57,,12756,396-25,,2025-11-22,2024-01-16,Bordado,Recorded Odoo similarity/main-product relationship; category differs; old product sold in 6 distinct months,"all_similar_products, product_template_similar_rel",strong signal,"all_similar_products, product_template_similar_rel",2024-06-06,2026-04-03,6.0,102.50,10.0,,,,True,DF-396,,,,,,,,,,
21726,438-58,,12761,396-30,,2025-11-22,2024-01-16,Bordado,Recorded Odoo similarity/main-product relationship; category differs; old product sold in 23 distinct months,"all_similar_products, product_template_similar_rel",strong signal,"all_similar_products, product_template_similar_rel",2024-05-08,2026-07-26,23.0,679.90,65.0,2026-07-31,2026-07-31,1.0,True,DF-396,,,,,,,,,,
21727,438-59,,12763,396-32,,2025-11-22,2024-01-16,Bordado,Recorded Odoo similarity/main-product relationship; category differs; old product sold in 15 distinct months,"all_similar_products, product_template_similar_rel",strong signal,"all_similar_products, product_template_similar_rel",2024-06-10,2026-07-17,15.0,206.50,24.0,,,,True,DF-396,,,,,,,,,,
21728,438-60,,12764,396-33,,2025-11-22,2024-01-16,Bordado,Recorded Odoo similarity/main-product relationship; category differs; old product sold in 12 distinct months,"all_similar_products, product_template_similar_rel",strong signal,"all_similar_products, product_template_similar_rel",2024-07-25,2026-07-27,12.0,381.50,18.0,2026-07-21,2026-07-21,1.0,True,DF-396,,,,,,,,,,
21729,438-62,,12767,396-36,,2025-11-22,2024-01-16,Bordado,Recorded Odoo similarity/main-product relationship; category differs; old product sold in 8 distinct months,"all_similar_products, product_template_similar_rel",strong signal,"all_similar_products, product_template_similar_rel",2024-08-31,2026-06-22,8.0,55.50,8.0,,,,True,DF-396,,,,,,,,,,
21730,438-63,,12769,396-38,,2025-11-22,2024-01-16,Bordado,Recorded Odoo similarity/main-product relationship; category differs; old product sold in 8 distinct months,"all_similar_products, product_template_similar_rel",strong signal,"all_similar_products, product_template_similar_rel",2024-05-27,2026-06-06,8.0,61.50,12.0,,,,True,DF-396,,,,,,,,,,
21731,438-65,,12772,396-41,,2025-11-22,2024-01-16,Bordado,Recorded Odoo similarity/main-product relationship; category differs; old product sold in 20 distinct months,"all_similar_products, product_template_similar_rel",strong signal,"all_similar_products, product_template_similar_rel",2024-05-08,2026-06-06,20.0,235.00,33.0,,,,True,DF-396,,,,,,,,,,
21732,438-66,,12774,396-43,,2025-11-22,2024-01-16,Bordado,Recorded Odoo similarity/main-product relationship; category differs; old product sold in 10 distinct months,"all_similar_products, product_template_similar_rel",strong signal,"all_similar_products, product_template_similar_rel",2024-06-19,2026-06-29,10.0,311.75,17.0,2026-07-16,2026-07-16,1.0,True,DF-396,,,,,,,,,,
21733,438-67,,12775,396-44,,2025-11-22,2024-01-16,Bordado,Recorded Odoo similarity/main-product relationship; category differs; old product sold in 21 distinct months,"all_similar_products, product_template_similar_rel",strong signal,"all_similar_products, product_template_similar_rel",2024-06-25,2026-07-06,21.0,309.50,42.0,,,,True,DF-396,,,,,,,,,,
21734,438-68,,12776,396-45,,2025-11-22,2024-01-16,Bordado,Recorded Odoo similarity/main-product relationship; category differs; old product sold in 17 distinct months,"all_similar_products, product_template_similar_rel",strong signal,"all_similar_products, product_template_similar_rel",2024-06-04,2026-05-18,17.0,219.50,30.0,2026-07-13,2026-07-13,1.0,True,DF-396,,,,,,,,,,
21735,438-69,,12778,396-47,,2025-11-22,2024-01-16,Bordado,Recorded Odoo similarity/main-product relationship; category differs; old product sold in 27 distinct months,"all_similar_products, product_template_similar_rel",strong signal,"all_similar_products, product_template_similar_rel",2024-05-23,2026-08-04,27.0,626.60,65.0,2026-05-11,2026-08-06,2.0,True,DF-396,,,,,,,,,,
21736,438-70,,12780,396-49,,2025-11-22,2024-01-16,Bordado,Recorded Odoo similarity/main-product relationship; category differs; old product sold in 19 distinct months,"all_similar_products, product_template_similar_rel",strong signal,"all_similar_products, product_template_similar_rel",2024-06-04,2026-06-29,19.0,187.10,28.0,2026-04-03,2026-04-03,1.0,True,DF-396,,,,,,,,,,
21552,423-13,,14289,409-12,,2025-11-11,2024-02-20,DF-423,Recorded Odoo similarity/main-product relationship; category differs; old product sold in 1 distinct months,"all_similar_products, product_template_similar_rel",ambiguous,"all_similar_products, product_template_similar_rel",2025-07-29,2025-07-29,1.0,1.00,1.0,,,,True,DF-409,,,,,,,,,,
21098,437-12,,6482,370-10,,2025-11-06,2023-05-31,DF-437,Recorded Odoo similarity/main-product relationship; category differs; old product sold in 23 distinct months,"all_similar_products, product_template_similar_rel",strong signal,"all_similar_products, product_template_similar_rel",2023-06-10,2026-07-29,23.0,1105.00,38.0,2025-12-25,2026-02-26,2.0,True,DF-370,,,,,,,,,,
21059,438-51,,12748,396-17,,2025-10-25,2024-01-16,Bordado,Recorded Odoo similarity/main-product relationship; category differs; old product sold in 12 distinct months,"all_similar_products, product_template_similar_rel",strong signal,"all_similar_products, product_template_similar_rel",2024-07-29,2026-05-06,12.0,325.50,25.0,,,,True,DF-396,,,,,,,,,,
21060,438-61,,12765,396-34,,2025-10-25,2024-01-16,Bordado,Recorded Odoo similarity/main-product relationship; category differs; old product sold in 12 distinct months,"all_similar_products, product_template_similar_rel",strong signal,"all_similar_products, product_template_similar_rel",2024-09-25,2026-07-17,12.0,152.71,16.0,,,,True,DF-396,,,,,,,,,,
21061,438-64,,12770,396-39,,2025-10-25,2024-01-16,Bordado,Recorded Odoo similarity/main-product relationship; category differs; old product sold in 14 distinct months,"all_similar_products, product_template_similar_rel",strong signal,"all_similar_products, product_template_similar_rel",2024-05-27,2026-03-04,14.0,119.50,23.0,,,,True,DF-396,,,,,,,,,,
21062,438-71,,12782,396-51,,2025-10-25,2024-01-16,Bordado,Recorded Odoo similarity/main-product relationship; category differs; old product sold in 17 distinct months,"all_similar_products, product_template_similar_rel",strong signal,"all_similar_products, product_template_similar_rel",2024-05-08,2026-06-10,17.0,524.00,30.0,,,,True,DF-396,,,,,,,,,,
20196,437-68,,6509,370-38,,2025-10-04,2023-05-31,DF-437,Recorded Odoo similarity/main-product relationship; category differs; old product sold in 13 distinct months,"all_similar_products, product_template_similar_rel",strong signal,"all_similar_products, product_template_similar_rel",2023-06-26,2025-12-30,13.0,183.00,13.0,2025-12-22,2025-12-22,1.0,True,DF-370,,,,,,,,,,
20195,437-50,,6476,370-04,,2025-10-04,2023-05-31,DF-437,Recorded Odoo similarity/main-product relationship; category differs; old product sold in 18 distinct months,"all_similar_products, product_template_similar_rel",strong signal,"all_similar_products, product_template_similar_rel",2023-06-12,2026-01-05,18.0,461.50,26.0,2025-10-09,2026-06-20,3.0,True,DF-370,,,,,,,,,,
20194,437-48,,6487,370-15,,2025-10-04,2023-05-31,DF-437,Recorded Odoo similarity/main-product relationship; category differs; old product sold in 12 distinct months,"all_similar_products, product_template_similar_rel",strong signal,"all_similar_products, product_template_similar_rel",2023-07-06,2026-01-17,12.0,204.50,16.0,2026-01-19,2026-06-03,2.0,True,DF-370,,,,,,,,,,
20194,437-48,,17833,418-04,,2025-10-04,2025-02-26,DF-437,Recorded Odoo similarity/main-product relationship; category differs; old product sold in 8 distinct months,"product_template.main_product, product_template_similar_rel",strong signal,"product_template.main_product, product_template_similar_rel",2025-04-26,2026-05-04,8.0,518.50,18.0,2026-01-19,2026-06-03,2.0,True,DF-418,,,,,,,,,,
20193,437-46,,6444,370-35,,2025-10-04,2023-05-31,DF-437,Recorded Odoo similarity/main-product relationship; category differs; old product sold in 16 distinct months,product_template_similar_rel,strong signal,product_template_similar_rel,2023-06-07,2026-05-25,16.0,321.00,20.0,2025-10-17,2026-07-06,6.0,True,DF-370,,,,,,,,,,
20192,437-42,,6498,370-26,,2025-10-04,2023-05-31,DF-437,Recorded Odoo similarity/main-product relationship; category differs; old product sold in 20 distinct months,"all_similar_products, product_template_similar_rel",strong signal,"all_similar_products, product_template_similar_rel",2023-06-06,2026-04-20,20.0,731.00,36.0,2025-11-29,2025-12-09,2.0,True,DF-370,,,,,,,,,,
20191,437-18,,6503,370-31,,2025-10-04,2023-05-31,DF-437,Recorded Odoo similarity/main-product relationship; category differs; old product sold in 24 distinct months,"all_similar_products, product_template_similar_rel",strong signal,"all_similar_products, product_template_similar_rel",2023-06-08,2026-05-04,24.0,725.38,45.0,2025-10-11,2026-04-21,7.0,True,DF-370,,,,,,,,,,
19935,AGORA ESQUIRE MUSTARD 1336,,19534,442-01,,2025-08-28,2025-08-20,Agora Ref.,Recorded Odoo similarity/main-product relationship; category differs; old product sold in 6 distinct months,"all_similar_products, product_template.main_product, product_template_similar_rel",strong signal,"all_similar_products, product_template.main_product, product_template_similar_rel",2025-09-04,2026-06-12,6.0,109.00,10.0,,,,True,DF-442,,,,,,,,,,
19936,AGORA LISO AMARILLO 3714,,19535,442-02,,2025-08-28,2025-08-20,Agora Ref.,Recorded Odoo similarity/main-product relationship; category differs; old product sold in 3 distinct months,"all_similar_products, product_template.main_product, product_template_similar_rel",ambiguous,"all_similar_products, product_template.main_product, product_template_similar_rel",2025-09-04,2026-06-27,3.0,34.70,6.0,,,,True,DF-442,,,,,,,,,,
19937,AGORA BRUMA AVENA 1022,,19536,442-03,,2025-08-28,2025-08-20,Agora Ref.,Recorded Odoo similarity/main-product relationship; category differs; old product sold in 6 distinct months,"all_similar_products, product_template.main_product, product_template_similar_rel",strong signal,"all_similar_products, product_template.main_product, product_template_similar_rel",2025-09-04,2026-06-12,6.0,129.25,11.0,,,,True,DF-442,,,,,,,,,,
19938,AGORA PANAMA MUSTARD 1324,,19537,442-04,,2025-08-28,2025-08-20,Agora Ref.,Recorded Odoo similarity/main-product relationship; category differs; old product sold in 5 distinct months,"all_similar_products, product_template.main_product, product_template_similar_rel",ambiguous,"all_similar_products, product_template.main_product, product_template_similar_rel",2025-09-04,2026-06-20,5.0,106.00,8.0,,,,True,DF-442,,,,,,,,,,
19939,AGORA AIR OPTIK (SIN DOBLAR) 1670 A,,19538,442-05,,2025-08-28,2025-08-20,Agora Ref.,Recorded Odoo similarity/main-product relationship; category differs; old product sold in 2 distinct months,"all_similar_products, product_template.main_product, product_template_similar_rel",ambiguous,"all_similar_products, product_template.main_product, product_template_similar_rel",2025-09-04,2025-10-21,2.0,104.50,2.0,,,,True,DF-442,,,,,,,,,,
19940,AGORA AIR BLANCO (SIN DOBLAR) 1671 A,,19539,442-06,,2025-08-28,2025-08-20,Agora Ref.,Recorded Odoo similarity/main-product relationship; category differs; old product sold in 2 distinct months,"all_similar_products, product_template.main_product, product_template_similar_rel",ambiguous,"all_similar_products, product_template.main_product, product_template_similar_rel",2025-09-04,2026-02-21,2.0,207.00,4.0,,,,True,DF-442,,,,,,,,,,
19941,AGORA AIR MARMOL (SIN DOBLAR) 1672 A,,19540,442-07,,2025-08-28,2025-08-20,Agora Ref.,Recorded Odoo similarity/main-product relationship; category differs; old product sold in 4 distinct months,"all_similar_products, product_template.main_product, product_template_similar_rel",ambiguous,"all_similar_products, product_template.main_product, product_template_similar_rel",2025-09-04,2026-06-29,4.0,68.00,4.0,,,,True,DF-442,,,,,,,,,,
19942,AGORA AIR PIEDRA (SIN DOBLAR) 1680 A,,19541,442-08,,2025-08-28,2025-08-20,Agora Ref.,Recorded Odoo similarity/main-product relationship; category differs; old product sold in 2 distinct months,"all_similar_products, product_template.main_product, product_template_similar_rel",ambiguous,"all_similar_products, product_template.main_product, product_template_similar_rel",2025-09-04,2025-10-31,2.0,163.30,2.0,,,,True,DF-442,,,,,,,,,,
19943,AGORA WIND BLANCO 1375,,19542,442-09,,2025-08-28,2025-08-20,Agora Ref.,Recorded Odoo similarity/main-product relationship; category differs; old product sold in 3 distinct months,"all_similar_products, product_template.main_product, product_template_similar_rel",ambiguous,"all_similar_products, product_template.main_product, product_template_similar_rel",2025-09-04,2026-08-10,3.0,224.00,7.0,,,,True,DF-442,,,,,,,,,,
19944,AGORA WIND BEIGE 1376,,19543,442-10,,2025-08-28,2025-08-20,Agora Ref.,Recorded Odoo similarity/main-product relationship; category differs; old product sold in 1 distinct months,"all_similar_products, product_template.main_product, product_template_similar_rel",ambiguous,"all_similar_products, product_template.main_product, product_template_similar_rel",2025-09-04,2025-09-04,1.0,12.00,1.0,,,,True,DF-442,,,,,,,,,,
19945,AGORA WIND MINERAL 1377,,19544,442-11,,2025-08-28,2025-08-20,Agora Ref.,Recorded Odoo similarity/main-product relationship; category differs; old product sold in 2 distinct months,"all_similar_products, product_template.main_product, product_template_similar_rel",ambiguous,"all_similar_products, product_template.main_product, product_template_similar_rel",2025-09-04,2025-10-16,2.0,38.30,3.0,,,,True,DF-442,,,,,,,,,,
19946,AGORA ESQUIRE CREAM 1329,,19545,442-12,,2025-08-28,2025-08-20,Agora Ref.,Recorded Odoo similarity/main-product relationship; category differs; old product sold in 6 distinct months,"all_similar_products, product_template.main_product, product_template_similar_rel",strong signal,"all_similar_products, product_template.main_product, product_template_similar_rel",2025-09-04,2026-08-11,6.0,88.50,8.0,,,,True,DF-442,,,,,,,,,,
19947,AGORA ESQUIRE BONE 1326,,19546,442-13,,2025-08-28,2025-08-20,Agora Ref.,Recorded Odoo similarity/main-product relationship; category differs; old product sold in 8 distinct months,"all_similar_products, product_template.main_product, product_template_similar_rel",strong signal,"all_similar_products, product_template.main_product, product_template_similar_rel",2025-09-04,2026-07-21,8.0,155.00,11.0,,,,True,DF-442,,,,,,,,,,
19948,AGORA ESQUIRE FOSSIL 1331,,19547,442-14,,2025-08-28,2025-08-20,Agora Ref.,Recorded Odoo similarity/main-product relationship; category differs; old product sold in 7 distinct months,"all_similar_products, product_template.main_product, product_template_similar_rel",strong signal,"all_similar_products, product_template.main_product, product_template_similar_rel",2025-09-04,2026-05-18,7.0,147.00,14.0,,,,True,DF-442,,,,,,,,,,
19949,AGORA ESQUIRE PEARL 1339,,19548,442-15,,2025-08-28,2025-08-20,Agora Ref.,Recorded Odoo similarity/main-product relationship; category differs; old product sold in 1 distinct months,"all_similar_products, product_template.main_product, product_template_similar_rel",ambiguous,"all_similar_products, product_template.main_product, product_template_similar_rel",2025-09-04,2025-09-04,1.0,26.00,1.0,,,,True,DF-442,,,,,,,,,,
19950,AGORA ESQUIRE GREY 1332,,19549,442-16,,2025-08-28,2025-08-20,Agora Ref.,Recorded Odoo similarity/main-product relationship; category differs; old product sold in 3 distinct months,"all_similar_products, product_template.main_product, product_template_similar_rel",ambiguous,"all_similar_products, product_template.main_product, product_template_similar_rel",2025-09-04,2026-03-13,3.0,42.00,3.0,,,,True,DF-442,,,,,,,,,,
19951,AGORA ESQUIRE MICA 1334,,19550,442-17,,2025-08-28,2025-08-20,Agora Ref.,Recorded Odoo similarity/main-product relationship; category differs; old product sold in 2 distinct months,"all_similar_products, product_template.main_product, product_template_similar_rel",ambiguous,"all_similar_products, product_template.main_product, product_template_similar_rel",2025-09-04,2025-10-17,2.0,36.00,2.0,,,,True,DF-442,,,,,,,,,,
19952,AGORA ESQUIRE ONYX 1338,,19551,442-18,,2025-08-28,2025-08-20,Agora Ref.,Recorded Odoo similarity/main-product relationship; category differs; old product sold in 2 distinct months,"all_similar_products, product_template.main_product, product_template_similar_rel",ambiguous,"all_similar_products, product_template.main_product, product_template_similar_rel",2025-09-04,2025-10-31,2.0,90.00,2.0,,,,True,DF-442,,,,,,,,,,
19953,AGORA LISO NATURAL 3702,,19552,442-19,,2025-08-28,2025-08-20,Agora Ref.,Recorded Odoo similarity/main-product relationship; category differs; old product sold in 6 distinct months,"all_similar_products, product_template.main_product, product_template_similar_rel",strong signal,"all_similar_products, product_template.main_product, product_template_similar_rel",2025-09-04,2026-05-21,6.0,203.00,18.0,,,,True,DF-442,,,,,,,,,,
19954,AGORA LISO BLANCO 3701,,19553,442-20,,2025-08-28,2025-08-20,Agora Ref.,Recorded Odoo similarity/main-product relationship; category differs; old product sold in 3 distinct months,"all_similar_products, product_template.main_product, product_template_similar_rel",ambiguous,"all_similar_products, product_template.main_product, product_template_similar_rel",2025-09-04,2025-12-11,3.0,176.00,6.0,,,,True,DF-442,,,,,,,,,,
19955,AGORA LISO OPTIK 3934,,19554,442-21,,2025-08-28,2025-08-20,Agora Ref.,Recorded Odoo similarity/main-product relationship; category differs; old product sold in 3 distinct months,"all_similar_products, product_template.main_product, product_template_similar_rel",ambiguous,"all_similar_products, product_template.main_product, product_template_similar_rel",2025-09-04,2026-02-24,3.0,38.50,3.0,,,,True,DF-442,,,,,,,,,,
19956,AGORA LISO TENNERE 3827,,19555,442-22,,2025-08-28,2025-08-20,Agora Ref.,Recorded Odoo similarity/main-product relationship; category differs; old product sold in 2 distinct months,"all_similar_products, product_template.main_product, product_template_similar_rel",ambiguous,"all_similar_products, product_template.main_product, product_template_similar_rel",2025-09-04,2025-10-27,2.0,49.00,3.0,,,,True,DF-442,,,,,,,,,,
19957,AGORA LISO PERGAMINO 20098PF,,19556,442-23,,2025-08-28,2025-08-20,Agora Ref.,Recorded Odoo similarity/main-product relationship; category differs; old product sold in 3 distinct months,"all_similar_products, product_template.main_product, product_template_similar_rel",ambiguous,"all_similar_products, product_template.main_product, product_template_similar_rel",2025-09-04,2025-11-01,3.0,93.50,7.0,,,,True,DF-442,,,,,,,,,,
19958,AGORA LISO ALABASTRO 3703,,19557,442-24,,2025-08-28,2025-08-20,Agora Ref.,Recorded Odoo similarity/main-product relationship; category differs; old product sold in 6 distinct months,"all_similar_products, product_template.main_product, product_template_similar_rel",strong signal,"all_similar_products, product_template.main_product, product_template_similar_rel",2025-09-04,2026-08-06,6.0,41.00,9.0,,,,True,DF-442,,,,,,,,,,
19959,AGORA LISO MARMOL 1227,,19558,442-25,,2025-08-28,2025-08-20,Agora Ref.,Recorded Odoo similarity/main-product relationship; category differs; old product sold in 6 distinct months,"all_similar_products, product_template.main_product, product_template_similar_rel",strong signal,"all_similar_products, product_template.main_product, product_template_similar_rel",2025-09-04,2026-07-11,6.0,314.25,11.0,,,,True,DF-442,,,,,,,,,,
19960,AGORA LISO SAND 1228,,19559,442-26,,2025-08-28,2025-08-20,Agora Ref.,Recorded Odoo similarity/main-product relationship; category differs; old product sold in 4 distinct months,"all_similar_products, product_template.main_product, product_template_similar_rel",ambiguous,"all_similar_products, product_template.main_product, product_template_similar_rel",2025-09-04,2026-04-24,4.0,107.50,8.0,,,,True,DF-442,,,,,,,,,,
19961,AGORA LISO GRIS PORCELANA 20099PF,,19560,442-27,,2025-08-28,2025-08-20,Agora Ref.,Recorded Odoo similarity/main-product relationship; category differs; old product sold in 5 distinct months,"all_similar_products, product_template.main_product, product_template_similar_rel",ambiguous,"all_similar_products, product_template.main_product, product_template_similar_rel",2025-09-04,2026-03-11,5.0,57.00,5.0,,,,True,DF-442,,,,,,,,,,
19962,AGORA LISO QUARTZ 1369,,19561,442-28,,2025-08-28,2025-08-20,Agora Ref.,Recorded Odoo similarity/main-product relationship; category differs; old product sold in 3 distinct months,"all_similar_products, product_template.main_product, product_template_similar_rel",ambiguous,"all_similar_products, product_template.main_product, product_template_similar_rel",2025-09-04,2026-03-02,3.0,38.00,3.0,,,,True,DF-442,,,,,,,,,,
19963,AGORA LISO PIEDRA 3825,,19562,442-29,,2025-08-28,2025-08-20,Agora Ref.,Recorded Odoo similarity/main-product relationship; category differs; old product sold in 1 distinct months,"all_similar_products, product_template.main_product, product_template_similar_rel",ambiguous,"all_similar_products, product_template.main_product, product_template_similar_rel",2025-09-04,2025-09-04,1.0,26.00,1.0,,,,True,DF-442,,,,,,,,,,
19964,AGORA LISO PERLA 3735,,19563,442-30,,2025-08-28,2025-08-20,Agora Ref.,Recorded Odoo similarity/main-product relationship; category differs; old product sold in 3 distinct months,"all_similar_products, product_template.main_product, product_template_similar_rel",ambiguous,"all_similar_products, product_template.main_product, product_template_similar_rel",2025-09-04,2026-06-26,3.0,52.00,4.0,,,,True,DF-442,,,,,,,,,,
19965,AGORA LISO AVENA 3707,,19564,442-31,,2025-08-28,2025-08-20,Agora Ref.,Recorded Odoo similarity/main-product relationship; category differs; old product sold in 6 distinct months,"all_similar_products, product_template.main_product, product_template_similar_rel",strong signal,"all_similar_products, product_template.main_product, product_template_similar_rel",2025-09-04,2026-08-08,6.0,177.00,9.0,,,,True,DF-442,,,,,,,,,,
19966,AGORA LISO NARANJA 20547,,19565,442-32,,2025-08-28,2025-08-20,Agora Ref.,Recorded Odoo similarity/main-product relationship; category differs; old product sold in 1 distinct months,"all_similar_products, product_template.main_product, product_template_similar_rel",ambiguous,"all_similar_products, product_template.main_product, product_template_similar_rel",2025-09-04,2025-09-04,1.0,26.00,1.0,,,,True,DF-442,,,,,,,,,,
19967,AGORA LISO MANDARINA 3715,,19566,442-33,,2025-08-28,2025-08-20,Agora Ref.,Recorded Odoo similarity/main-product relationship; category differs; old product sold in 2 distinct months,"all_similar_products, product_template.main_product, product_template_similar_rel",ambiguous,"all_similar_products, product_template.main_product, product_template_similar_rel",2025-09-04,2025-11-22,2.0,65.00,4.0,,,,True,DF-442,,,,,,,,,,
19968,AGORA LISO ANIS 3936,,19567,442-34,,2025-08-28,2025-08-20,Agora Ref.,Recorded Odoo similarity/main-product relationship; category differs; old product sold in 2 distinct months,"all_similar_products, product_template.main_product, product_template_similar_rel",ambiguous,"all_similar_products, product_template.main_product, product_template_similar_rel",2025-09-04,2026-05-23,2.0,28.00,2.0,,,,True,DF-442,,,,,,,,,,
19969,AGORA LISO TIROL 3734,,19568,442-35,,2025-08-28,2025-08-20,Agora Ref.,Recorded Odoo similarity/main-product relationship; category differs; old product sold in 3 distinct months,"all_similar_products, product_template.main_product, product_template_similar_rel",ambiguous,"all_similar_products, product_template.main_product, product_template_similar_rel",2025-09-04,2026-01-10,3.0,64.00,3.0,,,,True,DF-442,,,,,,,,,,
19970,AGORA LISO BOTELLA 3725,,19569,442-36,,2025-08-28,2025-08-20,Agora Ref.,Recorded Odoo similarity/main-product relationship; category differs; old product sold in 3 distinct months,"all_similar_products, product_template.main_product, product_template_similar_rel",ambiguous,"all_similar_products, product_template.main_product, product_template_similar_rel",2025-09-04,2026-07-07,3.0,72.00,3.0,,,,True,DF-442,,,,,,,,,,
19971,AGORA LISO GLACIER 1368,,19570,442-37,,2025-08-28,2025-08-20,Agora Ref.,Recorded Odoo similarity/main-product relationship; category differs; old product sold in 5 distinct months,"all_similar_products, product_template.main_product, product_template_similar_rel",ambiguous,"all_similar_products, product_template.main_product, product_template_similar_rel",2025-09-04,2026-01-21,5.0,237.00,7.0,,,,True,DF-442,,,,,,,,,,
19972,AGORA LISO ACQUA 3940PF,,19571,442-38,,2025-08-28,2025-08-20,Agora Ref.,Recorded Odoo similarity/main-product relationship; category differs; old product sold in 5 distinct months,"all_similar_products, product_template.main_product, product_template_similar_rel",ambiguous,"all_similar_products, product_template.main_product, product_template_similar_rel",2025-09-04,2026-07-27,5.0,126.65,10.0,,,,True,DF-442,,,,,,,,,,
19973,AGORA LISO TURKIS 3721,,19572,442-39,,2025-08-28,2025-08-20,Agora Ref.,Recorded Odoo similarity/main-product relationship; category differs; old product sold in 4 distinct months,"all_similar_products, product_template.main_product, product_template_similar_rel",ambiguous,"all_similar_products, product_template.main_product, product_template_similar_rel",2025-09-04,2026-06-26,4.0,65.00,5.0,,,,True,DF-442,,,,,,,,,,
19974,AGORA LISO AZUL 3722,,19573,442-40,,2025-08-28,2025-08-20,Agora Ref.,Recorded Odoo similarity/main-product relationship; category differs; old product sold in 4 distinct months,"all_similar_products, product_template.main_product, product_template_similar_rel",ambiguous,"all_similar_products, product_template.main_product, product_template_similar_rel",2025-09-04,2026-05-22,4.0,60.00,4.0,,,,True,DF-442,,,,,,,,,,
19975,AGORA LISO BRASSERIE 3718,,19574,442-41,,2025-08-28,2025-08-20,Agora Ref.,Recorded Odoo similarity/main-product relationship; category differs; old product sold in 2 distinct months,"all_similar_products, product_template.main_product, product_template_similar_rel",ambiguous,"all_similar_products, product_template.main_product, product_template_similar_rel",2025-09-04,2026-03-14,2.0,34.00,2.0,,,,True,DF-442,,,,,,,,,,
19976,AGORA LISO GRANATE 3711,,19575,442-42,,2025-08-28,2025-08-20,Agora Ref.,Recorded Odoo similarity/main-product relationship; category differs; old product sold in 4 distinct months,"all_similar_products, product_template.main_product, product_template_similar_rel",ambiguous,"all_similar_products, product_template.main_product, product_template_similar_rel",2025-09-04,2026-03-02,4.0,35.50,4.0,,,,True,DF-442,,,,,,,,,,
19977,AGORA LISO MINERAL 3729,,19576,442-43,,2025-08-28,2025-08-20,Agora Ref.,Recorded Odoo similarity/main-product relationship; category differs; old product sold in 4 distinct months,"all_similar_products, product_template.main_product, product_template_similar_rel",ambiguous,"all_similar_products, product_template.main_product, product_template_similar_rel",2025-09-04,2026-03-13,4.0,39.50,4.0,,,,True,DF-442,,,,,,,,,,
19978,AGORA LISO BASALTO 3730,,19577,442-44,,2025-08-28,2025-08-20,Agora Ref.,Recorded Odoo similarity/main-product relationship; category differs; old product sold in 3 distinct months,"all_similar_products, product_template.main_product, product_template_similar_rel",ambiguous,"all_similar_products, product_template.main_product, product_template_similar_rel",2025-09-04,2026-07-09,3.0,116.00,4.0,,,,True,DF-442,,,,,,,,,,
19979,AGORA LISO ANTRACITA 3731,,19578,442-45,,2025-08-28,2025-08-20,Agora Ref.,Recorded Odoo similarity/main-product relationship; category differs; old product sold in 2 distinct months,"all_similar_products, product_template.main_product, product_template_similar_rel",ambiguous,"all_similar_products, product_template.main_product, product_template_similar_rel",2025-09-04,2025-11-07,2.0,34.00,2.0,,,,True,DF-442,,,,,,,,,,
19980,AGORA LISO GRAFITO 3823,,19579,442-46,,2025-08-28,2025-08-20,Agora Ref.,Recorded Odoo similarity/main-product relationship; category differs; old product sold in 3 distinct months,"all_similar_products, product_template.main_product, product_template_similar_rel",ambiguous,"all_similar_products, product_template.main_product, product_template_similar_rel",2025-09-04,2026-07-31,3.0,33.00,3.0,,,,True,DF-442,,,,,,,,,,
19981,AGORA LISO CARBON 1373,,19580,442-47,,2025-08-28,2025-08-20,Agora Ref.,Recorded Odoo similarity/main-product relationship; category differs; old product sold in 3 distinct months,"all_similar_products, product_template.main_product, product_template_similar_rel",ambiguous,"all_similar_products, product_template.main_product, product_template_similar_rel",2025-09-04,2026-04-15,3.0,32.00,3.0,,,,True,DF-442,,,,,,,,,,
19982,AGORA BRUMA NIEVE 1021,,19581,442-48,,2025-08-28,2025-08-20,Agora Ref.,Recorded Odoo similarity/main-product relationship; category differs; old product sold in 4 distinct months,"all_similar_products, product_template.main_product, product_template_similar_rel",ambiguous,"all_similar_products, product_template.main_product, product_template_similar_rel",2025-09-04,2026-07-09,4.0,60.00,6.0,,,,True,DF-442,,,,,,,,,,
19983,AGORA BRUMA NIEBLA 1007,,19582,442-49,,2025-08-28,2025-08-20,Agora Ref.,Recorded Odoo similarity/main-product relationship; category differs; old product sold in 2 distinct months,"all_similar_products, product_template.main_product, product_template_similar_rel",ambiguous,"all_similar_products, product_template.main_product, product_template_similar_rel",2025-09-04,2026-02-11,2.0,61.00,4.0,,,,True,DF-442,,,,,,,,,,
19983,AGORA BRUMA NIEBLA 1007,,19583,442-50,,2025-08-28,2025-08-20,Agora Ref.,Recorded Odoo similarity/main-product relationship; category differs; old product sold in 4 distinct months,"product_template.main_product, product_template_similar_rel",ambiguous,"product_template.main_product, product_template_similar_rel",2025-09-04,2026-08-03,4.0,41.00,4.0,,,,True,DF-442,,,,,,,,,,
19984,AGORA BRUMA NIEBLA 1007PF,,19582,442-49,,2025-08-28,2025-08-20,Agora Ref.,Recorded Odoo similarity/main-product relationship; category differs; old product sold in 2 distinct months,product_template_similar_rel,ambiguous,product_template_similar_rel,2025-09-04,2026-02-11,2.0,61.00,4.0,,,,True,DF-442,,,,,,,,,,
19984,AGORA BRUMA NIEBLA 1007PF,,19583,442-50,,2025-08-28,2025-08-20,Agora Ref.,Recorded Odoo similarity/main-product relationship; category differs; old product sold in 4 distinct months,product_template_similar_rel,ambiguous,product_template_similar_rel,2025-09-04,2026-08-03,4.0,41.00,4.0,,,,True,DF-442,,,,,,,,,,
19985,AGORA BRUMA SOMBRA 1005,,19584,442-51,,2025-08-28,2025-08-20,Agora Ref.,Recorded Odoo similarity/main-product relationship; category differs; old product sold in 6 distinct months,"all_similar_products, product_template.main_product, product_template_similar_rel",strong signal,"all_similar_products, product_template.main_product, product_template_similar_rel",2025-09-04,2026-07-06,6.0,91.00,7.0,,,,True,DF-442,,,,,,,,,,
19986,AGORA BRUMA ALMENDRA 1001,,19585,442-52,,2025-08-28,2025-08-20,Agora Ref.,Recorded Odoo similarity/main-product relationship; category differs; old product sold in 5 distinct months,"all_similar_products, product_template.main_product, product_template_similar_rel",ambiguous,"all_similar_products, product_template.main_product, product_template_similar_rel",2025-09-04,2026-01-02,5.0,140.50,5.0,,,,True,DF-442,,,,,,,,,,
19987,AGORA BRUMA GRAFITO 1004,,19586,442-53,,2025-08-28,2025-08-20,Agora Ref.,Recorded Odoo similarity/main-product relationship; category differs; old product sold in 3 distinct months,"all_similar_products, product_template.main_product, product_template_similar_rel",ambiguous,"all_similar_products, product_template.main_product, product_template_similar_rel",2025-09-04,2026-08-06,3.0,91.00,4.0,,,,True,DF-442,,,,,,,,,,
19988,AGORA BRUMA MUSGO 1017,,19587,442-54,,2025-08-28,2025-08-20,Agora Ref.,Recorded Odoo similarity/main-product relationship; category differs; old product sold in 8 distinct months,"all_similar_products, product_template.main_product, product_template_similar_rel",strong signal,"all_similar_products, product_template.main_product, product_template_similar_rel",2025-09-04,2026-05-21,8.0,126.50,17.0,,,,True,DF-442,,,,,,,,,,
19989,AGORA BRUMA TEJA 1012,,19588,442-55,,2025-08-28,2025-08-20,Agora Ref.,Recorded Odoo similarity/main-product relationship; category differs; old product sold in 8 distinct months,"all_similar_products, product_template.main_product, product_template_similar_rel",strong signal,"all_similar_products, product_template.main_product, product_template_similar_rel",2025-09-04,2026-07-31,8.0,216.50,15.0,,,,True,DF-442,,,,,,,,,,
19990,AGORA BRUMA LAGO 1019,,19589,442-56,,2025-08-28,2025-08-20,Agora Ref.,Recorded Odoo similarity/main-product relationship; category differs; old product sold in 4 distinct months,"all_similar_products, product_template.main_product, product_template_similar_rel",ambiguous,"all_similar_products, product_template.main_product, product_template_similar_rel",2025-09-04,2026-02-18,4.0,118.50,7.0,,,,True,DF-442,,,,,,,,,,
19991,AGORA PANAMA BLANCO 3739,,19590,442-57,,2025-08-28,2025-08-20,Agora Ref.,Recorded Odoo similarity/main-product relationship; category differs; old product sold in 3 distinct months,"all_similar_products, product_template.main_product, product_template_similar_rel",ambiguous,"all_similar_products, product_template.main_product, product_template_similar_rel",2025-09-04,2026-02-22,3.0,60.00,5.0,,,,True,DF-442,,,,,,,,,,
19992,AGORA PANAMA BONE 1320PF,,19591,442-58,,2025-08-28,2025-08-20,Agora Ref.,Recorded Odoo similarity/main-product relationship; category differs; old product sold in 8 distinct months,"all_similar_products, product_template.main_product, product_template_similar_rel",strong signal,"all_similar_products, product_template.main_product, product_template_similar_rel",2025-09-04,2026-05-07,8.0,393.25,21.0,,,,True,DF-442,,,,,,,,,,
19993,AGORA PANAMA FOSSIL 3659PF,,19592,442-59,,2025-08-28,2025-08-20,Agora Ref.,Recorded Odoo similarity/main-product relationship; category differs; old product sold in 5 distinct months,"all_similar_products, product_template.main_product, product_template_similar_rel",ambiguous,"all_similar_products, product_template.main_product, product_template_similar_rel",2025-09-04,2026-07-06,5.0,213.00,7.0,,,,True,DF-442,,,,,,,,,,
19994,AGORA PANAMA CLOUD 3658,,19593,442-60,,2025-08-28,2025-08-20,Agora Ref.,Recorded Odoo similarity/main-product relationship; category differs; old product sold in 4 distinct months,"all_similar_products, product_template.main_product, product_template_similar_rel",ambiguous,"all_similar_products, product_template.main_product, product_template_similar_rel",2025-09-04,2026-07-06,4.0,50.50,5.0,,,,True,DF-442,,,,,,,,,,
19995,AGORA PANAMA STONE GREY 3669,,19594,442-61,,2025-08-28,2025-08-20,Agora Ref.,Recorded Odoo similarity/main-product relationship; category differs; old product sold in 6 distinct months,"all_similar_products, product_template.main_product, product_template_similar_rel",strong signal,"all_similar_products, product_template.main_product, product_template_similar_rel",2025-09-04,2026-07-25,6.0,46.00,7.0,,,,True,DF-442,,,,,,,,,,
19996,AGORA PANAMA ONYX 3657,,19595,442-62,,2025-08-28,2025-08-20,Agora Ref.,Recorded Odoo similarity/main-product relationship; category differs; old product sold in 2 distinct months,"all_similar_products, product_template.main_product, product_template_similar_rel",ambiguous,"all_similar_products, product_template.main_product, product_template_similar_rel",2025-09-04,2026-01-14,2.0,31.00,3.0,,,,True,DF-442,,,,,,,,,,
19997,AGORA PANAMA GRAFITO 8013,,19596,442-63,,2025-08-28,2025-08-20,Agora Ref.,Recorded Odoo similarity/main-product relationship; category differs; old product sold in 1 distinct months,"all_similar_products, product_template.main_product, product_template_similar_rel",ambiguous,"all_similar_products, product_template.main_product, product_template_similar_rel",2025-09-04,2025-09-04,1.0,26.00,1.0,,,,True,DF-442,,,,,,,,,,
