main_product_template_id,main_product_name,pattern,current_pattern,origin_date,target_date,horizon,actual,forecast,error,abs_error,shortfall
10699,393-29,intermittent,fast_moving,2024-07-01,2024-08-01,1,45.0,12.0,-33.0,33.0,33.0
10699,393-29,intermittent,fast_moving,2024-07-01,2024-09-01,2,244.0,6.0,-238.0,238.0,238.0
10699,393-29,intermittent,fast_moving,2024-07-01,2024-10-01,3,268.0,9.0,-259.0,259.0,259.0
10699,393-29,intermittent,fast_moving,2024-07-01,2024-11-01,4,81.0,7.5,-73.5,73.5,73.5
10699,393-29,intermittent,fast_moving,2024-07-01,2024-11-01,40,638.0,34.5,-603.5,603.5,603.5
10699,393-29,falling,fast_moving,2024-08-01,2024-09-01,1,244.0,12.0,-232.0,232.0,232.0
10699,393-29,falling,fast_moving,2024-08-01,2024-10-01,2,268.0,18.0,-250.0,250.0,250.0
10699,393-29,falling,fast_moving,2024-08-01,2024-11-01,3,81.0,15.0,-66.0,66.0,66.0
10699,393-29,falling,fast_moving,2024-08-01,2024-12-01,4,0.0,13.5,13.5,13.5,0.0
10699,393-29,falling,fast_moving,2024-08-01,2024-12-01,40,593.0,58.5,-534.5,534.5,534.5
10699,393-29,fast_moving,fast_moving,2024-09-01,2024-10-01,1,268.0,34.5,-233.5,233.5,233.5
10699,393-29,fast_moving,fast_moving,2024-09-01,2024-11-01,2,81.0,39.75,-41.25,41.25,41.25
10699,393-29,fast_moving,fast_moving,2024-09-01,2024-12-01,3,0.0,37.125,37.125,37.125,0.0
10699,393-29,fast_moving,fast_moving,2024-09-01,2025-01-01,4,16.0,35.8125,19.8125,19.8125,0.0
10699,393-29,fast_moving,fast_moving,2024-09-01,2025-01-01,40,365.0,147.1875,-217.8125,217.8125,217.8125
10699,393-29,fast_moving,fast_moving,2024-10-01,2024-11-01,1,81.0,144.5,63.5,63.5,0.0
10699,393-29,fast_moving,fast_moving,2024-10-01,2024-12-01,2,0.0,194.25,194.25,194.25,0.0
10699,393-29,fast_moving,fast_moving,2024-10-01,2025-01-01,3,16.0,169.375,153.375,153.375,0.0
10699,393-29,fast_moving,fast_moving,2024-10-01,2025-02-01,4,2.5,156.9375,154.4375,154.4375,0.0
10699,393-29,fast_moving,fast_moving,2024-10-01,2025-02-01,40,99.5,665.0625,565.5625,565.5625,0.0
10699,393-29,fast_moving,fast_moving,2024-11-01,2024-12-01,1,0.0,162.5,162.5,162.5,0.0
10699,393-29,fast_moving,fast_moving,2024-11-01,2025-01-01,2,16.0,121.75,105.75,105.75,0.0
10699,393-29,fast_moving,fast_moving,2024-11-01,2025-02-01,3,2.5,101.375,98.875,98.875,0.0
10699,393-29,fast_moving,fast_moving,2024-11-01,2025-03-01,4,16.0,111.5625,95.5625,95.5625,0.0
10699,393-29,fast_moving,fast_moving,2024-11-01,2025-03-01,40,34.5,497.1875,462.6875,462.6875,0.0
10699,393-29,fast_moving,fast_moving,2024-12-01,2025-01-01,1,16.0,40.5,24.5,24.5,0.0
10699,393-29,fast_moving,fast_moving,2024-12-01,2025-02-01,2,2.5,20.25,17.75,17.75,0.0
10699,393-29,fast_moving,fast_moving,2024-12-01,2025-03-01,3,16.0,10.125,-5.875,5.875,5.875
10699,393-29,fast_moving,fast_moving,2024-12-01,2025-04-01,4,0.0,15.1875,15.1875,15.1875,0.0
10699,393-29,fast_moving,fast_moving,2024-12-01,2025-04-01,40,34.5,86.0625,51.5625,51.5625,0.0
10699,393-29,fast_moving,fast_moving,2025-01-01,2025-02-01,1,2.5,8.0,5.5,5.5,0.0
10699,393-29,fast_moving,fast_moving,2025-01-01,2025-03-01,2,16.0,4.0,-12.0,12.0,12.0
10699,393-29,fast_moving,fast_moving,2025-01-01,2025-04-01,3,0.0,6.0,6.0,6.0,0.0
10699,393-29,fast_moving,fast_moving,2025-01-01,2025-05-01,4,166.5,5.0,-161.5,161.5,161.5
10699,393-29,fast_moving,fast_moving,2025-01-01,2025-05-01,40,185.0,23.0,-162.0,162.0,162.0
10699,393-29,fast_moving,fast_moving,2025-02-01,2025-03-01,1,16.0,1.25,-14.75,14.75,14.75
10699,393-29,fast_moving,fast_moving,2025-02-01,2025-04-01,2,0.0,1.875,1.875,1.875,0.0
10699,393-29,fast_moving,fast_moving,2025-02-01,2025-05-01,3,166.5,1.5625,-164.9375,164.9375,164.9375
10699,393-29,fast_moving,fast_moving,2025-02-01,2025-06-01,4,46.0,1.40625,-44.59375,44.59375,44.59375
10699,393-29,fast_moving,fast_moving,2025-02-01,2025-06-01,40,228.5,6.09375,-222.40625,222.40625,222.40625
10699,393-29,fast_moving,fast_moving,2025-03-01,2025-04-01,1,0.0,9.25,9.25,9.25,0.0
10699,393-29,fast_moving,fast_moving,2025-03-01,2025-05-01,2,166.5,5.875,-160.625,160.625,160.625
10699,393-29,fast_moving,fast_moving,2025-03-01,2025-06-01,3,46.0,7.5625,-38.4375,38.4375,38.4375
10699,393-29,fast_moving,fast_moving,2025-03-01,2025-07-01,4,38.0,6.71875,-31.28125,31.28125,31.28125
10699,393-29,fast_moving,fast_moving,2025-03-01,2025-07-01,40,250.5,29.40625,-221.09375,221.09375,221.09375
10699,393-29,falling,fast_moving,2025-04-01,2025-05-01,1,166.5,1.25,-165.25,165.25,165.25
10699,393-29,falling,fast_moving,2025-04-01,2025-06-01,2,46.0,0.625,-45.375,45.375,45.375
10699,393-29,falling,fast_moving,2025-04-01,2025-07-01,3,38.0,0.3125,-37.6875,37.6875,37.6875
10699,393-29,falling,fast_moving,2025-04-01,2025-08-01,4,394.5,0.46875,-394.03125,394.03125,394.03125
10699,393-29,falling,fast_moving,2025-04-01,2025-08-01,40,645.0,2.65625,-642.34375,642.34375,642.34375
10699,393-29,falling,fast_moving,2025-05-01,2025-06-01,1,46.0,8.0,-38.0,38.0,38.0
10699,393-29,falling,fast_moving,2025-05-01,2025-07-01,2,38.0,4.0,-34.0,34.0,34.0
10699,393-29,falling,fast_moving,2025-05-01,2025-08-01,3,394.5,6.0,-388.5,388.5,388.5
10699,393-29,falling,fast_moving,2025-05-01,2025-09-01,4,0.0,5.0,5.0,5.0,0.0
10699,393-29,falling,fast_moving,2025-05-01,2025-09-01,40,478.5,23.0,-455.5,455.5,455.5
10699,393-29,fast_moving,fast_moving,2025-06-01,2025-07-01,1,38.0,23.0,-15.0,15.0,15.0
10699,393-29,fast_moving,fast_moving,2025-06-01,2025-08-01,2,394.5,34.5,-360.0,360.0,360.0
10699,393-29,fast_moving,fast_moving,2025-06-01,2025-09-01,3,0.0,28.75,28.75,28.75,0.0
10699,393-29,fast_moving,fast_moving,2025-06-01,2025-10-01,4,0.0,25.875,25.875,25.875,0.0
10699,393-29,fast_moving,fast_moving,2025-06-01,2025-10-01,40,432.5,112.125,-320.375,320.375,320.375
10699,393-29,fast_moving,fast_moving,2025-07-01,2025-08-01,1,394.5,42.0,-352.5,352.5,352.5
10699,393-29,fast_moving,fast_moving,2025-07-01,2025-09-01,2,0.0,40.0,40.0,40.0,0.0
10699,393-29,fast_moving,fast_moving,2025-07-01,2025-10-01,3,0.0,39.0,39.0,39.0,0.0
10699,393-29,fast_moving,fast_moving,2025-07-01,2025-11-01,4,154.5,39.5,-115.0,115.0,115.0
10699,393-29,fast_moving,fast_moving,2025-07-01,2025-11-01,40,549.0,160.5,-388.5,388.5,388.5
10699,393-29,fast_moving,fast_moving,2025-08-01,2025-09-01,1,0.0,42.0,42.0,42.0,0.0
10699,393-29,fast_moving,fast_moving,2025-08-01,2025-10-01,2,0.0,40.0,40.0,40.0,0.0
10699,393-29,fast_moving,fast_moving,2025-08-01,2025-11-01,3,154.5,41.0,-113.5,113.5,113.5
10699,393-29,fast_moving,fast_moving,2025-08-01,2025-12-01,4,283.5,40.5,-243.0,243.0,243.0
10699,393-29,fast_moving,fast_moving,2025-08-01,2025-12-01,40,438.0,163.5,-274.5,274.5,274.5
10699,393-29,fast_moving,fast_moving,2025-09-01,2025-10-01,1,0.0,19.0,19.0,19.0,0.0
10699,393-29,fast_moving,fast_moving,2025-09-01,2025-11-01,2,154.5,9.5,-145.0,145.0,145.0
10699,393-29,fast_moving,fast_moving,2025-09-01,2025-12-01,3,283.5,4.75,-278.75,278.75,278.75
10699,393-29,fast_moving,fast_moving,2025-09-01,2026-01-01,4,133.0,7.125,-125.875,125.875,125.875
10699,393-29,fast_moving,fast_moving,2025-09-01,2026-01-01,40,571.0,40.375,-530.625,530.625,530.625
10699,393-29,fast_moving,fast_moving,2025-10-01,2025-11-01,1,154.5,0.0,-154.5,154.5,154.5
10699,393-29,fast_moving,fast_moving,2025-10-01,2025-12-01,2,283.5,0.0,-283.5,283.5,283.5
10699,393-29,fast_moving,fast_moving,2025-10-01,2026-01-01,3,133.0,0.0,-133.0,133.0,133.0
10699,393-29,fast_moving,fast_moving,2025-10-01,2026-02-01,4,0.0,0.0,0.0,0.0,0.0
10699,393-29,fast_moving,fast_moving,2025-10-01,2026-02-01,40,571.0,0.0,-571.0,571.0,571.0
10699,393-29,fast_moving,fast_moving,2025-11-01,2025-12-01,1,283.5,0.0,-283.5,283.5,283.5
10699,393-29,fast_moving,fast_moving,2025-11-01,2026-01-01,2,133.0,0.0,-133.0,133.0,133.0
10699,393-29,fast_moving,fast_moving,2025-11-01,2026-02-01,3,0.0,0.0,0.0,0.0,0.0
10699,393-29,fast_moving,fast_moving,2025-11-01,2026-03-01,4,50.5,0.0,-50.5,50.5,50.5
10699,393-29,fast_moving,fast_moving,2025-11-01,2026-03-01,40,467.0,0.0,-467.0,467.0,467.0
10699,393-29,fast_moving,fast_moving,2025-12-01,2026-01-01,1,133.0,77.25,-55.75,55.75,55.75
10699,393-29,fast_moving,fast_moving,2025-12-01,2026-02-01,2,0.0,115.875,115.875,115.875,0.0
10699,393-29,fast_moving,fast_moving,2025-12-01,2026-03-01,3,50.5,96.5625,46.0625,46.0625,0.0
10699,393-29,fast_moving,fast_moving,2025-12-01,2026-04-01,4,18.0,86.90625,68.90625,68.90625,0.0
10699,393-29,fast_moving,fast_moving,2025-12-01,2026-04-01,40,201.5,376.59375,175.09375,175.09375,0.0
10699,393-29,fast_moving,fast_moving,2026-01-01,2026-02-01,1,0.0,143.75,143.75,143.75,0.0
10699,393-29,fast_moving,fast_moving,2026-01-01,2026-03-01,2,50.5,138.375,87.875,87.875,0.0
10699,393-29,fast_moving,fast_moving,2026-01-01,2026-04-01,3,18.0,135.6875,117.6875,117.6875,0.0
10699,393-29,fast_moving,fast_moving,2026-01-01,2026-05-01,4,67.5,137.03125,69.53125,69.53125,0.0
10699,393-29,fast_moving,fast_moving,2026-01-01,2026-05-01,40,136.0,554.84375,418.84375,418.84375,0.0
10699,393-29,fast_moving,fast_moving,2026-02-01,2026-03-01,1,50.5,66.5,16.0,16.0,0.0
10699,393-29,fast_moving,fast_moving,2026-02-01,2026-04-01,2,18.0,33.25,15.25,15.25,0.0
10699,393-29,fast_moving,fast_moving,2026-02-01,2026-05-01,3,67.5,16.625,-50.875,50.875,50.875
10699,393-29,fast_moving,fast_moving,2026-02-01,2026-06-01,4,29.0,24.9375,-4.0625,4.0625,4.0625
10699,393-29,fast_moving,fast_moving,2026-02-01,2026-06-01,40,165.0,141.3125,-23.6875,23.6875,23.6875
10699,393-29,fast_moving,fast_moving,2026-03-01,2026-04-01,1,18.0,25.25,7.25,7.25,0.0
10699,393-29,fast_moving,fast_moving,2026-03-01,2026-05-01,2,67.5,12.625,-54.875,54.875,54.875
10699,393-29,fast_moving,fast_moving,2026-03-01,2026-06-01,3,29.0,18.9375,-10.0625,10.0625,10.0625
10699,393-29,fast_moving,fast_moving,2026-03-01,2026-07-01,4,67.0,15.78125,-51.21875,51.21875,51.21875
10699,393-29,fast_moving,fast_moving,2026-03-01,2026-07-01,40,181.5,72.59375,-108.90625,108.90625,108.90625
10699,393-29,fast_moving,fast_moving,2026-04-01,2026-05-01,1,67.5,9.0,-58.5,58.5,58.5
10699,393-29,fast_moving,fast_moving,2026-04-01,2026-06-01,2,29.0,13.5,-15.5,15.5,15.5
10699,393-29,fast_moving,fast_moving,2026-04-01,2026-07-01,3,67.0,11.25,-55.75,55.75,55.75
10699,393-29,fast_moving,fast_moving,2026-04-01,2026-08-01,4,67.5,10.125,-57.375,57.375,57.375
10699,393-29,fast_moving,fast_moving,2026-04-01,2026-08-01,40,231.0,43.875,-187.125,187.125,187.125
10699,393-29,fast_moving,fast_moving,2026-05-01,2026-06-01,1,29.0,34.25,5.25,5.25,0.0
10699,393-29,fast_moving,fast_moving,2026-05-01,2026-07-01,2,67.0,26.125,-40.875,40.875,40.875
10699,393-29,fast_moving,fast_moving,2026-05-01,2026-08-01,3,67.5,30.1875,-37.3125,37.3125,37.3125
10699,393-29,fast_moving,fast_moving,2026-05-01,2026-09-01,4,0.0,28.15625,28.15625,28.15625,0.0
10699,393-29,fast_moving,fast_moving,2026-05-01,2026-09-01,40,163.5,118.71875,-44.78125,44.78125,44.78125
10699,393-29,fast_moving,fast_moving,2026-06-01,2026-07-01,1,67.0,23.5,-43.5,43.5,43.5
10699,393-29,fast_moving,fast_moving,2026-06-01,2026-08-01,2,67.5,26.25,-41.25,41.25,41.25
10699,393-29,fast_moving,fast_moving,2026-06-01,2026-09-01,3,0.0,24.875,24.875,24.875,0.0
10699,393-29,falling,fast_moving,2026-07-01,2026-08-01,1,67.5,48.0,-19.5,19.5,19.5
10699,393-29,falling,fast_moving,2026-07-01,2026-09-01,2,0.0,38.5,38.5,38.5,0.0
10699,393-29,fast_moving,fast_moving,2026-08-01,2026-09-01,1,0.0,48.0,48.0,48.0,0.0
4985,1104-39,intermittent,intermittent,2024-04-01,2024-05-01,1,0.0,0.0,0.0,0.0,0.0
4985,1104-39,intermittent,intermittent,2024-04-01,2024-06-01,2,0.0,0.0,0.0,0.0,0.0
4985,1104-39,intermittent,intermittent,2024-04-01,2024-07-01,3,11.0,0.0,-11.0,11.0,11.0
4985,1104-39,intermittent,intermittent,2024-04-01,2024-08-01,4,0.0,0.0,0.0,0.0,0.0
4985,1104-39,intermittent,intermittent,2024-04-01,2024-08-01,40,11.0,0.0,-11.0,11.0,11.0
4985,1104-39,intermittent,intermittent,2024-05-01,2024-06-01,1,0.0,0.0,0.0,0.0,0.0
4985,1104-39,intermittent,intermittent,2024-05-01,2024-07-01,2,11.0,0.0,-11.0,11.0,11.0
4985,1104-39,intermittent,intermittent,2024-05-01,2024-08-01,3,0.0,0.0,0.0,0.0,0.0
4985,1104-39,intermittent,intermittent,2024-05-01,2024-09-01,4,21.0,0.0,-21.0,21.0,21.0
4985,1104-39,intermittent,intermittent,2024-05-01,2024-09-01,40,32.0,0.0,-32.0,32.0,32.0
4985,1104-39,intermittent,intermittent,2024-06-01,2024-07-01,1,11.0,0.0,-11.0,11.0,11.0
4985,1104-39,intermittent,intermittent,2024-06-01,2024-08-01,2,0.0,0.0,0.0,0.0,0.0
4985,1104-39,intermittent,intermittent,2024-06-01,2024-09-01,3,21.0,0.0,-21.0,21.0,21.0
4985,1104-39,intermittent,intermittent,2024-06-01,2024-10-01,4,0.0,0.0,0.0,0.0,0.0
4985,1104-39,intermittent,intermittent,2024-06-01,2024-10-01,40,32.0,0.0,-32.0,32.0,32.0
4985,1104-39,intermittent,intermittent,2024-07-01,2024-08-01,1,0.0,0.0,0.0,0.0,0.0
4985,1104-39,intermittent,intermittent,2024-07-01,2024-09-01,2,21.0,0.0,-21.0,21.0,21.0
4985,1104-39,intermittent,intermittent,2024-07-01,2024-10-01,3,0.0,0.0,0.0,0.0,0.0
4985,1104-39,intermittent,intermittent,2024-07-01,2024-11-01,4,26.0,0.0,-26.0,26.0,26.0
4985,1104-39,intermittent,intermittent,2024-07-01,2024-11-01,40,47.0,0.0,-47.0,47.0,47.0
4985,1104-39,intermittent,intermittent,2024-08-01,2024-09-01,1,21.0,0.0,-21.0,21.0,21.0
4985,1104-39,intermittent,intermittent,2024-08-01,2024-10-01,2,0.0,0.0,0.0,0.0,0.0
4985,1104-39,intermittent,intermittent,2024-08-01,2024-11-01,3,26.0,0.0,-26.0,26.0,26.0
4985,1104-39,intermittent,intermittent,2024-08-01,2024-12-01,4,0.0,0.0,0.0,0.0,0.0
4985,1104-39,intermittent,intermittent,2024-08-01,2024-12-01,40,47.0,0.0,-47.0,47.0,47.0
4985,1104-39,intermittent,intermittent,2024-09-01,2024-10-01,1,0.0,5.5,5.5,5.5,0.0
4985,1104-39,intermittent,intermittent,2024-09-01,2024-11-01,2,26.0,2.75,-23.25,23.25,23.25
4985,1104-39,intermittent,intermittent,2024-09-01,2024-12-01,3,0.0,4.125,4.125,4.125,0.0
4985,1104-39,intermittent,intermittent,2024-09-01,2025-01-01,4,0.0,3.4375,3.4375,3.4375,0.0
4985,1104-39,intermittent,intermittent,2024-09-01,2025-01-01,40,26.0,15.8125,-10.1875,10.1875,10.1875
4985,1104-39,intermittent,intermittent,2024-10-01,2024-11-01,1,26.0,0.0,-26.0,26.0,26.0
4985,1104-39,intermittent,intermittent,2024-10-01,2024-12-01,2,0.0,0.0,0.0,0.0,0.0
4985,1104-39,intermittent,intermittent,2024-10-01,2025-01-01,3,0.0,0.0,0.0,0.0,0.0
4985,1104-39,intermittent,intermittent,2024-10-01,2025-02-01,4,0.0,0.0,0.0,0.0,0.0
4985,1104-39,intermittent,intermittent,2024-10-01,2025-02-01,40,26.0,0.0,-26.0,26.0,26.0
4985,1104-39,intermittent,intermittent,2024-11-01,2024-12-01,1,0.0,10.5,10.5,10.5,0.0
4985,1104-39,intermittent,intermittent,2024-11-01,2025-01-01,2,0.0,5.25,5.25,5.25,0.0
4985,1104-39,intermittent,intermittent,2024-11-01,2025-02-01,3,0.0,7.875,7.875,7.875,0.0
4985,1104-39,intermittent,intermittent,2024-11-01,2025-03-01,4,0.0,6.5625,6.5625,6.5625,0.0
4985,1104-39,intermittent,intermittent,2024-11-01,2025-03-01,40,0.0,30.1875,30.1875,30.1875,0.0
4985,1104-39,intermittent,intermittent,2024-12-01,2025-01-01,1,0.0,0.0,0.0,0.0,0.0
4985,1104-39,intermittent,intermittent,2024-12-01,2025-02-01,2,0.0,0.0,0.0,0.0,0.0
4985,1104-39,intermittent,intermittent,2024-12-01,2025-03-01,3,0.0,0.0,0.0,0.0,0.0
4985,1104-39,intermittent,intermittent,2024-12-01,2025-04-01,4,0.0,0.0,0.0,0.0,0.0
4985,1104-39,intermittent,intermittent,2024-12-01,2025-04-01,40,0.0,0.0,0.0,0.0,0.0
4985,1104-39,intermittent,intermittent,2025-01-01,2025-02-01,1,0.0,0.0,0.0,0.0,0.0
4985,1104-39,intermittent,intermittent,2025-01-01,2025-03-01,2,0.0,0.0,0.0,0.0,0.0
4985,1104-39,intermittent,intermittent,2025-01-01,2025-04-01,3,0.0,0.0,0.0,0.0,0.0
4985,1104-39,intermittent,intermittent,2025-01-01,2025-05-01,4,0.0,0.0,0.0,0.0,0.0
4985,1104-39,intermittent,intermittent,2025-01-01,2025-05-01,40,0.0,0.0,0.0,0.0,0.0
4985,1104-39,intermittent,intermittent,2025-02-01,2025-03-01,1,0.0,0.0,0.0,0.0,0.0
4985,1104-39,intermittent,intermittent,2025-02-01,2025-04-01,2,0.0,0.0,0.0,0.0,0.0
4985,1104-39,intermittent,intermittent,2025-02-01,2025-05-01,3,0.0,0.0,0.0,0.0,0.0
4985,1104-39,intermittent,intermittent,2025-02-01,2025-06-01,4,0.0,0.0,0.0,0.0,0.0
4985,1104-39,intermittent,intermittent,2025-02-01,2025-06-01,40,0.0,0.0,0.0,0.0,0.0
4985,1104-39,intermittent,intermittent,2025-03-01,2025-04-01,1,0.0,0.0,0.0,0.0,0.0
4985,1104-39,intermittent,intermittent,2025-03-01,2025-05-01,2,0.0,0.0,0.0,0.0,0.0
4985,1104-39,intermittent,intermittent,2025-03-01,2025-06-01,3,0.0,0.0,0.0,0.0,0.0
4985,1104-39,intermittent,intermittent,2025-03-01,2025-07-01,4,0.0,0.0,0.0,0.0,0.0
4985,1104-39,intermittent,intermittent,2025-03-01,2025-07-01,40,0.0,0.0,0.0,0.0,0.0
4985,1104-39,intermittent,intermittent,2025-04-01,2025-05-01,1,0.0,0.0,0.0,0.0,0.0
4985,1104-39,intermittent,intermittent,2025-04-01,2025-06-01,2,0.0,0.0,0.0,0.0,0.0
4985,1104-39,intermittent,intermittent,2025-04-01,2025-07-01,3,0.0,0.0,0.0,0.0,0.0
4985,1104-39,intermittent,intermittent,2025-04-01,2025-08-01,4,0.0,0.0,0.0,0.0,0.0
4985,1104-39,intermittent,intermittent,2025-04-01,2025-08-01,40,0.0,0.0,0.0,0.0,0.0
4985,1104-39,dead_stock,intermittent,2025-05-01,2025-06-01,1,0.0,0.0,0.0,0.0,0.0
4985,1104-39,dead_stock,intermittent,2025-05-01,2025-07-01,2,0.0,0.0,0.0,0.0,0.0
4985,1104-39,dead_stock,intermittent,2025-05-01,2025-08-01,3,0.0,0.0,0.0,0.0,0.0
4985,1104-39,dead_stock,intermittent,2025-05-01,2025-09-01,4,0.0,0.0,0.0,0.0,0.0
4985,1104-39,dead_stock,intermittent,2025-05-01,2025-09-01,40,0.0,0.0,0.0,0.0,0.0
4985,1104-39,dead_stock,intermittent,2025-06-01,2025-07-01,1,0.0,0.0,0.0,0.0,0.0
4985,1104-39,dead_stock,intermittent,2025-06-01,2025-08-01,2,0.0,0.0,0.0,0.0,0.0
4985,1104-39,dead_stock,intermittent,2025-06-01,2025-09-01,3,0.0,0.0,0.0,0.0,0.0
4985,1104-39,dead_stock,intermittent,2025-06-01,2025-10-01,4,0.0,0.0,0.0,0.0,0.0
4985,1104-39,dead_stock,intermittent,2025-06-01,2025-10-01,40,0.0,0.0,0.0,0.0,0.0
4985,1104-39,dead_stock,intermittent,2025-07-01,2025-08-01,1,0.0,0.0,0.0,0.0,0.0
4985,1104-39,dead_stock,intermittent,2025-07-01,2025-09-01,2,0.0,0.0,0.0,0.0,0.0
4985,1104-39,dead_stock,intermittent,2025-07-01,2025-10-01,3,0.0,0.0,0.0,0.0,0.0
4985,1104-39,dead_stock,intermittent,2025-07-01,2025-11-01,4,0.0,0.0,0.0,0.0,0.0
4985,1104-39,dead_stock,intermittent,2025-07-01,2025-11-01,40,0.0,0.0,0.0,0.0,0.0
4985,1104-39,dead_stock,intermittent,2025-08-01,2025-09-01,1,0.0,0.0,0.0,0.0,0.0
4985,1104-39,dead_stock,intermittent,2025-08-01,2025-10-01,2,0.0,0.0,0.0,0.0,0.0
4985,1104-39,dead_stock,intermittent,2025-08-01,2025-11-01,3,0.0,0.0,0.0,0.0,0.0
4985,1104-39,dead_stock,intermittent,2025-08-01,2025-12-01,4,0.0,0.0,0.0,0.0,0.0
4985,1104-39,dead_stock,intermittent,2025-08-01,2025-12-01,40,0.0,0.0,0.0,0.0,0.0
4985,1104-39,dead_stock,intermittent,2025-09-01,2025-10-01,1,0.0,0.0,0.0,0.0,0.0
4985,1104-39,dead_stock,intermittent,2025-09-01,2025-11-01,2,0.0,0.0,0.0,0.0,0.0
4985,1104-39,dead_stock,intermittent,2025-09-01,2025-12-01,3,0.0,0.0,0.0,0.0,0.0
4985,1104-39,dead_stock,intermittent,2025-09-01,2026-01-01,4,0.0,0.0,0.0,0.0,0.0
4985,1104-39,dead_stock,intermittent,2025-09-01,2026-01-01,40,0.0,0.0,0.0,0.0,0.0
4985,1104-39,dead_stock,intermittent,2025-10-01,2025-11-01,1,0.0,0.0,0.0,0.0,0.0
4985,1104-39,dead_stock,intermittent,2025-10-01,2025-12-01,2,0.0,0.0,0.0,0.0,0.0
4985,1104-39,dead_stock,intermittent,2025-10-01,2026-01-01,3,0.0,0.0,0.0,0.0,0.0
4985,1104-39,dead_stock,intermittent,2025-10-01,2026-02-01,4,0.0,0.0,0.0,0.0,0.0
4985,1104-39,dead_stock,intermittent,2025-10-01,2026-02-01,40,0.0,0.0,0.0,0.0,0.0
4985,1104-39,dead_stock,intermittent,2025-11-01,2025-12-01,1,0.0,0.0,0.0,0.0,0.0
4985,1104-39,dead_stock,intermittent,2025-11-01,2026-01-01,2,0.0,0.0,0.0,0.0,0.0
4985,1104-39,dead_stock,intermittent,2025-11-01,2026-02-01,3,0.0,0.0,0.0,0.0,0.0
4985,1104-39,dead_stock,intermittent,2025-11-01,2026-03-01,4,0.0,0.0,0.0,0.0,0.0
4985,1104-39,dead_stock,intermittent,2025-11-01,2026-03-01,40,0.0,0.0,0.0,0.0,0.0
4985,1104-39,dead_stock,intermittent,2025-12-01,2026-01-01,1,0.0,0.0,0.0,0.0,0.0
4985,1104-39,dead_stock,intermittent,2025-12-01,2026-02-01,2,0.0,0.0,0.0,0.0,0.0
4985,1104-39,dead_stock,intermittent,2025-12-01,2026-03-01,3,0.0,0.0,0.0,0.0,0.0
4985,1104-39,dead_stock,intermittent,2025-12-01,2026-04-01,4,0.0,0.0,0.0,0.0,0.0
4985,1104-39,dead_stock,intermittent,2025-12-01,2026-04-01,40,0.0,0.0,0.0,0.0,0.0
4985,1104-39,dead_stock,intermittent,2026-01-01,2026-02-01,1,0.0,0.0,0.0,0.0,0.0
4985,1104-39,dead_stock,intermittent,2026-01-01,2026-03-01,2,0.0,0.0,0.0,0.0,0.0
4985,1104-39,dead_stock,intermittent,2026-01-01,2026-04-01,3,0.0,0.0,0.0,0.0,0.0
4985,1104-39,dead_stock,intermittent,2026-01-01,2026-05-01,4,0.0,0.0,0.0,0.0,0.0
4985,1104-39,dead_stock,intermittent,2026-01-01,2026-05-01,40,0.0,0.0,0.0,0.0,0.0
4985,1104-39,dead_stock,intermittent,2026-02-01,2026-03-01,1,0.0,0.0,0.0,0.0,0.0
4985,1104-39,dead_stock,intermittent,2026-02-01,2026-04-01,2,0.0,0.0,0.0,0.0,0.0
4985,1104-39,dead_stock,intermittent,2026-02-01,2026-05-01,3,0.0,0.0,0.0,0.0,0.0
4985,1104-39,dead_stock,intermittent,2026-02-01,2026-06-01,4,80.0,0.0,-80.0,80.0,80.0
4985,1104-39,dead_stock,intermittent,2026-02-01,2026-06-01,40,80.0,0.0,-80.0,80.0,80.0
4985,1104-39,dead_stock,intermittent,2026-03-01,2026-04-01,1,0.0,0.0,0.0,0.0,0.0
4985,1104-39,dead_stock,intermittent,2026-03-01,2026-05-01,2,0.0,0.0,0.0,0.0,0.0
4985,1104-39,dead_stock,intermittent,2026-03-01,2026-06-01,3,80.0,0.0,-80.0,80.0,80.0
4985,1104-39,dead_stock,intermittent,2026-03-01,2026-07-01,4,0.0,0.0,0.0,0.0,0.0
4985,1104-39,dead_stock,intermittent,2026-03-01,2026-07-01,40,80.0,0.0,-80.0,80.0,80.0
4985,1104-39,dead_stock,intermittent,2026-04-01,2026-05-01,1,0.0,0.0,0.0,0.0,0.0
4985,1104-39,dead_stock,intermittent,2026-04-01,2026-06-01,2,80.0,0.0,-80.0,80.0,80.0
4985,1104-39,dead_stock,intermittent,2026-04-01,2026-07-01,3,0.0,0.0,0.0,0.0,0.0
4985,1104-39,dead_stock,intermittent,2026-04-01,2026-08-01,4,0.0,0.0,0.0,0.0,0.0
4985,1104-39,dead_stock,intermittent,2026-04-01,2026-08-01,40,80.0,0.0,-80.0,80.0,80.0
4985,1104-39,dead_stock,intermittent,2026-05-01,2026-06-01,1,80.0,0.0,-80.0,80.0,80.0
4985,1104-39,dead_stock,intermittent,2026-05-01,2026-07-01,2,0.0,0.0,0.0,0.0,0.0
4985,1104-39,dead_stock,intermittent,2026-05-01,2026-08-01,3,0.0,0.0,0.0,0.0,0.0
4985,1104-39,dead_stock,intermittent,2026-05-01,2026-09-01,4,0.0,0.0,0.0,0.0,0.0
4985,1104-39,dead_stock,intermittent,2026-05-01,2026-09-01,40,80.0,0.0,-80.0,80.0,80.0
4985,1104-39,intermittent,intermittent,2026-06-01,2026-07-01,1,0.0,0.0,0.0,0.0,0.0
4985,1104-39,intermittent,intermittent,2026-06-01,2026-08-01,2,0.0,0.0,0.0,0.0,0.0
4985,1104-39,intermittent,intermittent,2026-06-01,2026-09-01,3,0.0,0.0,0.0,0.0,0.0
4985,1104-39,intermittent,intermittent,2026-07-01,2026-08-01,1,0.0,0.0,0.0,0.0,0.0
4985,1104-39,intermittent,intermittent,2026-07-01,2026-09-01,2,0.0,0.0,0.0,0.0,0.0
4985,1104-39,intermittent,intermittent,2026-08-01,2026-09-01,1,0.0,0.0,0.0,0.0,0.0
11440,1102-27,intermittent,intermittent,2024-07-01,2024-08-01,1,0.0,0.0,0.0,0.0,0.0
11440,1102-27,intermittent,intermittent,2024-07-01,2024-09-01,2,19.5,0.0,-19.5,19.5,19.5
11440,1102-27,intermittent,intermittent,2024-07-01,2024-10-01,3,0.0,0.0,0.0,0.0,0.0
11440,1102-27,intermittent,intermittent,2024-07-01,2024-11-01,4,0.0,0.0,0.0,0.0,0.0
11440,1102-27,intermittent,intermittent,2024-07-01,2024-11-01,40,19.5,0.0,-19.5,19.5,19.5
11440,1102-27,intermittent,intermittent,2024-08-01,2024-09-01,1,19.5,0.0,-19.5,19.5,19.5
11440,1102-27,intermittent,intermittent,2024-08-01,2024-10-01,2,0.0,0.0,0.0,0.0,0.0
11440,1102-27,intermittent,intermittent,2024-08-01,2024-11-01,3,0.0,0.0,0.0,0.0,0.0
11440,1102-27,intermittent,intermittent,2024-08-01,2024-12-01,4,0.0,0.0,0.0,0.0,0.0
11440,1102-27,intermittent,intermittent,2024-08-01,2024-12-01,40,19.5,0.0,-19.5,19.5,19.5
11440,1102-27,intermittent,intermittent,2024-09-01,2024-10-01,1,0.0,0.0,0.0,0.0,0.0
11440,1102-27,intermittent,intermittent,2024-09-01,2024-11-01,2,0.0,0.0,0.0,0.0,0.0
11440,1102-27,intermittent,intermittent,2024-09-01,2024-12-01,3,0.0,0.0,0.0,0.0,0.0
11440,1102-27,intermittent,intermittent,2024-09-01,2025-01-01,4,8.0,0.0,-8.0,8.0,8.0
11440,1102-27,intermittent,intermittent,2024-09-01,2025-01-01,40,8.0,0.0,-8.0,8.0,8.0
11440,1102-27,intermittent,intermittent,2024-10-01,2024-11-01,1,0.0,0.0,0.0,0.0,0.0
11440,1102-27,intermittent,intermittent,2024-10-01,2024-12-01,2,0.0,0.0,0.0,0.0,0.0
11440,1102-27,intermittent,intermittent,2024-10-01,2025-01-01,3,8.0,0.0,-8.0,8.0,8.0
11440,1102-27,intermittent,intermittent,2024-10-01,2025-02-01,4,6.0,0.0,-6.0,6.0,6.0
11440,1102-27,intermittent,intermittent,2024-10-01,2025-02-01,40,14.0,0.0,-14.0,14.0,14.0
11440,1102-27,intermittent,intermittent,2024-11-01,2024-12-01,1,0.0,0.0,0.0,0.0,0.0
11440,1102-27,intermittent,intermittent,2024-11-01,2025-01-01,2,8.0,0.0,-8.0,8.0,8.0
11440,1102-27,intermittent,intermittent,2024-11-01,2025-02-01,3,6.0,0.0,-6.0,6.0,6.0
11440,1102-27,intermittent,intermittent,2024-11-01,2025-03-01,4,0.0,0.0,0.0,0.0,0.0
11440,1102-27,intermittent,intermittent,2024-11-01,2025-03-01,40,14.0,0.0,-14.0,14.0,14.0
11440,1102-27,intermittent,intermittent,2024-12-01,2025-01-01,1,8.0,0.0,-8.0,8.0,8.0
11440,1102-27,intermittent,intermittent,2024-12-01,2025-02-01,2,6.0,0.0,-6.0,6.0,6.0
11440,1102-27,intermittent,intermittent,2024-12-01,2025-03-01,3,0.0,0.0,0.0,0.0,0.0
11440,1102-27,intermittent,intermittent,2024-12-01,2025-04-01,4,10.0,0.0,-10.0,10.0,10.0
11440,1102-27,intermittent,intermittent,2024-12-01,2025-04-01,40,24.0,0.0,-24.0,24.0,24.0
11440,1102-27,intermittent,intermittent,2025-01-01,2025-02-01,1,6.0,0.0,-6.0,6.0,6.0
11440,1102-27,intermittent,intermittent,2025-01-01,2025-03-01,2,0.0,0.0,0.0,0.0,0.0
11440,1102-27,intermittent,intermittent,2025-01-01,2025-04-01,3,10.0,0.0,-10.0,10.0,10.0
11440,1102-27,intermittent,intermittent,2025-01-01,2025-05-01,4,0.0,0.0,0.0,0.0,0.0
11440,1102-27,intermittent,intermittent,2025-01-01,2025-05-01,40,16.0,0.0,-16.0,16.0,16.0
11440,1102-27,intermittent,intermittent,2025-02-01,2025-03-01,1,0.0,3.0,3.0,3.0,0.0
11440,1102-27,intermittent,intermittent,2025-02-01,2025-04-01,2,10.0,4.5,-5.5,5.5,5.5
11440,1102-27,intermittent,intermittent,2025-02-01,2025-05-01,3,0.0,3.75,3.75,3.75,0.0
11440,1102-27,intermittent,intermittent,2025-02-01,2025-06-01,4,6.5,3.375,-3.125,3.125,3.125
11440,1102-27,intermittent,intermittent,2025-02-01,2025-06-01,40,16.5,14.625,-1.875,1.875,1.875
11440,1102-27,intermittent,intermittent,2025-03-01,2025-04-01,1,10.0,3.0,-7.0,7.0,7.0
11440,1102-27,intermittent,intermittent,2025-03-01,2025-05-01,2,0.0,1.5,1.5,1.5,0.0
11440,1102-27,intermittent,intermittent,2025-03-01,2025-06-01,3,6.5,0.75,-5.75,5.75,5.75
11440,1102-27,intermittent,intermittent,2025-03-01,2025-07-01,4,0.0,1.125,1.125,1.125,0.0
11440,1102-27,intermittent,intermittent,2025-03-01,2025-07-01,40,16.5,6.375,-10.125,10.125,10.125
11440,1102-27,intermittent,intermittent,2025-04-01,2025-05-01,1,0.0,3.0,3.0,3.0,0.0
11440,1102-27,intermittent,intermittent,2025-04-01,2025-06-01,2,6.5,1.5,-5.0,5.0,5.0
11440,1102-27,intermittent,intermittent,2025-04-01,2025-07-01,3,0.0,2.25,2.25,2.25,0.0
11440,1102-27,intermittent,intermittent,2025-04-01,2025-08-01,4,11.0,1.875,-9.125,9.125,9.125
11440,1102-27,intermittent,intermittent,2025-04-01,2025-08-01,40,17.5,8.625,-8.875,8.875,8.875
11440,1102-27,intermittent,intermittent,2025-05-01,2025-06-01,1,6.5,0.0,-6.5,6.5,6.5
11440,1102-27,intermittent,intermittent,2025-05-01,2025-07-01,2,0.0,0.0,0.0,0.0,0.0
11440,1102-27,intermittent,intermittent,2025-05-01,2025-08-01,3,11.0,0.0,-11.0,11.0,11.0
11440,1102-27,intermittent,intermittent,2025-05-01,2025-09-01,4,10.5,0.0,-10.5,10.5,10.5
11440,1102-27,intermittent,intermittent,2025-05-01,2025-09-01,40,28.0,0.0,-28.0,28.0,28.0
11440,1102-27,intermittent,intermittent,2025-06-01,2025-07-01,1,0.0,3.25,3.25,3.25,0.0
11440,1102-27,intermittent,intermittent,2025-06-01,2025-08-01,2,11.0,1.625,-9.375,9.375,9.375
11440,1102-27,intermittent,intermittent,2025-06-01,2025-09-01,3,10.5,2.4375,-8.0625,8.0625,8.0625
11440,1102-27,intermittent,intermittent,2025-06-01,2025-10-01,4,0.0,2.03125,2.03125,2.03125,0.0
11440,1102-27,intermittent,intermittent,2025-06-01,2025-10-01,40,21.5,9.34375,-12.15625,12.15625,12.15625
11440,1102-27,intermittent,intermittent,2025-07-01,2025-08-01,1,11.0,0.0,-11.0,11.0,11.0
11440,1102-27,intermittent,intermittent,2025-07-01,2025-09-01,2,10.5,0.0,-10.5,10.5,10.5
11440,1102-27,intermittent,intermittent,2025-07-01,2025-10-01,3,0.0,0.0,0.0,0.0,0.0
11440,1102-27,intermittent,intermittent,2025-07-01,2025-11-01,4,52.5,0.0,-52.5,52.5,52.5
11440,1102-27,intermittent,intermittent,2025-07-01,2025-11-01,40,74.0,0.0,-74.0,74.0,74.0
11440,1102-27,intermittent,intermittent,2025-08-01,2025-09-01,1,10.5,3.25,-7.25,7.25,7.25
11440,1102-27,intermittent,intermittent,2025-08-01,2025-10-01,2,0.0,1.625,1.625,1.625,0.0
11440,1102-27,intermittent,intermittent,2025-08-01,2025-11-01,3,52.5,2.4375,-50.0625,50.0625,50.0625
11440,1102-27,intermittent,intermittent,2025-08-01,2025-12-01,4,0.0,2.03125,2.03125,2.03125,0.0
11440,1102-27,intermittent,intermittent,2025-08-01,2025-12-01,40,63.0,9.34375,-53.65625,53.65625,53.65625
11440,1102-27,intermittent,intermittent,2025-09-01,2025-10-01,1,0.0,5.25,5.25,5.25,0.0
11440,1102-27,intermittent,intermittent,2025-09-01,2025-11-01,2,52.5,7.875,-44.625,44.625,44.625
11440,1102-27,intermittent,intermittent,2025-09-01,2025-12-01,3,0.0,6.5625,6.5625,6.5625,0.0
11440,1102-27,intermittent,intermittent,2025-09-01,2026-01-01,4,0.0,5.90625,5.90625,5.90625,0.0
11440,1102-27,intermittent,intermittent,2025-09-01,2026-01-01,40,52.5,25.59375,-26.90625,26.90625,26.90625
11440,1102-27,intermittent,intermittent,2025-10-01,2025-11-01,1,52.5,5.25,-47.25,47.25,47.25
11440,1102-27,intermittent,intermittent,2025-10-01,2025-12-01,2,0.0,2.625,2.625,2.625,0.0
11440,1102-27,intermittent,intermittent,2025-10-01,2026-01-01,3,0.0,1.3125,1.3125,1.3125,0.0
11440,1102-27,intermittent,intermittent,2025-10-01,2026-02-01,4,3.5,1.96875,-1.53125,1.53125,1.53125
11440,1102-27,intermittent,intermittent,2025-10-01,2026-02-01,40,56.0,11.15625,-44.84375,44.84375,44.84375
11440,1102-27,intermittent,intermittent,2025-11-01,2025-12-01,1,0.0,5.25,5.25,5.25,0.0
11440,1102-27,intermittent,intermittent,2025-11-01,2026-01-01,2,0.0,2.625,2.625,2.625,0.0
11440,1102-27,intermittent,intermittent,2025-11-01,2026-02-01,3,3.5,3.9375,0.4375,0.4375,0.0
11440,1102-27,intermittent,intermittent,2025-11-01,2026-03-01,4,0.0,3.28125,3.28125,3.28125,0.0
11440,1102-27,intermittent,intermittent,2025-11-01,2026-03-01,40,3.5,15.09375,11.59375,11.59375,0.0
11440,1102-27,intermittent,intermittent,2025-12-01,2026-01-01,1,0.0,0.0,0.0,0.0,0.0
11440,1102-27,intermittent,intermittent,2025-12-01,2026-02-01,2,3.5,0.0,-3.5,3.5,3.5
11440,1102-27,intermittent,intermittent,2025-12-01,2026-03-01,3,0.0,0.0,0.0,0.0,0.0
11440,1102-27,intermittent,intermittent,2025-12-01,2026-04-01,4,0.0,0.0,0.0,0.0,0.0
11440,1102-27,intermittent,intermittent,2025-12-01,2026-04-01,40,3.5,0.0,-3.5,3.5,3.5
11440,1102-27,intermittent,intermittent,2026-01-01,2026-02-01,1,3.5,0.0,-3.5,3.5,3.5
11440,1102-27,intermittent,intermittent,2026-01-01,2026-03-01,2,0.0,0.0,0.0,0.0,0.0
11440,1102-27,intermittent,intermittent,2026-01-01,2026-04-01,3,0.0,0.0,0.0,0.0,0.0
11440,1102-27,intermittent,intermittent,2026-01-01,2026-05-01,4,0.0,0.0,0.0,0.0,0.0
11440,1102-27,intermittent,intermittent,2026-01-01,2026-05-01,40,3.5,0.0,-3.5,3.5,3.5
11440,1102-27,intermittent,intermittent,2026-02-01,2026-03-01,1,0.0,0.0,0.0,0.0,0.0
11440,1102-27,intermittent,intermittent,2026-02-01,2026-04-01,2,0.0,0.0,0.0,0.0,0.0
11440,1102-27,intermittent,intermittent,2026-02-01,2026-05-01,3,0.0,0.0,0.0,0.0,0.0
11440,1102-27,intermittent,intermittent,2026-02-01,2026-06-01,4,0.0,0.0,0.0,0.0,0.0
11440,1102-27,intermittent,intermittent,2026-02-01,2026-06-01,40,0.0,0.0,0.0,0.0,0.0
11440,1102-27,intermittent,intermittent,2026-03-01,2026-04-01,1,0.0,0.0,0.0,0.0,0.0
11440,1102-27,intermittent,intermittent,2026-03-01,2026-05-01,2,0.0,0.0,0.0,0.0,0.0
11440,1102-27,intermittent,intermittent,2026-03-01,2026-06-01,3,0.0,0.0,0.0,0.0,0.0
11440,1102-27,intermittent,intermittent,2026-03-01,2026-07-01,4,34.0,0.0,-34.0,34.0,34.0
11440,1102-27,intermittent,intermittent,2026-03-01,2026-07-01,40,34.0,0.0,-34.0,34.0,34.0
11440,1102-27,intermittent,intermittent,2026-04-01,2026-05-01,1,0.0,0.0,0.0,0.0,0.0
11440,1102-27,intermittent,intermittent,2026-04-01,2026-06-01,2,0.0,0.0,0.0,0.0,0.0
11440,1102-27,intermittent,intermittent,2026-04-01,2026-07-01,3,34.0,0.0,-34.0,34.0,34.0
11440,1102-27,intermittent,intermittent,2026-04-01,2026-08-01,4,48.0,0.0,-48.0,48.0,48.0
11440,1102-27,intermittent,intermittent,2026-04-01,2026-08-01,40,82.0,0.0,-82.0,82.0,82.0
11440,1102-27,intermittent,intermittent,2026-05-01,2026-06-01,1,0.0,0.0,0.0,0.0,0.0
11440,1102-27,intermittent,intermittent,2026-05-01,2026-07-01,2,34.0,0.0,-34.0,34.0,34.0
11440,1102-27,intermittent,intermittent,2026-05-01,2026-08-01,3,48.0,0.0,-48.0,48.0,48.0
11440,1102-27,intermittent,intermittent,2026-05-01,2026-09-01,4,0.0,0.0,0.0,0.0,0.0
11440,1102-27,intermittent,intermittent,2026-05-01,2026-09-01,40,82.0,0.0,-82.0,82.0,82.0
11440,1102-27,intermittent,intermittent,2026-06-01,2026-07-01,1,34.0,0.0,-34.0,34.0,34.0
11440,1102-27,intermittent,intermittent,2026-06-01,2026-08-01,2,48.0,0.0,-48.0,48.0,48.0
11440,1102-27,intermittent,intermittent,2026-06-01,2026-09-01,3,0.0,0.0,0.0,0.0,0.0
11440,1102-27,intermittent,intermittent,2026-07-01,2026-08-01,1,48.0,0.0,-48.0,48.0,48.0
11440,1102-27,intermittent,intermittent,2026-07-01,2026-09-01,2,0.0,0.0,0.0,0.0,0.0
11440,1102-27,intermittent,intermittent,2026-08-01,2026-09-01,1,0.0,17.0,17.0,17.0,0.0
820,DE-V1-160,fast_moving,falling,2023-11-01,2023-12-01,1,82.5,49.5,-33.0,33.0,33.0
820,DE-V1-160,fast_moving,falling,2023-11-01,2024-01-01,2,12.0,53.25,41.25,41.25,0.0
820,DE-V1-160,fast_moving,falling,2023-11-01,2024-02-01,3,30.5,51.375,20.875,20.875,0.0
820,DE-V1-160,fast_moving,falling,2023-11-01,2024-03-01,4,8.5,50.4375,41.9375,41.9375,0.0
820,DE-V1-160,fast_moving,falling,2023-11-01,2024-03-01,40,133.5,204.5625,71.0625,71.0625,0.0
820,DE-V1-160,fast_moving,falling,2023-12-01,2024-01-01,1,12.0,69.75,57.75,57.75,0.0
820,DE-V1-160,fast_moving,falling,2023-12-01,2024-02-01,2,30.5,63.375,32.875,32.875,0.0
820,DE-V1-160,fast_moving,falling,2023-12-01,2024-03-01,3,8.5,66.5625,58.0625,58.0625,0.0
820,DE-V1-160,fast_moving,falling,2023-12-01,2024-04-01,4,50.5,64.96875,14.46875,14.46875,0.0
820,DE-V1-160,fast_moving,falling,2023-12-01,2024-04-01,40,101.5,264.65625,163.15625,163.15625,0.0
820,DE-V1-160,fast_moving,falling,2024-01-01,2024-02-01,1,30.5,34.5,4.0,4.0,0.0
820,DE-V1-160,fast_moving,falling,2024-01-01,2024-03-01,2,8.5,23.25,14.75,14.75,0.0
820,DE-V1-160,fast_moving,falling,2024-01-01,2024-04-01,3,50.5,17.625,-32.875,32.875,32.875
820,DE-V1-160,fast_moving,falling,2024-01-01,2024-05-01,4,94.0,20.4375,-73.5625,73.5625,73.5625
820,DE-V1-160,fast_moving,falling,2024-01-01,2024-05-01,40,183.5,95.8125,-87.6875,87.6875,87.6875
820,DE-V1-160,fast_moving,falling,2024-02-01,2024-03-01,1,8.5,21.25,12.75,12.75,0.0
820,DE-V1-160,fast_moving,falling,2024-02-01,2024-04-01,2,50.5,16.625,-33.875,33.875,33.875
820,DE-V1-160,fast_moving,falling,2024-02-01,2024-05-01,3,94.0,18.9375,-75.0625,75.0625,75.0625
820,DE-V1-160,fast_moving,falling,2024-02-01,2024-06-01,4,34.0,17.78125,-16.21875,16.21875,16.21875
820,DE-V1-160,fast_moving,falling,2024-02-01,2024-06-01,40,187.0,74.59375,-112.40625,112.40625,112.40625
820,DE-V1-160,fast_moving,falling,2024-03-01,2024-04-01,1,50.5,10.25,-40.25,40.25,40.25
820,DE-V1-160,fast_moving,falling,2024-03-01,2024-05-01,2,94.0,9.375,-84.625,84.625,84.625
820,DE-V1-160,fast_moving,falling,2024-03-01,2024-06-01,3,34.0,8.9375,-25.0625,25.0625,25.0625
820,DE-V1-160,fast_moving,falling,2024-03-01,2024-07-01,4,19.0,9.15625,-9.84375,9.84375,9.84375
820,DE-V1-160,fast_moving,falling,2024-03-01,2024-07-01,40,197.5,37.71875,-159.78125,159.78125,159.78125
820,DE-V1-160,fast_moving,falling,2024-04-01,2024-05-01,1,94.0,19.5,-74.5,74.5,74.5
820,DE-V1-160,fast_moving,falling,2024-04-01,2024-06-01,2,34.0,14.0,-20.0,20.0,20.0
820,DE-V1-160,fast_moving,falling,2024-04-01,2024-07-01,3,19.0,16.75,-2.25,2.25,2.25
820,DE-V1-160,fast_moving,falling,2024-04-01,2024-08-01,4,42.0,15.375,-26.625,26.625,26.625
820,DE-V1-160,fast_moving,falling,2024-04-01,2024-08-01,40,189.0,65.625,-123.375,123.375,123.375
820,DE-V1-160,fast_moving,falling,2024-05-01,2024-06-01,1,34.0,29.5,-4.5,4.5,4.5
820,DE-V1-160,fast_moving,falling,2024-05-01,2024-07-01,2,19.0,40.0,21.0,21.0,0.0
820,DE-V1-160,fast_moving,falling,2024-05-01,2024-08-01,3,42.0,34.75,-7.25,7.25,7.25
820,DE-V1-160,fast_moving,falling,2024-05-01,2024-09-01,4,2.0,32.125,30.125,30.125,0.0
820,DE-V1-160,fast_moving,falling,2024-05-01,2024-09-01,40,97.0,136.375,39.375,39.375,0.0
820,DE-V1-160,falling,falling,2024-06-01,2024-07-01,1,19.0,42.25,23.25,23.25,0.0
820,DE-V1-160,falling,falling,2024-06-01,2024-08-01,2,42.0,38.125,-3.875,3.875,3.875
820,DE-V1-160,falling,falling,2024-06-01,2024-09-01,3,2.0,36.0625,34.0625,34.0625,0.0
820,DE-V1-160,falling,falling,2024-06-01,2024-10-01,4,57.5,37.09375,-20.40625,20.40625,20.40625
820,DE-V1-160,falling,falling,2024-06-01,2024-10-01,40,120.5,153.53125,33.03125,33.03125,0.0
820,DE-V1-160,falling,falling,2024-07-01,2024-08-01,1,42.0,26.5,-15.5,15.5,15.5
820,DE-V1-160,falling,falling,2024-07-01,2024-09-01,2,2.0,22.75,20.75,20.75,0.0
820,DE-V1-160,falling,falling,2024-07-01,2024-10-01,3,57.5,20.875,-36.625,36.625,36.625
820,DE-V1-160,falling,falling,2024-07-01,2024-11-01,4,46.0,21.8125,-24.1875,24.1875,24.1875
820,DE-V1-160,falling,falling,2024-07-01,2024-11-01,40,147.5,91.9375,-55.5625,55.5625,55.5625
820,DE-V1-160,fast_moving,falling,2024-08-01,2024-09-01,1,2.0,26.5,24.5,24.5,0.0
820,DE-V1-160,fast_moving,falling,2024-08-01,2024-10-01,2,57.5,22.75,-34.75,34.75,34.75
820,DE-V1-160,fast_moving,falling,2024-08-01,2024-11-01,3,46.0,24.625,-21.375,21.375,21.375
820,DE-V1-160,fast_moving,falling,2024-08-01,2024-12-01,4,15.5,23.6875,8.1875,8.1875,0.0
820,DE-V1-160,fast_moving,falling,2024-08-01,2024-12-01,40,121.0,97.5625,-23.4375,23.4375,23.4375
820,DE-V1-160,fast_moving,falling,2024-09-01,2024-10-01,1,57.5,10.5,-47.0,47.0,47.0
820,DE-V1-160,fast_moving,falling,2024-09-01,2024-11-01,2,46.0,6.25,-39.75,39.75,39.75
820,DE-V1-160,fast_moving,falling,2024-09-01,2024-12-01,3,15.5,4.125,-11.375,11.375,11.375
820,DE-V1-160,fast_moving,falling,2024-09-01,2025-01-01,4,33.5,5.1875,-28.3125,28.3125,28.3125
820,DE-V1-160,fast_moving,falling,2024-09-01,2025-01-01,40,152.5,26.0625,-126.4375,126.4375,126.4375
820,DE-V1-160,fast_moving,falling,2024-10-01,2024-11-01,1,46.0,22.0,-24.0,24.0,24.0
820,DE-V1-160,fast_moving,falling,2024-10-01,2024-12-01,2,15.5,12.0,-3.5,3.5,3.5
820,DE-V1-160,fast_moving,falling,2024-10-01,2025-01-01,3,33.5,17.0,-16.5,16.5,16.5
820,DE-V1-160,fast_moving,falling,2024-10-01,2025-02-01,4,180.0,14.5,-165.5,165.5,165.5
820,DE-V1-160,fast_moving,falling,2024-10-01,2025-02-01,40,275.0,65.5,-209.5,209.5,209.5
820,DE-V1-160,falling,falling,2024-11-01,2024-12-01,1,15.5,24.0,8.5,8.5,0.0
820,DE-V1-160,falling,falling,2024-11-01,2025-01-01,2,33.5,35.0,1.5,1.5,0.0
820,DE-V1-160,falling,falling,2024-11-01,2025-02-01,3,180.0,29.5,-150.5,150.5,150.5
820,DE-V1-160,falling,falling,2024-11-01,2025-03-01,4,41.0,26.75,-14.25,14.25,14.25
820,DE-V1-160,falling,falling,2024-11-01,2025-03-01,40,270.0,115.25,-154.75,154.75,154.75
820,DE-V1-160,stable/normal,falling,2024-12-01,2025-01-01,1,33.5,30.75,-2.75,2.75,2.75
820,DE-V1-160,stable/normal,falling,2024-12-01,2025-02-01,2,180.0,23.125,-156.875,156.875,156.875
820,DE-V1-160,stable/normal,falling,2024-12-01,2025-03-01,3,41.0,19.3125,-21.6875,21.6875,21.6875
820,DE-V1-160,stable/normal,falling,2024-12-01,2025-04-01,4,124.5,21.21875,-103.28125,103.28125,103.28125
820,DE-V1-160,stable/normal,falling,2024-12-01,2025-04-01,40,379.0,94.40625,-284.59375,284.59375,284.59375
820,DE-V1-160,stable/normal,falling,2025-01-01,2025-02-01,1,180.0,24.5,-155.5,155.5,155.5
820,DE-V1-160,stable/normal,falling,2025-01-01,2025-03-01,2,41.0,20.0,-21.0,21.0,21.0
820,DE-V1-160,stable/normal,falling,2025-01-01,2025-04-01,3,124.5,22.25,-102.25,102.25,102.25
820,DE-V1-160,stable/normal,falling,2025-01-01,2025-05-01,4,61.0,21.125,-39.875,39.875,39.875
820,DE-V1-160,stable/normal,falling,2025-01-01,2025-05-01,40,406.5,87.875,-318.625,318.625,318.625
820,DE-V1-160,fast_moving,falling,2025-02-01,2025-03-01,1,41.0,24.5,-16.5,16.5,16.5
820,DE-V1-160,fast_moving,falling,2025-02-01,2025-04-01,2,124.5,29.0,-95.5,95.5,95.5
820,DE-V1-160,fast_moving,falling,2025-02-01,2025-05-01,3,61.0,26.75,-34.25,34.25,34.25
820,DE-V1-160,fast_moving,falling,2025-02-01,2025-06-01,4,11.0,25.625,14.625,14.625,0.0
820,DE-V1-160,fast_moving,falling,2025-02-01,2025-06-01,40,237.5,105.875,-131.625,131.625,131.625
820,DE-V1-160,fast_moving,falling,2025-03-01,2025-04-01,1,124.5,37.25,-87.25,87.25,87.25
820,DE-V1-160,fast_moving,falling,2025-03-01,2025-05-01,2,61.0,39.125,-21.875,21.875,21.875
820,DE-V1-160,fast_moving,falling,2025-03-01,2025-06-01,3,11.0,38.1875,27.1875,27.1875,0.0
820,DE-V1-160,fast_moving,falling,2025-03-01,2025-07-01,4,15.0,37.71875,22.71875,22.71875,0.0
820,DE-V1-160,fast_moving,falling,2025-03-01,2025-07-01,40,211.5,152.28125,-59.21875,59.21875,59.21875
820,DE-V1-160,fast_moving,falling,2025-04-01,2025-05-01,1,61.0,82.75,21.75,21.75,0.0
820,DE-V1-160,fast_moving,falling,2025-04-01,2025-06-01,2,11.0,61.875,50.875,50.875,0.0
820,DE-V1-160,fast_moving,falling,2025-04-01,2025-07-01,3,15.0,72.3125,57.3125,57.3125,0.0
820,DE-V1-160,fast_moving,falling,2025-04-01,2025-08-01,4,2.5,67.09375,64.59375,64.59375,0.0
820,DE-V1-160,fast_moving,falling,2025-04-01,2025-08-01,40,89.5,284.03125,194.53125,194.53125,0.0
820,DE-V1-160,fast_moving,falling,2025-05-01,2025-06-01,1,11.0,51.0,40.0,40.0,0.0
820,DE-V1-160,fast_moving,falling,2025-05-01,2025-07-01,2,15.0,56.0,41.0,41.0,0.0
820,DE-V1-160,fast_moving,falling,2025-05-01,2025-08-01,3,2.5,53.5,51.0,51.0,0.0
820,DE-V1-160,fast_moving,falling,2025-05-01,2025-09-01,4,1.0,52.25,51.25,51.25,0.0
820,DE-V1-160,fast_moving,falling,2025-05-01,2025-09-01,40,29.5,212.75,183.25,183.25,0.0
820,DE-V1-160,fast_moving,falling,2025-06-01,2025-07-01,1,15.0,36.0,21.0,21.0,0.0
820,DE-V1-160,fast_moving,falling,2025-06-01,2025-08-01,2,2.5,23.5,21.0,21.0,0.0
820,DE-V1-160,fast_moving,falling,2025-06-01,2025-09-01,3,1.0,17.25,16.25,16.25,0.0
820,DE-V1-160,fast_moving,falling,2025-06-01,2025-10-01,4,538.0,20.375,-517.625,517.625,517.625
820,DE-V1-160,fast_moving,falling,2025-06-01,2025-10-01,40,556.5,97.125,-459.375,459.375,459.375
820,DE-V1-160,fast_moving,falling,2025-07-01,2025-08-01,1,2.5,13.0,10.5,10.5,0.0
820,DE-V1-160,fast_moving,falling,2025-07-01,2025-09-01,2,1.0,12.0,11.0,11.0,0.0
820,DE-V1-160,fast_moving,falling,2025-07-01,2025-10-01,3,538.0,12.5,-525.5,525.5,525.5
820,DE-V1-160,fast_moving,falling,2025-07-01,2025-11-01,4,2.5,12.25,9.75,9.75,0.0
820,DE-V1-160,fast_moving,falling,2025-07-01,2025-11-01,40,544.0,49.75,-494.25,494.25,494.25
820,DE-V1-160,fast_moving,falling,2025-08-01,2025-09-01,1,1.0,6.75,5.75,5.75,0.0
820,DE-V1-160,fast_moving,falling,2025-08-01,2025-10-01,2,538.0,4.625,-533.375,533.375,533.375
820,DE-V1-160,fast_moving,falling,2025-08-01,2025-11-01,3,2.5,3.5625,1.0625,1.0625,0.0
820,DE-V1-160,fast_moving,falling,2025-08-01,2025-12-01,4,0.0,4.09375,4.09375,4.09375,0.0
820,DE-V1-160,fast_moving,falling,2025-08-01,2025-12-01,40,541.5,19.03125,-522.46875,522.46875,522.46875
820,DE-V1-160,falling,falling,2025-09-01,2025-10-01,1,538.0,1.75,-536.25,536.25,536.25
820,DE-V1-160,falling,falling,2025-09-01,2025-11-01,2,2.5,1.375,-1.125,1.125,1.125
820,DE-V1-160,falling,falling,2025-09-01,2025-12-01,3,0.0,1.1875,1.1875,1.1875,0.0
820,DE-V1-160,falling,falling,2025-09-01,2026-01-01,4,0.0,1.28125,1.28125,1.28125,0.0
820,DE-V1-160,falling,falling,2025-09-01,2026-01-01,40,540.5,5.59375,-534.90625,534.90625,534.90625
820,DE-V1-160,fast_moving,falling,2025-10-01,2025-11-01,1,2.5,1.75,-0.75,0.75,0.75
820,DE-V1-160,fast_moving,falling,2025-10-01,2025-12-01,2,0.0,1.375,1.375,1.375,0.0
820,DE-V1-160,fast_moving,falling,2025-10-01,2026-01-01,3,0.0,1.5625,1.5625,1.5625,0.0
820,DE-V1-160,fast_moving,falling,2025-10-01,2026-02-01,4,99.0,1.46875,-97.53125,97.53125,97.53125
820,DE-V1-160,fast_moving,falling,2025-10-01,2026-02-01,40,101.5,6.15625,-95.34375,95.34375,95.34375
820,DE-V1-160,fast_moving,falling,2025-11-01,2025-12-01,1,0.0,1.75,1.75,1.75,0.0
820,DE-V1-160,fast_moving,falling,2025-11-01,2026-01-01,2,0.0,2.125,2.125,2.125,0.0
820,DE-V1-160,fast_moving,falling,2025-11-01,2026-02-01,3,99.0,1.9375,-97.0625,97.0625,97.0625
820,DE-V1-160,fast_moving,falling,2025-11-01,2026-03-01,4,0.5,1.84375,1.34375,1.34375,0.0
820,DE-V1-160,fast_moving,falling,2025-11-01,2026-03-01,40,99.5,7.65625,-91.84375,91.84375,91.84375
820,DE-V1-160,fast_moving,falling,2025-12-01,2026-01-01,1,0.0,1.25,1.25,1.25,0.0
820,DE-V1-160,fast_moving,falling,2025-12-01,2026-02-01,2,99.0,0.625,-98.375,98.375,98.375
820,DE-V1-160,fast_moving,falling,2025-12-01,2026-03-01,3,0.5,0.3125,-0.1875,0.1875,0.1875
820,DE-V1-160,fast_moving,falling,2025-12-01,2026-04-01,4,0.0,0.46875,0.46875,0.46875,0.0
820,DE-V1-160,fast_moving,falling,2025-12-01,2026-04-01,40,99.5,2.65625,-96.84375,96.84375,96.84375
820,DE-V1-160,fast_moving,falling,2026-01-01,2026-02-01,1,99.0,0.0,-99.0,99.0,99.0
820,DE-V1-160,fast_moving,falling,2026-01-01,2026-03-01,2,0.5,0.0,-0.5,0.5,0.5
820,DE-V1-160,fast_moving,falling,2026-01-01,2026-04-01,3,0.0,0.0,0.0,0.0,0.0
820,DE-V1-160,fast_moving,falling,2026-01-01,2026-05-01,4,9.5,0.0,-9.5,9.5,9.5
820,DE-V1-160,fast_moving,falling,2026-01-01,2026-05-01,40,109.0,0.0,-109.0,109.0,109.0
820,DE-V1-160,fast_moving,falling,2026-02-01,2026-03-01,1,0.5,0.0,-0.5,0.5,0.5
820,DE-V1-160,fast_moving,falling,2026-02-01,2026-04-01,2,0.0,0.0,0.0,0.0,0.0
820,DE-V1-160,fast_moving,falling,2026-02-01,2026-05-01,3,9.5,0.0,-9.5,9.5,9.5
820,DE-V1-160,fast_moving,falling,2026-02-01,2026-06-01,4,2.0,0.0,-2.0,2.0,2.0
820,DE-V1-160,fast_moving,falling,2026-02-01,2026-06-01,40,12.0,0.0,-12.0,12.0,12.0
820,DE-V1-160,fast_moving,falling,2026-03-01,2026-04-01,1,0.0,0.25,0.25,0.25,0.0
820,DE-V1-160,fast_moving,falling,2026-03-01,2026-05-01,2,9.5,0.375,-9.125,9.125,9.125
820,DE-V1-160,fast_moving,falling,2026-03-01,2026-06-01,3,2.0,0.3125,-1.6875,1.6875,1.6875
820,DE-V1-160,fast_moving,falling,2026-03-01,2026-07-01,4,0.0,0.28125,0.28125,0.28125,0.0
820,DE-V1-160,fast_moving,falling,2026-03-01,2026-07-01,40,11.5,1.21875,-10.28125,10.28125,10.28125
820,DE-V1-160,falling,falling,2026-04-01,2026-05-01,1,9.5,0.25,-9.25,9.25,9.25
820,DE-V1-160,falling,falling,2026-04-01,2026-06-01,2,2.0,0.125,-1.875,1.875,1.875
820,DE-V1-160,falling,falling,2026-04-01,2026-07-01,3,0.0,0.0625,0.0625,0.0625,0.0
820,DE-V1-160,falling,falling,2026-04-01,2026-08-01,4,30.0,0.09375,-29.90625,29.90625,29.90625
820,DE-V1-160,falling,falling,2026-04-01,2026-08-01,40,41.5,0.53125,-40.96875,40.96875,40.96875
820,DE-V1-160,falling,falling,2026-05-01,2026-06-01,1,2.0,0.25,-1.75,1.75,1.75
820,DE-V1-160,falling,falling,2026-05-01,2026-07-01,2,0.0,0.125,0.125,0.125,0.0
820,DE-V1-160,falling,falling,2026-05-01,2026-08-01,3,30.0,0.1875,-29.8125,29.8125,29.8125
820,DE-V1-160,falling,falling,2026-05-01,2026-09-01,4,0.5,0.15625,-0.34375,0.34375,0.34375
820,DE-V1-160,falling,falling,2026-05-01,2026-09-01,40,32.5,0.71875,-31.78125,31.78125,31.78125
820,DE-V1-160,falling,falling,2026-06-01,2026-07-01,1,0.0,1.0,1.0,1.0,0.0
820,DE-V1-160,falling,falling,2026-06-01,2026-08-01,2,30.0,1.5,-28.5,28.5,28.5
820,DE-V1-160,falling,falling,2026-06-01,2026-09-01,3,0.5,1.25,0.75,0.75,0.0
820,DE-V1-160,falling,falling,2026-07-01,2026-08-01,1,30.0,1.0,-29.0,29.0,29.0
820,DE-V1-160,falling,falling,2026-07-01,2026-09-01,2,0.5,0.5,0.0,0.0,0.0
820,DE-V1-160,falling,falling,2026-08-01,2026-09-01,1,0.5,1.0,0.5,0.5,0.0
10692,393-22,fast_moving,fast_moving,2024-06-01,2024-07-01,1,81.5,20.0,-61.5,61.5,61.5
10692,393-22,fast_moving,fast_moving,2024-06-01,2024-08-01,2,0.0,19.0,19.0,19.0,0.0
10692,393-22,fast_moving,fast_moving,2024-06-01,2024-09-01,3,47.5,18.5,-29.0,29.0,29.0
10692,393-22,fast_moving,fast_moving,2024-06-01,2024-10-01,4,92.0,18.75,-73.25,73.25,73.25
10692,393-22,fast_moving,fast_moving,2024-06-01,2024-10-01,40,221.0,76.25,-144.75,144.75,144.75
10692,393-22,falling,fast_moving,2024-07-01,2024-08-01,1,0.0,44.75,44.75,44.75,0.0
10692,393-22,falling,fast_moving,2024-07-01,2024-09-01,2,47.5,31.375,-16.125,16.125,16.125
10692,393-22,falling,fast_moving,2024-07-01,2024-10-01,3,92.0,38.0625,-53.9375,53.9375,53.9375
10692,393-22,falling,fast_moving,2024-07-01,2024-11-01,4,75.0,34.71875,-40.28125,40.28125,40.28125
10692,393-22,falling,fast_moving,2024-07-01,2024-11-01,40,214.5,148.90625,-65.59375,65.59375,65.59375
10692,393-22,intermittent,fast_moving,2024-08-01,2024-09-01,1,47.5,9.0,-38.5,38.5,38.5
10692,393-22,intermittent,fast_moving,2024-08-01,2024-10-01,2,92.0,4.5,-87.5,87.5,87.5
10692,393-22,intermittent,fast_moving,2024-08-01,2024-11-01,3,75.0,2.25,-72.75,72.75,72.75
10692,393-22,intermittent,fast_moving,2024-08-01,2024-12-01,4,0.0,3.375,3.375,3.375,0.0
10692,393-22,intermittent,fast_moving,2024-08-01,2024-12-01,40,214.5,19.125,-195.375,195.375,195.375
10692,393-22,fast_moving,fast_moving,2024-09-01,2024-10-01,1,92.0,23.75,-68.25,68.25,68.25
10692,393-22,fast_moving,fast_moving,2024-09-01,2024-11-01,2,75.0,11.875,-63.125,63.125,63.125
10692,393-22,fast_moving,fast_moving,2024-09-01,2024-12-01,3,0.0,17.8125,17.8125,17.8125,0.0
10692,393-22,fast_moving,fast_moving,2024-09-01,2025-01-01,4,20.0,14.84375,-5.15625,5.15625,5.15625
10692,393-22,fast_moving,fast_moving,2024-09-01,2025-01-01,40,187.0,68.28125,-118.71875,118.71875,118.71875
10692,393-22,fast_moving,fast_moving,2024-10-01,2024-11-01,1,75.0,23.75,-51.25,51.25,51.25
10692,393-22,fast_moving,fast_moving,2024-10-01,2024-12-01,2,0.0,35.625,35.625,35.625,0.0
10692,393-22,fast_moving,fast_moving,2024-10-01,2025-01-01,3,20.0,29.6875,9.6875,9.6875,0.0
10692,393-22,fast_moving,fast_moving,2024-10-01,2025-02-01,4,56.0,26.71875,-29.28125,29.28125,29.28125
10692,393-22,fast_moving,fast_moving,2024-10-01,2025-02-01,40,151.0,115.78125,-35.21875,35.21875,35.21875
10692,393-22,fast_moving,fast_moving,2024-11-01,2024-12-01,1,0.0,61.25,61.25,61.25,0.0
10692,393-22,fast_moving,fast_moving,2024-11-01,2025-01-01,2,20.0,68.125,48.125,48.125,0.0
10692,393-22,fast_moving,fast_moving,2024-11-01,2025-02-01,3,56.0,64.6875,8.6875,8.6875,0.0
10692,393-22,fast_moving,fast_moving,2024-11-01,2025-03-01,4,0.0,62.96875,62.96875,62.96875,0.0
10692,393-22,fast_moving,fast_moving,2024-11-01,2025-03-01,40,76.0,257.03125,181.03125,181.03125,0.0
10692,393-22,fast_moving,fast_moving,2024-12-01,2025-01-01,1,20.0,37.5,17.5,17.5,0.0
10692,393-22,fast_moving,fast_moving,2024-12-01,2025-02-01,2,56.0,18.75,-37.25,37.25,37.25
10692,393-22,fast_moving,fast_moving,2024-12-01,2025-03-01,3,0.0,9.375,9.375,9.375,0.0
10692,393-22,fast_moving,fast_moving,2024-12-01,2025-04-01,4,99.5,14.0625,-85.4375,85.4375,85.4375
10692,393-22,fast_moving,fast_moving,2024-12-01,2025-04-01,40,175.5,79.6875,-95.8125,95.8125,95.8125
10692,393-22,stable/normal,fast_moving,2025-01-01,2025-02-01,1,56.0,10.0,-46.0,46.0,46.0
10692,393-22,stable/normal,fast_moving,2025-01-01,2025-03-01,2,0.0,5.0,5.0,5.0,0.0
10692,393-22,stable/normal,fast_moving,2025-01-01,2025-04-01,3,99.5,7.5,-92.0,92.0,92.0
10692,393-22,stable/normal,fast_moving,2025-01-01,2025-05-01,4,114.0,6.25,-107.75,107.75,107.75
10692,393-22,stable/normal,fast_moving,2025-01-01,2025-05-01,40,269.5,28.75,-240.75,240.75,240.75
10692,393-22,fast_moving,fast_moving,2025-02-01,2025-03-01,1,0.0,10.0,10.0,10.0,0.0
10692,393-22,fast_moving,fast_moving,2025-02-01,2025-04-01,2,99.5,15.0,-84.5,84.5,84.5
10692,393-22,fast_moving,fast_moving,2025-02-01,2025-05-01,3,114.0,12.5,-101.5,101.5,101.5
10692,393-22,fast_moving,fast_moving,2025-02-01,2025-06-01,4,1.0,11.25,10.25,10.25,0.0
10692,393-22,fast_moving,fast_moving,2025-02-01,2025-06-01,40,214.5,48.75,-165.75,165.75,165.75
10692,393-22,fast_moving,fast_moving,2025-03-01,2025-04-01,1,99.5,10.0,-89.5,89.5,89.5
10692,393-22,fast_moving,fast_moving,2025-03-01,2025-05-01,2,114.0,5.0,-109.0,109.0,109.0
10692,393-22,fast_moving,fast_moving,2025-03-01,2025-06-01,3,1.0,2.5,1.5,1.5,0.0
10692,393-22,fast_moving,fast_moving,2025-03-01,2025-07-01,4,132.5,3.75,-128.75,128.75,128.75
10692,393-22,fast_moving,fast_moving,2025-03-01,2025-07-01,40,347.0,21.25,-325.75,325.75,325.75
10692,393-22,fast_moving,fast_moving,2025-04-01,2025-05-01,1,114.0,28.0,-86.0,86.0,86.0
10692,393-22,fast_moving,fast_moving,2025-04-01,2025-06-01,2,1.0,14.0,13.0,13.0,0.0
10692,393-22,fast_moving,fast_moving,2025-04-01,2025-07-01,3,132.5,21.0,-111.5,111.5,111.5
10692,393-22,fast_moving,fast_moving,2025-04-01,2025-08-01,4,372.5,17.5,-355.0,355.0,355.0
10692,393-22,fast_moving,fast_moving,2025-04-01,2025-08-01,40,620.0,80.5,-539.5,539.5,539.5
10692,393-22,fast_moving,fast_moving,2025-05-01,2025-06-01,1,1.0,49.75,48.75,48.75,0.0
10692,393-22,fast_moving,fast_moving,2025-05-01,2025-07-01,2,132.5,74.625,-57.875,57.875,57.875
10692,393-22,fast_moving,fast_moving,2025-05-01,2025-08-01,3,372.5,62.1875,-310.3125,310.3125,310.3125
10692,393-22,fast_moving,fast_moving,2025-05-01,2025-09-01,4,127.5,55.96875,-71.53125,71.53125,71.53125
10692,393-22,fast_moving,fast_moving,2025-05-01,2025-09-01,40,633.5,242.53125,-390.96875,390.96875,390.96875
10692,393-22,fast_moving,fast_moving,2025-06-01,2025-07-01,1,132.5,50.25,-82.25,82.25,82.25
10692,393-22,fast_moving,fast_moving,2025-06-01,2025-08-01,2,372.5,25.625,-346.875,346.875,346.875
10692,393-22,fast_moving,fast_moving,2025-06-01,2025-09-01,3,127.5,13.3125,-114.1875,114.1875,114.1875
10692,393-22,fast_moving,fast_moving,2025-06-01,2025-10-01,4,77.5,19.46875,-58.03125,58.03125,58.03125
10692,393-22,fast_moving,fast_moving,2025-06-01,2025-10-01,40,710.0,108.65625,-601.34375,601.34375,601.34375
10692,393-22,fast_moving,fast_moving,2025-07-01,2025-08-01,1,372.5,57.5,-315.0,315.0,315.0
10692,393-22,fast_moving,fast_moving,2025-07-01,2025-09-01,2,127.5,29.25,-98.25,98.25,98.25
10692,393-22,fast_moving,fast_moving,2025-07-01,2025-10-01,3,77.5,43.375,-34.125,34.125,34.125
10692,393-22,fast_moving,fast_moving,2025-07-01,2025-11-01,4,71.0,36.3125,-34.6875,34.6875,34.6875
10692,393-22,fast_moving,fast_moving,2025-07-01,2025-11-01,40,648.5,166.4375,-482.0625,482.0625,482.0625
10692,393-22,fast_moving,fast_moving,2025-08-01,2025-09-01,1,127.5,66.75,-60.75,60.75,60.75
10692,393-22,fast_moving,fast_moving,2025-08-01,2025-10-01,2,77.5,99.625,22.125,22.125,0.0
10692,393-22,fast_moving,fast_moving,2025-08-01,2025-11-01,3,71.0,83.1875,12.1875,12.1875,0.0
10692,393-22,fast_moving,fast_moving,2025-08-01,2025-12-01,4,117.5,74.96875,-42.53125,42.53125,42.53125
10692,393-22,fast_moving,fast_moving,2025-08-01,2025-12-01,40,393.5,324.53125,-68.96875,68.96875,68.96875
10692,393-22,fast_moving,fast_moving,2025-09-01,2025-10-01,1,77.5,130.0,52.5,52.5,0.0
10692,393-22,fast_moving,fast_moving,2025-09-01,2025-11-01,2,71.0,128.75,57.75,57.75,0.0
10692,393-22,fast_moving,fast_moving,2025-09-01,2025-12-01,3,117.5,128.125,10.625,10.625,0.0
10692,393-22,fast_moving,fast_moving,2025-09-01,2026-01-01,4,15.0,128.4375,113.4375,113.4375,0.0
10692,393-22,fast_moving,fast_moving,2025-09-01,2026-01-01,40,281.0,515.3125,234.3125,234.3125,0.0
10692,393-22,fast_moving,fast_moving,2025-10-01,2025-11-01,1,71.0,102.5,31.5,31.5,0.0
10692,393-22,fast_moving,fast_moving,2025-10-01,2025-12-01,2,117.5,90.0,-27.5,27.5,27.5
10692,393-22,fast_moving,fast_moving,2025-10-01,2026-01-01,3,15.0,83.75,68.75,68.75,0.0
10692,393-22,fast_moving,fast_moving,2025-10-01,2026-02-01,4,253.5,86.875,-166.625,166.625,166.625
10692,393-22,fast_moving,fast_moving,2025-10-01,2026-02-01,40,457.0,363.125,-93.875,93.875,93.875
10692,393-22,fast_moving,fast_moving,2025-11-01,2025-12-01,1,117.5,74.25,-43.25,43.25,43.25
10692,393-22,fast_moving,fast_moving,2025-11-01,2026-01-01,2,15.0,72.625,57.625,57.625,0.0
10692,393-22,fast_moving,fast_moving,2025-11-01,2026-02-01,3,253.5,71.8125,-181.6875,181.6875,181.6875
10692,393-22,fast_moving,fast_moving,2025-11-01,2026-03-01,4,0.0,72.21875,72.21875,72.21875,0.0
10692,393-22,fast_moving,fast_moving,2025-11-01,2026-03-01,40,386.0,290.90625,-95.09375,95.09375,95.09375
10692,393-22,fast_moving,fast_moving,2025-12-01,2026-01-01,1,15.0,74.25,59.25,59.25,0.0
10692,393-22,fast_moving,fast_moving,2025-12-01,2026-02-01,2,253.5,72.625,-180.875,180.875,180.875
10692,393-22,fast_moving,fast_moving,2025-12-01,2026-03-01,3,0.0,73.4375,73.4375,73.4375,0.0
10692,393-22,fast_moving,fast_moving,2025-12-01,2026-04-01,4,2.0,73.03125,71.03125,71.03125,0.0
10692,393-22,fast_moving,fast_moving,2025-12-01,2026-04-01,40,270.5,293.34375,22.84375,22.84375,0.0
10692,393-22,fast_moving,fast_moving,2026-01-01,2026-02-01,1,253.5,43.0,-210.5,210.5,210.5
10692,393-22,fast_moving,fast_moving,2026-01-01,2026-03-01,2,0.0,29.0,29.0,29.0,0.0
10692,393-22,fast_moving,fast_moving,2026-01-01,2026-04-01,3,2.0,22.0,20.0,20.0,0.0
10692,393-22,fast_moving,fast_moving,2026-01-01,2026-05-01,4,47.5,25.5,-22.0,22.0,22.0
10692,393-22,fast_moving,fast_moving,2026-01-01,2026-05-01,40,303.0,119.5,-183.5,183.5,183.5
10692,393-22,fast_moving,fast_moving,2026-02-01,2026-03-01,1,0.0,66.25,66.25,66.25,0.0
10692,393-22,fast_moving,fast_moving,2026-02-01,2026-04-01,2,2.0,40.625,38.625,38.625,0.0
10692,393-22,fast_moving,fast_moving,2026-02-01,2026-05-01,3,47.5,53.4375,5.9375,5.9375,0.0
10692,393-22,fast_moving,fast_moving,2026-02-01,2026-06-01,4,350.5,47.03125,-303.46875,303.46875,303.46875
10692,393-22,fast_moving,fast_moving,2026-02-01,2026-06-01,40,400.0,207.34375,-192.65625,192.65625,192.65625
10692,393-22,fast_moving,fast_moving,2026-03-01,2026-04-01,1,2.0,7.5,5.5,5.5,0.0
10692,393-22,fast_moving,fast_moving,2026-03-01,2026-05-01,2,47.5,3.75,-43.75,43.75,43.75
10692,393-22,fast_moving,fast_moving,2026-03-01,2026-06-01,3,350.5,1.875,-348.625,348.625,348.625
10692,393-22,fast_moving,fast_moving,2026-03-01,2026-07-01,4,5.0,2.8125,-2.1875,2.1875,2.1875
10692,393-22,fast_moving,fast_moving,2026-03-01,2026-07-01,40,405.0,15.9375,-389.0625,389.0625,389.0625
10692,393-22,fast_moving,fast_moving,2026-04-01,2026-05-01,1,47.5,1.0,-46.5,46.5,46.5
10692,393-22,fast_moving,fast_moving,2026-04-01,2026-06-01,2,350.5,0.5,-350.0,350.0,350.0
10692,393-22,fast_moving,fast_moving,2026-04-01,2026-07-01,3,5.0,0.75,-4.25,4.25,4.25
10692,393-22,fast_moving,fast_moving,2026-04-01,2026-08-01,4,40.0,0.625,-39.375,39.375,39.375
10692,393-22,fast_moving,fast_moving,2026-04-01,2026-08-01,40,443.0,2.875,-440.125,440.125,440.125
10692,393-22,fast_moving,fast_moving,2026-05-01,2026-06-01,1,350.5,1.0,-349.5,349.5,349.5
10692,393-22,fast_moving,fast_moving,2026-05-01,2026-07-01,2,5.0,1.5,-3.5,3.5,3.5
10692,393-22,fast_moving,fast_moving,2026-05-01,2026-08-01,3,40.0,1.25,-38.75,38.75,38.75
10692,393-22,fast_moving,fast_moving,2026-05-01,2026-09-01,4,63.0,1.125,-61.875,61.875,61.875
10692,393-22,fast_moving,fast_moving,2026-05-01,2026-09-01,40,458.5,4.875,-453.625,453.625,453.625
10692,393-22,fast_moving,fast_moving,2026-06-01,2026-07-01,1,5.0,24.75,19.75,19.75,0.0
10692,393-22,fast_moving,fast_moving,2026-06-01,2026-08-01,2,40.0,36.125,-3.875,3.875,3.875
10692,393-22,fast_moving,fast_moving,2026-06-01,2026-09-01,3,63.0,30.4375,-32.5625,32.5625,32.5625
10692,393-22,fast_moving,fast_moving,2026-07-01,2026-08-01,1,40.0,26.25,-13.75,13.75,13.75
10692,393-22,fast_moving,fast_moving,2026-07-01,2026-09-01,2,63.0,15.625,-47.375,47.375,47.375
10692,393-22,fast_moving,fast_moving,2026-08-01,2026-09-01,1,63.0,22.5,-40.5,40.5,40.5
10693,393-23,fast_moving,falling,2024-06-01,2024-07-01,1,25.0,2.75,-22.25,22.25,22.25
10693,393-23,fast_moving,falling,2024-06-01,2024-08-01,2,35.0,4.125,-30.875,30.875,30.875
10693,393-23,fast_moving,falling,2024-06-01,2024-09-01,3,0.0,3.4375,3.4375,3.4375,0.0
10693,393-23,fast_moving,falling,2024-06-01,2024-10-01,4,52.0,3.09375,-48.90625,48.90625,48.90625
10693,393-23,fast_moving,falling,2024-06-01,2024-10-01,40,112.0,13.40625,-98.59375,98.59375,98.59375
10693,393-23,fast_moving,falling,2024-07-01,2024-08-01,1,35.0,15.25,-19.75,19.75,19.75
10693,393-23,fast_moving,falling,2024-07-01,2024-09-01,2,0.0,20.125,20.125,20.125,0.0
10693,393-23,fast_moving,falling,2024-07-01,2024-10-01,3,52.0,17.6875,-34.3125,34.3125,34.3125
10693,393-23,fast_moving,falling,2024-07-01,2024-11-01,4,19.5,16.46875,-3.03125,3.03125,3.03125
10693,393-23,fast_moving,falling,2024-07-01,2024-11-01,40,106.5,69.53125,-36.96875,36.96875,36.96875
10693,393-23,falling,falling,2024-08-01,2024-09-01,1,0.0,30.0,30.0,30.0,0.0
10693,393-23,falling,falling,2024-08-01,2024-10-01,2,52.0,27.5,-24.5,24.5,24.5
10693,393-23,falling,falling,2024-08-01,2024-11-01,3,19.5,28.75,9.25,9.25,0.0
10693,393-23,falling,falling,2024-08-01,2024-12-01,4,98.0,28.125,-69.875,69.875,69.875
10693,393-23,falling,falling,2024-08-01,2024-12-01,40,169.5,114.375,-55.125,55.125,55.125
10693,393-23,intermittent,falling,2024-09-01,2024-10-01,1,52.0,12.5,-39.5,39.5,39.5
10693,393-23,intermittent,falling,2024-09-01,2024-11-01,2,19.5,6.25,-13.25,13.25,13.25
10693,393-23,intermittent,falling,2024-09-01,2024-12-01,3,98.0,3.125,-94.875,94.875,94.875
10693,393-23,intermittent,falling,2024-09-01,2025-01-01,4,131.0,4.6875,-126.3125,126.3125,126.3125
10693,393-23,intermittent,falling,2024-09-01,2025-01-01,40,300.5,26.5625,-273.9375,273.9375,273.9375
10693,393-23,falling,falling,2024-10-01,2024-11-01,1,19.5,17.5,-2.0,2.0,2.0
10693,393-23,falling,falling,2024-10-01,2024-12-01,2,98.0,8.75,-89.25,89.25,89.25
10693,393-23,falling,falling,2024-10-01,2025-01-01,3,131.0,13.125,-117.875,117.875,117.875
10693,393-23,falling,falling,2024-10-01,2025-02-01,4,95.5,10.9375,-84.5625,84.5625,84.5625
10693,393-23,falling,falling,2024-10-01,2025-02-01,40,344.0,50.3125,-293.6875,293.6875,293.6875
10693,393-23,falling,falling,2024-11-01,2024-12-01,1,98.0,9.75,-88.25,88.25,88.25
10693,393-23,falling,falling,2024-11-01,2025-01-01,2,131.0,14.625,-116.375,116.375,116.375
10693,393-23,falling,falling,2024-11-01,2025-02-01,3,95.5,12.1875,-83.3125,83.3125,83.3125
10693,393-23,falling,falling,2024-11-01,2025-03-01,4,186.5,10.96875,-175.53125,175.53125,175.53125
10693,393-23,falling,falling,2024-11-01,2025-03-01,40,511.0,47.53125,-463.46875,463.46875,463.46875
10693,393-23,falling,falling,2024-12-01,2025-01-01,1,131.0,35.75,-95.25,95.25,95.25
10693,393-23,falling,falling,2024-12-01,2025-02-01,2,95.5,27.625,-67.875,67.875,67.875
10693,393-23,falling,falling,2024-12-01,2025-03-01,3,186.5,31.6875,-154.8125,154.8125,154.8125
10693,393-23,falling,falling,2024-12-01,2025-04-01,4,0.0,29.65625,29.65625,29.65625,0.0
10693,393-23,falling,falling,2024-12-01,2025-04-01,40,413.0,124.71875,-288.28125,288.28125,288.28125
10693,393-23,fast_moving,falling,2025-01-01,2025-02-01,1,95.5,58.75,-36.75,36.75,36.75
10693,393-23,fast_moving,falling,2025-01-01,2025-03-01,2,186.5,78.375,-108.125,108.125,108.125
10693,393-23,fast_moving,falling,2025-01-01,2025-04-01,3,0.0,68.5625,68.5625,68.5625,0.0
10693,393-23,fast_moving,falling,2025-01-01,2025-05-01,4,174.5,63.65625,-110.84375,110.84375,110.84375
10693,393-23,fast_moving,falling,2025-01-01,2025-05-01,40,456.5,269.34375,-187.15625,187.15625,187.15625
10693,393-23,fast_moving,falling,2025-02-01,2025-03-01,1,186.5,96.75,-89.75,89.75,89.75
10693,393-23,fast_moving,falling,2025-02-01,2025-04-01,2,0.0,96.125,96.125,96.125,0.0
10693,393-23,fast_moving,falling,2025-02-01,2025-05-01,3,174.5,95.8125,-78.6875,78.6875,78.6875
10693,393-23,fast_moving,falling,2025-02-01,2025-06-01,4,0.0,95.96875,95.96875,95.96875,0.0
10693,393-23,fast_moving,falling,2025-02-01,2025-06-01,40,361.0,384.65625,23.65625,23.65625,0.0
10693,393-23,fast_moving,falling,2025-03-01,2025-04-01,1,0.0,113.25,113.25,113.25,0.0
10693,393-23,fast_moving,falling,2025-03-01,2025-05-01,2,174.5,104.375,-70.125,70.125,70.125
10693,393-23,fast_moving,falling,2025-03-01,2025-06-01,3,0.0,108.8125,108.8125,108.8125,0.0
10693,393-23,fast_moving,falling,2025-03-01,2025-07-01,4,96.5,106.59375,10.09375,10.09375,0.0
10693,393-23,fast_moving,falling,2025-03-01,2025-07-01,40,271.0,433.03125,162.03125,162.03125,0.0
10693,393-23,fast_moving,falling,2025-04-01,2025-05-01,1,174.5,47.75,-126.75,126.75,126.75
10693,393-23,fast_moving,falling,2025-04-01,2025-06-01,2,0.0,23.875,23.875,23.875,0.0
10693,393-23,fast_moving,falling,2025-04-01,2025-07-01,3,96.5,11.9375,-84.5625,84.5625,84.5625
10693,393-23,fast_moving,falling,2025-04-01,2025-08-01,4,41.0,17.90625,-23.09375,23.09375,23.09375
10693,393-23,fast_moving,falling,2025-04-01,2025-08-01,40,312.0,101.46875,-210.53125,210.53125,210.53125
10693,393-23,fast_moving,falling,2025-05-01,2025-06-01,1,0.0,87.25,87.25,87.25,0.0
10693,393-23,fast_moving,falling,2025-05-01,2025-07-01,2,96.5,43.625,-52.875,52.875,52.875
10693,393-23,fast_moving,falling,2025-05-01,2025-08-01,3,41.0,65.4375,24.4375,24.4375,0.0
10693,393-23,fast_moving,falling,2025-05-01,2025-09-01,4,265.0,54.53125,-210.46875,210.46875,210.46875
10693,393-23,fast_moving,falling,2025-05-01,2025-09-01,40,402.5,250.84375,-151.65625,151.65625,151.65625
10693,393-23,fast_moving,falling,2025-06-01,2025-07-01,1,96.5,0.0,-96.5,96.5,96.5
10693,393-23,fast_moving,falling,2025-06-01,2025-08-01,2,41.0,0.0,-41.0,41.0,41.0
10693,393-23,fast_moving,falling,2025-06-01,2025-09-01,3,265.0,0.0,-265.0,265.0,265.0
10693,393-23,fast_moving,falling,2025-06-01,2025-10-01,4,241.5,0.0,-241.5,241.5,241.5
10693,393-23,fast_moving,falling,2025-06-01,2025-10-01,40,644.0,0.0,-644.0,644.0,644.0
10693,393-23,fast_moving,falling,2025-07-01,2025-08-01,1,41.0,48.25,7.25,7.25,0.0
10693,393-23,fast_moving,falling,2025-07-01,2025-09-01,2,265.0,24.125,-240.875,240.875,240.875
10693,393-23,fast_moving,falling,2025-07-01,2025-10-01,3,241.5,36.1875,-205.3125,205.3125,205.3125
10693,393-23,fast_moving,falling,2025-07-01,2025-11-01,4,64.0,30.15625,-33.84375,33.84375,33.84375
10693,393-23,fast_moving,falling,2025-07-01,2025-11-01,40,611.5,138.71875,-472.78125,472.78125,472.78125
10693,393-23,fast_moving,falling,2025-08-01,2025-09-01,1,265.0,20.5,-244.5,244.5,244.5
10693,393-23,fast_moving,falling,2025-08-01,2025-10-01,2,241.5,30.75,-210.75,210.75,210.75
10693,393-23,fast_moving,falling,2025-08-01,2025-11-01,3,64.0,25.625,-38.375,38.375,38.375
10693,393-23,fast_moving,falling,2025-08-01,2025-12-01,4,19.5,23.0625,3.5625,3.5625,0.0
10693,393-23,fast_moving,falling,2025-08-01,2025-12-01,40,590.0,99.9375,-490.0625,490.0625,490.0625
10693,393-23,fast_moving,falling,2025-09-01,2025-10-01,1,241.5,68.75,-172.75,172.75,172.75
10693,393-23,fast_moving,falling,2025-09-01,2025-11-01,2,64.0,54.875,-9.125,9.125,9.125
10693,393-23,fast_moving,falling,2025-09-01,2025-12-01,3,19.5,61.8125,42.3125,42.3125,0.0
10693,393-23,fast_moving,falling,2025-09-01,2026-01-01,4,274.5,58.34375,-216.15625,216.15625,216.15625
10693,393-23,fast_moving,falling,2025-09-01,2026-01-01,40,599.5,243.78125,-355.71875,355.71875,355.71875
10693,393-23,fast_moving,falling,2025-10-01,2025-11-01,1,64.0,141.25,77.25,77.25,0.0
10693,393-23,fast_moving,falling,2025-10-01,2025-12-01,2,19.5,191.375,171.875,171.875,0.0
10693,393-23,fast_moving,falling,2025-10-01,2026-01-01,3,274.5,166.3125,-108.1875,108.1875,108.1875
10693,393-23,fast_moving,falling,2025-10-01,2026-02-01,4,133.0,153.78125,20.78125,20.78125,0.0
10693,393-23,fast_moving,falling,2025-10-01,2026-02-01,40,491.0,652.71875,161.71875,161.71875,0.0
10693,393-23,fast_moving,falling,2025-11-01,2025-12-01,1,19.5,152.75,133.25,133.25,0.0
10693,393-23,fast_moving,falling,2025-11-01,2026-01-01,2,274.5,108.375,-166.125,166.125,166.125
10693,393-23,fast_moving,falling,2025-11-01,2026-02-01,3,133.0,86.1875,-46.8125,46.8125,46.8125
10693,393-23,fast_moving,falling,2025-11-01,2026-03-01,4,19.0,97.28125,78.28125,78.28125,0.0
10693,393-23,fast_moving,falling,2025-11-01,2026-03-01,40,446.0,444.59375,-1.40625,1.40625,1.40625
10693,393-23,fast_moving,falling,2025-12-01,2026-01-01,1,274.5,41.75,-232.75,232.75,232.75
10693,393-23,fast_moving,falling,2025-12-01,2026-02-01,2,133.0,30.625,-102.375,102.375,102.375
10693,393-23,fast_moving,falling,2025-12-01,2026-03-01,3,19.0,25.0625,6.0625,6.0625,0.0
10693,393-23,fast_moving,falling,2025-12-01,2026-04-01,4,0.0,27.84375,27.84375,27.84375,0.0
10693,393-23,fast_moving,falling,2025-12-01,2026-04-01,40,426.5,125.28125,-301.21875,301.21875,301.21875
10693,393-23,fast_moving,falling,2026-01-01,2026-02-01,1,133.0,41.75,-91.25,91.25,91.25
10693,393-23,fast_moving,falling,2026-01-01,2026-03-01,2,19.0,30.625,11.625,11.625,0.0
10693,393-23,fast_moving,falling,2026-01-01,2026-04-01,3,0.0,36.1875,36.1875,36.1875,0.0
10693,393-23,fast_moving,falling,2026-01-01,2026-05-01,4,0.0,33.40625,33.40625,33.40625,0.0
10693,393-23,fast_moving,falling,2026-01-01,2026-05-01,40,152.0,141.96875,-10.03125,10.03125,10.03125
10693,393-23,fast_moving,falling,2026-02-01,2026-03-01,1,19.0,76.25,57.25,57.25,0.0
10693,393-23,fast_moving,falling,2026-02-01,2026-04-01,2,0.0,104.625,104.625,104.625,0.0
10693,393-23,fast_moving,falling,2026-02-01,2026-05-01,3,0.0,90.4375,90.4375,90.4375,0.0
10693,393-23,fast_moving,falling,2026-02-01,2026-06-01,4,0.0,83.34375,83.34375,83.34375,0.0
10693,393-23,fast_moving,falling,2026-02-01,2026-06-01,40,19.0,354.65625,335.65625,335.65625,0.0
10693,393-23,fast_moving,falling,2026-03-01,2026-04-01,1,0.0,76.0,76.0,76.0,0.0
10693,393-23,fast_moving,falling,2026-03-01,2026-05-01,2,0.0,47.5,47.5,47.5,0.0
10693,393-23,fast_moving,falling,2026-03-01,2026-06-01,3,0.0,33.25,33.25,33.25,0.0
10693,393-23,fast_moving,falling,2026-03-01,2026-07-01,4,0.0,40.375,40.375,40.375,0.0
10693,393-23,fast_moving,falling,2026-03-01,2026-07-01,40,0.0,197.125,197.125,197.125,0.0
10693,393-23,fast_moving,falling,2026-04-01,2026-05-01,1,0.0,9.5,9.5,9.5,0.0
10693,393-23,fast_moving,falling,2026-04-01,2026-06-01,2,0.0,4.75,4.75,4.75,0.0
10693,393-23,fast_moving,falling,2026-04-01,2026-07-01,3,0.0,2.375,2.375,2.375,0.0
10693,393-23,fast_moving,falling,2026-04-01,2026-08-01,4,85.0,3.5625,-81.4375,81.4375,81.4375
10693,393-23,fast_moving,falling,2026-04-01,2026-08-01,40,85.0,20.1875,-64.8125,64.8125,64.8125
10693,393-23,fast_moving,falling,2026-05-01,2026-06-01,1,0.0,0.0,0.0,0.0,0.0
10693,393-23,fast_moving,falling,2026-05-01,2026-07-01,2,0.0,0.0,0.0,0.0,0.0
10693,393-23,fast_moving,falling,2026-05-01,2026-08-01,3,85.0,0.0,-85.0,85.0,85.0
10693,393-23,fast_moving,falling,2026-05-01,2026-09-01,4,130.0,0.0,-130.0,130.0,130.0
10693,393-23,fast_moving,falling,2026-05-01,2026-09-01,40,215.0,0.0,-215.0,215.0,215.0
10693,393-23,fast_moving,falling,2026-06-01,2026-07-01,1,0.0,0.0,0.0,0.0,0.0
10693,393-23,fast_moving,falling,2026-06-01,2026-08-01,2,85.0,0.0,-85.0,85.0,85.0
10693,393-23,fast_moving,falling,2026-06-01,2026-09-01,3,130.0,0.0,-130.0,130.0,130.0
10693,393-23,falling,falling,2026-07-01,2026-08-01,1,85.0,0.0,-85.0,85.0,85.0
10693,393-23,falling,falling,2026-07-01,2026-09-01,2,130.0,0.0,-130.0,130.0,130.0
10693,393-23,falling,falling,2026-08-01,2026-09-01,1,130.0,0.0,-130.0,130.0,130.0
6909,373-37,intermittent,intermittent,2023-12-01,2024-01-01,1,40.0,0.0,-40.0,40.0,40.0
6909,373-37,intermittent,intermittent,2023-12-01,2024-02-01,2,23.0,0.0,-23.0,23.0,23.0
6909,373-37,intermittent,intermittent,2023-12-01,2024-03-01,3,0.0,0.0,0.0,0.0,0.0
6909,373-37,intermittent,intermittent,2023-12-01,2024-04-01,4,0.0,0.0,0.0,0.0,0.0
6909,373-37,intermittent,intermittent,2023-12-01,2024-04-01,40,63.0,0.0,-63.0,63.0,63.0
6909,373-37,intermittent,intermittent,2024-01-01,2024-02-01,1,23.0,0.0,-23.0,23.0,23.0
6909,373-37,intermittent,intermittent,2024-01-01,2024-03-01,2,0.0,0.0,0.0,0.0,0.0
6909,373-37,intermittent,intermittent,2024-01-01,2024-04-01,3,0.0,0.0,0.0,0.0,0.0
6909,373-37,intermittent,intermittent,2024-01-01,2024-05-01,4,0.0,0.0,0.0,0.0,0.0
6909,373-37,intermittent,intermittent,2024-01-01,2024-05-01,40,23.0,0.0,-23.0,23.0,23.0
6909,373-37,intermittent,intermittent,2024-02-01,2024-03-01,1,0.0,11.5,11.5,11.5,0.0
6909,373-37,intermittent,intermittent,2024-02-01,2024-04-01,2,0.0,17.25,17.25,17.25,0.0
6909,373-37,intermittent,intermittent,2024-02-01,2024-05-01,3,0.0,14.375,14.375,14.375,0.0
6909,373-37,intermittent,intermittent,2024-02-01,2024-06-01,4,0.0,12.9375,12.9375,12.9375,0.0
6909,373-37,intermittent,intermittent,2024-02-01,2024-06-01,40,0.0,56.0625,56.0625,56.0625,0.0
6909,373-37,intermittent,intermittent,2024-03-01,2024-04-01,1,0.0,11.5,11.5,11.5,0.0
6909,373-37,intermittent,intermittent,2024-03-01,2024-05-01,2,0.0,5.75,5.75,5.75,0.0
6909,373-37,intermittent,intermittent,2024-03-01,2024-06-01,3,0.0,2.875,2.875,2.875,0.0
6909,373-37,intermittent,intermittent,2024-03-01,2024-07-01,4,0.0,4.3125,4.3125,4.3125,0.0
6909,373-37,intermittent,intermittent,2024-03-01,2024-07-01,40,0.0,24.4375,24.4375,24.4375,0.0
6909,373-37,intermittent,intermittent,2024-04-01,2024-05-01,1,0.0,0.0,0.0,0.0,0.0
6909,373-37,intermittent,intermittent,2024-04-01,2024-06-01,2,0.0,0.0,0.0,0.0,0.0
6909,373-37,intermittent,intermittent,2024-04-01,2024-07-01,3,0.0,0.0,0.0,0.0,0.0
6909,373-37,intermittent,intermittent,2024-04-01,2024-08-01,4,1.0,0.0,-1.0,1.0,1.0
6909,373-37,intermittent,intermittent,2024-04-01,2024-08-01,40,1.0,0.0,-1.0,1.0,1.0
6909,373-37,intermittent,intermittent,2024-05-01,2024-06-01,1,0.0,0.0,0.0,0.0,0.0
6909,373-37,intermittent,intermittent,2024-05-01,2024-07-01,2,0.0,0.0,0.0,0.0,0.0
6909,373-37,intermittent,intermittent,2024-05-01,2024-08-01,3,1.0,0.0,-1.0,1.0,1.0
6909,373-37,intermittent,intermittent,2024-05-01,2024-09-01,4,0.0,0.0,0.0,0.0,0.0
6909,373-37,intermittent,intermittent,2024-05-01,2024-09-01,40,1.0,0.0,-1.0,1.0,1.0
6909,373-37,intermittent,intermittent,2024-06-01,2024-07-01,1,0.0,0.0,0.0,0.0,0.0
6909,373-37,intermittent,intermittent,2024-06-01,2024-08-01,2,1.0,0.0,-1.0,1.0,1.0
6909,373-37,intermittent,intermittent,2024-06-01,2024-09-01,3,0.0,0.0,0.0,0.0,0.0
6909,373-37,intermittent,intermittent,2024-06-01,2024-10-01,4,0.0,0.0,0.0,0.0,0.0
6909,373-37,intermittent,intermittent,2024-06-01,2024-10-01,40,1.0,0.0,-1.0,1.0,1.0
6909,373-37,intermittent,intermittent,2024-07-01,2024-08-01,1,1.0,0.0,-1.0,1.0,1.0
6909,373-37,intermittent,intermittent,2024-07-01,2024-09-01,2,0.0,0.0,0.0,0.0,0.0
6909,373-37,intermittent,intermittent,2024-07-01,2024-10-01,3,0.0,0.0,0.0,0.0,0.0
6909,373-37,intermittent,intermittent,2024-07-01,2024-11-01,4,0.0,0.0,0.0,0.0,0.0
6909,373-37,intermittent,intermittent,2024-07-01,2024-11-01,40,1.0,0.0,-1.0,1.0,1.0
6909,373-37,intermittent,intermittent,2024-08-01,2024-09-01,1,0.0,0.0,0.0,0.0,0.0
6909,373-37,intermittent,intermittent,2024-08-01,2024-10-01,2,0.0,0.0,0.0,0.0,0.0
6909,373-37,intermittent,intermittent,2024-08-01,2024-11-01,3,0.0,0.0,0.0,0.0,0.0
6909,373-37,intermittent,intermittent,2024-08-01,2024-12-01,4,0.0,0.0,0.0,0.0,0.0
6909,373-37,intermittent,intermittent,2024-08-01,2024-12-01,40,0.0,0.0,0.0,0.0,0.0
6909,373-37,intermittent,intermittent,2024-09-01,2024-10-01,1,0.0,0.0,0.0,0.0,0.0
6909,373-37,intermittent,intermittent,2024-09-01,2024-11-01,2,0.0,0.0,0.0,0.0,0.0
6909,373-37,intermittent,intermittent,2024-09-01,2024-12-01,3,0.0,0.0,0.0,0.0,0.0
6909,373-37,intermittent,intermittent,2024-09-01,2025-01-01,4,0.0,0.0,0.0,0.0,0.0
6909,373-37,intermittent,intermittent,2024-09-01,2025-01-01,40,0.0,0.0,0.0,0.0,0.0
6909,373-37,intermittent,intermittent,2024-10-01,2024-11-01,1,0.0,0.0,0.0,0.0,0.0
6909,373-37,intermittent,intermittent,2024-10-01,2024-12-01,2,0.0,0.0,0.0,0.0,0.0
6909,373-37,intermittent,intermittent,2024-10-01,2025-01-01,3,0.0,0.0,0.0,0.0,0.0
6909,373-37,intermittent,intermittent,2024-10-01,2025-02-01,4,2.5,0.0,-2.5,2.5,2.5
6909,373-37,intermittent,intermittent,2024-10-01,2025-02-01,40,2.5,0.0,-2.5,2.5,2.5
6909,373-37,intermittent,intermittent,2024-11-01,2024-12-01,1,0.0,0.0,0.0,0.0,0.0
6909,373-37,intermittent,intermittent,2024-11-01,2025-01-01,2,0.0,0.0,0.0,0.0,0.0
6909,373-37,intermittent,intermittent,2024-11-01,2025-02-01,3,2.5,0.0,-2.5,2.5,2.5
6909,373-37,intermittent,intermittent,2024-11-01,2025-03-01,4,7.0,0.0,-7.0,7.0,7.0
6909,373-37,intermittent,intermittent,2024-11-01,2025-03-01,40,9.5,0.0,-9.5,9.5,9.5
6909,373-37,intermittent,intermittent,2024-12-01,2025-01-01,1,0.0,0.0,0.0,0.0,0.0
6909,373-37,intermittent,intermittent,2024-12-01,2025-02-01,2,2.5,0.0,-2.5,2.5,2.5
6909,373-37,intermittent,intermittent,2024-12-01,2025-03-01,3,7.0,0.0,-7.0,7.0,7.0
6909,373-37,intermittent,intermittent,2024-12-01,2025-04-01,4,0.0,0.0,0.0,0.0,0.0
6909,373-37,intermittent,intermittent,2024-12-01,2025-04-01,40,9.5,0.0,-9.5,9.5,9.5
6909,373-37,intermittent,intermittent,2025-01-01,2025-02-01,1,2.5,0.0,-2.5,2.5,2.5
6909,373-37,intermittent,intermittent,2025-01-01,2025-03-01,2,7.0,0.0,-7.0,7.0,7.0
6909,373-37,intermittent,intermittent,2025-01-01,2025-04-01,3,0.0,0.0,0.0,0.0,0.0
6909,373-37,intermittent,intermittent,2025-01-01,2025-05-01,4,0.0,0.0,0.0,0.0,0.0
6909,373-37,intermittent,intermittent,2025-01-01,2025-05-01,40,9.5,0.0,-9.5,9.5,9.5
6909,373-37,intermittent,intermittent,2025-02-01,2025-03-01,1,7.0,0.0,-7.0,7.0,7.0
6909,373-37,intermittent,intermittent,2025-02-01,2025-04-01,2,0.0,0.0,0.0,0.0,0.0
6909,373-37,intermittent,intermittent,2025-02-01,2025-05-01,3,0.0,0.0,0.0,0.0,0.0
6909,373-37,intermittent,intermittent,2025-02-01,2025-06-01,4,90.5,0.0,-90.5,90.5,90.5
6909,373-37,intermittent,intermittent,2025-02-01,2025-06-01,40,97.5,0.0,-97.5,97.5,97.5
6909,373-37,intermittent,intermittent,2025-03-01,2025-04-01,1,0.0,1.25,1.25,1.25,0.0
6909,373-37,intermittent,intermittent,2025-03-01,2025-05-01,2,0.0,1.875,1.875,1.875,0.0
6909,373-37,intermittent,intermittent,2025-03-01,2025-06-01,3,90.5,1.5625,-88.9375,88.9375,88.9375
6909,373-37,intermittent,intermittent,2025-03-01,2025-07-01,4,51.0,1.40625,-49.59375,49.59375,49.59375
6909,373-37,intermittent,intermittent,2025-03-01,2025-07-01,40,141.5,6.09375,-135.40625,135.40625,135.40625
6909,373-37,intermittent,intermittent,2025-04-01,2025-05-01,1,0.0,1.25,1.25,1.25,0.0
6909,373-37,intermittent,intermittent,2025-04-01,2025-06-01,2,90.5,0.625,-89.875,89.875,89.875
6909,373-37,intermittent,intermittent,2025-04-01,2025-07-01,3,51.0,0.3125,-50.6875,50.6875,50.6875
6909,373-37,intermittent,intermittent,2025-04-01,2025-08-01,4,15.0,0.46875,-14.53125,14.53125,14.53125
6909,373-37,intermittent,intermittent,2025-04-01,2025-08-01,40,156.5,2.65625,-153.84375,153.84375,153.84375
6909,373-37,intermittent,intermittent,2025-05-01,2025-06-01,1,90.5,0.0,-90.5,90.5,90.5
6909,373-37,intermittent,intermittent,2025-05-01,2025-07-01,2,51.0,0.0,-51.0,51.0,51.0
6909,373-37,intermittent,intermittent,2025-05-01,2025-08-01,3,15.0,0.0,-15.0,15.0,15.0
6909,373-37,intermittent,intermittent,2025-05-01,2025-09-01,4,0.0,0.0,0.0,0.0,0.0
6909,373-37,intermittent,intermittent,2025-05-01,2025-09-01,40,156.5,0.0,-156.5,156.5,156.5
6909,373-37,intermittent,intermittent,2025-06-01,2025-07-01,1,51.0,0.0,-51.0,51.0,51.0
6909,373-37,intermittent,intermittent,2025-06-01,2025-08-01,2,15.0,0.0,-15.0,15.0,15.0
6909,373-37,intermittent,intermittent,2025-06-01,2025-09-01,3,0.0,0.0,0.0,0.0,0.0
6909,373-37,intermittent,intermittent,2025-06-01,2025-10-01,4,0.0,0.0,0.0,0.0,0.0
6909,373-37,intermittent,intermittent,2025-06-01,2025-10-01,40,66.0,0.0,-66.0,66.0,66.0
6909,373-37,intermittent,intermittent,2025-07-01,2025-08-01,1,15.0,25.5,10.5,10.5,0.0
6909,373-37,intermittent,intermittent,2025-07-01,2025-09-01,2,0.0,38.25,38.25,38.25,0.0
6909,373-37,intermittent,intermittent,2025-07-01,2025-10-01,3,0.0,31.875,31.875,31.875,0.0
6909,373-37,intermittent,intermittent,2025-07-01,2025-11-01,4,0.0,28.6875,28.6875,28.6875,0.0
6909,373-37,intermittent,intermittent,2025-07-01,2025-11-01,40,15.0,124.3125,109.3125,109.3125,0.0
6909,373-37,intermittent,intermittent,2025-08-01,2025-09-01,1,0.0,33.0,33.0,33.0,0.0
6909,373-37,intermittent,intermittent,2025-08-01,2025-10-01,2,0.0,24.0,24.0,24.0,0.0
6909,373-37,intermittent,intermittent,2025-08-01,2025-11-01,3,0.0,19.5,19.5,19.5,0.0
6909,373-37,intermittent,intermittent,2025-08-01,2025-12-01,4,35.0,21.75,-13.25,13.25,13.25
6909,373-37,intermittent,intermittent,2025-08-01,2025-12-01,40,35.0,98.25,63.25,63.25,0.0
6909,373-37,intermittent,intermittent,2025-09-01,2025-10-01,1,0.0,7.5,7.5,7.5,0.0
6909,373-37,intermittent,intermittent,2025-09-01,2025-11-01,2,0.0,3.75,3.75,3.75,0.0
6909,373-37,intermittent,intermittent,2025-09-01,2025-12-01,3,35.0,1.875,-33.125,33.125,33.125
6909,373-37,intermittent,intermittent,2025-09-01,2026-01-01,4,0.0,2.8125,2.8125,2.8125,0.0
6909,373-37,intermittent,intermittent,2025-09-01,2026-01-01,40,35.0,15.9375,-19.0625,19.0625,19.0625
6909,373-37,intermittent,intermittent,2025-10-01,2025-11-01,1,0.0,0.0,0.0,0.0,0.0
6909,373-37,intermittent,intermittent,2025-10-01,2025-12-01,2,35.0,0.0,-35.0,35.0,35.0
6909,373-37,intermittent,intermittent,2025-10-01,2026-01-01,3,0.0,0.0,0.0,0.0,0.0
6909,373-37,intermittent,intermittent,2025-10-01,2026-02-01,4,2.0,0.0,-2.0,2.0,2.0
6909,373-37,intermittent,intermittent,2025-10-01,2026-02-01,40,37.0,0.0,-37.0,37.0,37.0
6909,373-37,intermittent,intermittent,2025-11-01,2025-12-01,1,35.0,0.0,-35.0,35.0,35.0
6909,373-37,intermittent,intermittent,2025-11-01,2026-01-01,2,0.0,0.0,0.0,0.0,0.0
6909,373-37,intermittent,intermittent,2025-11-01,2026-02-01,3,2.0,0.0,-2.0,2.0,2.0
6909,373-37,intermittent,intermittent,2025-11-01,2026-03-01,4,0.0,0.0,0.0,0.0,0.0
6909,373-37,intermittent,intermittent,2025-11-01,2026-03-01,40,37.0,0.0,-37.0,37.0,37.0
6909,373-37,intermittent,intermittent,2025-12-01,2026-01-01,1,0.0,0.0,0.0,0.0,0.0
6909,373-37,intermittent,intermittent,2025-12-01,2026-02-01,2,2.0,0.0,-2.0,2.0,2.0
6909,373-37,intermittent,intermittent,2025-12-01,2026-03-01,3,0.0,0.0,0.0,0.0,0.0
6909,373-37,intermittent,intermittent,2025-12-01,2026-04-01,4,0.0,0.0,0.0,0.0,0.0
6909,373-37,intermittent,intermittent,2025-12-01,2026-04-01,40,2.0,0.0,-2.0,2.0,2.0
6909,373-37,intermittent,intermittent,2026-01-01,2026-02-01,1,2.0,0.0,-2.0,2.0,2.0
6909,373-37,intermittent,intermittent,2026-01-01,2026-03-01,2,0.0,0.0,0.0,0.0,0.0
6909,373-37,intermittent,intermittent,2026-01-01,2026-04-01,3,0.0,0.0,0.0,0.0,0.0
6909,373-37,intermittent,intermittent,2026-01-01,2026-05-01,4,0.0,0.0,0.0,0.0,0.0
6909,373-37,intermittent,intermittent,2026-01-01,2026-05-01,40,2.0,0.0,-2.0,2.0,2.0
6909,373-37,intermittent,intermittent,2026-02-01,2026-03-01,1,0.0,1.0,1.0,1.0,0.0
6909,373-37,intermittent,intermittent,2026-02-01,2026-04-01,2,0.0,0.5,0.5,0.5,0.0
6909,373-37,intermittent,intermittent,2026-02-01,2026-05-01,3,0.0,0.75,0.75,0.75,0.0
6909,373-37,intermittent,intermittent,2026-02-01,2026-06-01,4,76.0,0.625,-75.375,75.375,75.375
6909,373-37,intermittent,intermittent,2026-02-01,2026-06-01,40,76.0,2.875,-73.125,73.125,73.125
6909,373-37,intermittent,intermittent,2026-03-01,2026-04-01,1,0.0,0.0,0.0,0.0,0.0
6909,373-37,intermittent,intermittent,2026-03-01,2026-05-01,2,0.0,0.0,0.0,0.0,0.0
6909,373-37,intermittent,intermittent,2026-03-01,2026-06-01,3,76.0,0.0,-76.0,76.0,76.0
6909,373-37,intermittent,intermittent,2026-03-01,2026-07-01,4,0.0,0.0,0.0,0.0,0.0
6909,373-37,intermittent,intermittent,2026-03-01,2026-07-01,40,76.0,0.0,-76.0,76.0,76.0
6909,373-37,intermittent,intermittent,2026-04-01,2026-05-01,1,0.0,0.0,0.0,0.0,0.0
6909,373-37,intermittent,intermittent,2026-04-01,2026-06-01,2,76.0,0.0,-76.0,76.0,76.0
6909,373-37,intermittent,intermittent,2026-04-01,2026-07-01,3,0.0,0.0,0.0,0.0,0.0
6909,373-37,intermittent,intermittent,2026-04-01,2026-08-01,4,15.0,0.0,-15.0,15.0,15.0
6909,373-37,intermittent,intermittent,2026-04-01,2026-08-01,40,91.0,0.0,-91.0,91.0,91.0
6909,373-37,intermittent,intermittent,2026-05-01,2026-06-01,1,76.0,0.0,-76.0,76.0,76.0
6909,373-37,intermittent,intermittent,2026-05-01,2026-07-01,2,0.0,0.0,0.0,0.0,0.0
6909,373-37,intermittent,intermittent,2026-05-01,2026-08-01,3,15.0,0.0,-15.0,15.0,15.0
6909,373-37,intermittent,intermittent,2026-05-01,2026-09-01,4,0.0,0.0,0.0,0.0,0.0
6909,373-37,intermittent,intermittent,2026-05-01,2026-09-01,40,91.0,0.0,-91.0,91.0,91.0
6909,373-37,intermittent,intermittent,2026-06-01,2026-07-01,1,0.0,0.0,0.0,0.0,0.0
6909,373-37,intermittent,intermittent,2026-06-01,2026-08-01,2,15.0,0.0,-15.0,15.0,15.0
6909,373-37,intermittent,intermittent,2026-06-01,2026-09-01,3,0.0,0.0,0.0,0.0,0.0
6909,373-37,intermittent,intermittent,2026-07-01,2026-08-01,1,15.0,0.0,-15.0,15.0,15.0
6909,373-37,intermittent,intermittent,2026-07-01,2026-09-01,2,0.0,0.0,0.0,0.0,0.0
6909,373-37,intermittent,intermittent,2026-08-01,2026-09-01,1,0.0,7.5,7.5,7.5,0.0
6623,379-06,fast_moving,falling,2023-11-01,2023-12-01,1,989.0,236.0,-753.0,753.0,753.0
6623,379-06,fast_moving,falling,2023-11-01,2024-01-01,2,191.0,122.25,-68.75,68.75,68.75
6623,379-06,fast_moving,falling,2023-11-01,2024-02-01,3,6.0,65.375,59.375,59.375,0.0
6623,379-06,fast_moving,falling,2023-11-01,2024-03-01,4,6.5,93.8125,87.3125,87.3125,0.0
6623,379-06,fast_moving,falling,2023-11-01,2024-03-01,40,1192.5,517.4375,-675.0625,675.0625,675.0625
6623,379-06,fast_moving,falling,2023-12-01,2024-01-01,1,191.0,369.0,178.0,178.0,0.0
6623,379-06,fast_moving,falling,2023-12-01,2024-02-01,2,6.0,188.75,182.75,182.75,0.0
6623,379-06,fast_moving,falling,2023-12-01,2024-03-01,3,6.5,278.875,272.375,272.375,0.0
6623,379-06,fast_moving,falling,2023-12-01,2024-04-01,4,256.0,233.8125,-22.1875,22.1875,22.1875
6623,379-06,fast_moving,falling,2023-12-01,2024-04-01,40,459.5,1070.4375,610.9375,610.9375,0.0
6623,379-06,fast_moving,falling,2024-01-01,2024-02-01,1,6.0,99.75,93.75,93.75,0.0
6623,379-06,fast_moving,falling,2024-01-01,2024-03-01,2,6.5,145.375,138.875,138.875,0.0
6623,379-06,fast_moving,falling,2024-01-01,2024-04-01,3,256.0,122.5625,-133.4375,133.4375,133.4375
6623,379-06,fast_moving,falling,2024-01-01,2024-05-01,4,602.0,111.15625,-490.84375,490.84375,490.84375
6623,379-06,fast_moving,falling,2024-01-01,2024-05-01,40,870.5,478.84375,-391.65625,391.65625,391.65625
6623,379-06,fast_moving,falling,2024-02-01,2024-03-01,1,6.5,98.5,92.0,92.0,0.0
6623,379-06,fast_moving,falling,2024-02-01,2024-04-01,2,256.0,52.25,-203.75,203.75,203.75
6623,379-06,fast_moving,falling,2024-02-01,2024-05-01,3,602.0,29.125,-572.875,572.875,572.875
6623,379-06,fast_moving,falling,2024-02-01,2024-06-01,4,596.5,40.6875,-555.8125,555.8125,555.8125
6623,379-06,fast_moving,falling,2024-02-01,2024-06-01,40,1461.0,220.5625,-1240.4375,1240.4375,1240.4375
6623,379-06,fast_moving,falling,2024-03-01,2024-04-01,1,256.0,6.25,-249.75,249.75,249.75
6623,379-06,fast_moving,falling,2024-03-01,2024-05-01,2,602.0,6.125,-595.875,595.875,595.875
6623,379-06,fast_moving,falling,2024-03-01,2024-06-01,3,596.5,6.1875,-590.3125,590.3125,590.3125
6623,379-06,fast_moving,falling,2024-03-01,2024-07-01,4,479.0,6.15625,-472.84375,472.84375,472.84375
6623,379-06,fast_moving,falling,2024-03-01,2024-07-01,40,1933.5,24.71875,-1908.78125,1908.78125,1908.78125
6623,379-06,fast_moving,falling,2024-04-01,2024-05-01,1,602.0,6.25,-595.75,595.75,595.75
6623,379-06,fast_moving,falling,2024-04-01,2024-06-01,2,596.5,6.375,-590.125,590.125,590.125
6623,379-06,fast_moving,falling,2024-04-01,2024-07-01,3,479.0,6.3125,-472.6875,472.6875,472.6875
6623,379-06,fast_moving,falling,2024-04-01,2024-08-01,4,45.5,6.28125,-39.21875,39.21875,39.21875
6623,379-06,fast_moving,falling,2024-04-01,2024-08-01,40,1723.0,25.21875,-1697.78125,1697.78125,1697.78125
6623,379-06,fast_moving,falling,2024-05-01,2024-06-01,1,596.5,131.25,-465.25,465.25,465.25
6623,379-06,fast_moving,falling,2024-05-01,2024-07-01,2,479.0,193.625,-285.375,285.375,285.375
6623,379-06,fast_moving,falling,2024-05-01,2024-08-01,3,45.5,162.4375,116.9375,116.9375,0.0
6623,379-06,fast_moving,falling,2024-05-01,2024-09-01,4,49.0,146.84375,97.84375,97.84375,0.0
6623,379-06,fast_moving,falling,2024-05-01,2024-09-01,40,1170.0,634.15625,-535.84375,535.84375,535.84375
6623,379-06,fast_moving,falling,2024-06-01,2024-07-01,1,479.0,426.25,-52.75,52.75,52.75
6623,379-06,fast_moving,falling,2024-06-01,2024-08-01,2,45.5,511.375,465.875,465.875,0.0
6623,379-06,fast_moving,falling,2024-06-01,2024-09-01,3,49.0,468.8125,419.8125,419.8125,0.0
6623,379-06,fast_moving,falling,2024-06-01,2024-10-01,4,1156.5,447.53125,-708.96875,708.96875,708.96875
6623,379-06,fast_moving,falling,2024-06-01,2024-10-01,40,1730.0,1853.96875,123.96875,123.96875,0.0
6623,379-06,fast_moving,falling,2024-07-01,2024-08-01,1,45.5,537.75,492.25,492.25,0.0
6623,379-06,fast_moving,falling,2024-07-01,2024-09-01,2,49.0,508.375,459.375,459.375,0.0
6623,379-06,fast_moving,falling,2024-07-01,2024-10-01,3,1156.5,493.6875,-662.8125,662.8125,662.8125
6623,379-06,fast_moving,falling,2024-07-01,2024-11-01,4,231.0,501.03125,270.03125,270.03125,0.0
6623,379-06,fast_moving,falling,2024-07-01,2024-11-01,40,1482.0,2040.84375,558.84375,558.84375,0.0
6623,379-06,fast_moving,falling,2024-08-01,2024-09-01,1,49.0,262.25,213.25,213.25,0.0
6623,379-06,fast_moving,falling,2024-08-01,2024-10-01,2,1156.5,153.875,-1002.625,1002.625,1002.625
6623,379-06,fast_moving,falling,2024-08-01,2024-11-01,3,231.0,99.6875,-131.3125,131.3125,131.3125
6623,379-06,fast_moving,falling,2024-08-01,2024-12-01,4,1080.0,126.78125,-953.21875,953.21875,953.21875
6623,379-06,fast_moving,falling,2024-08-01,2024-12-01,40,2516.5,642.59375,-1873.90625,1873.90625,1873.90625
6623,379-06,fast_moving,falling,2024-09-01,2024-10-01,1,1156.5,47.25,-1109.25,1109.25,1109.25
6623,379-06,fast_moving,falling,2024-09-01,2024-11-01,2,231.0,46.375,-184.625,184.625,184.625
6623,379-06,fast_moving,falling,2024-09-01,2024-12-01,3,1080.0,46.8125,-1033.1875,1033.1875,1033.1875
6623,379-06,fast_moving,falling,2024-09-01,2025-01-01,4,309.5,46.59375,-262.90625,262.90625,262.90625
6623,379-06,fast_moving,falling,2024-09-01,2025-01-01,40,2777.0,187.03125,-2589.96875,2589.96875,2589.96875
6623,379-06,fast_moving,falling,2024-10-01,2024-11-01,1,231.0,47.25,-183.75,183.75,183.75
6623,379-06,fast_moving,falling,2024-10-01,2024-12-01,2,1080.0,48.125,-1031.875,1031.875,1031.875
6623,379-06,fast_moving,falling,2024-10-01,2025-01-01,3,309.5,47.6875,-261.8125,261.8125,261.8125
6623,379-06,fast_moving,falling,2024-10-01,2025-02-01,4,81.0,47.46875,-33.53125,33.53125,33.53125
6623,379-06,fast_moving,falling,2024-10-01,2025-02-01,40,1701.5,190.53125,-1510.96875,1510.96875,1510.96875
6623,379-06,fast_moving,falling,2024-11-01,2024-12-01,1,1080.0,140.0,-940.0,940.0,940.0
6623,379-06,fast_moving,falling,2024-11-01,2025-01-01,2,309.5,185.5,-124.0,124.0,124.0
6623,379-06,fast_moving,falling,2024-11-01,2025-02-01,3,81.0,162.75,81.75,81.75,0.0
6623,379-06,fast_moving,falling,2024-11-01,2025-03-01,4,244.0,151.375,-92.625,92.625,92.625
6623,379-06,fast_moving,falling,2024-11-01,2025-03-01,40,1714.5,639.625,-1074.875,1074.875,1074.875
6623,379-06,fast_moving,falling,2024-12-01,2025-01-01,1,309.5,655.5,346.0,346.0,0.0
6623,379-06,fast_moving,falling,2024-12-01,2025-02-01,2,81.0,443.25,362.25,362.25,0.0
6623,379-06,fast_moving,falling,2024-12-01,2025-03-01,3,244.0,549.375,305.375,305.375,0.0
6623,379-06,fast_moving,falling,2024-12-01,2025-04-01,4,0.0,496.3125,496.3125,496.3125,0.0
6623,379-06,fast_moving,falling,2024-12-01,2025-04-01,40,634.5,2144.4375,1509.9375,1509.9375,0.0
6623,379-06,fast_moving,falling,2025-01-01,2025-02-01,1,81.0,270.25,189.25,189.25,0.0
6623,379-06,fast_moving,falling,2025-01-01,2025-03-01,2,244.0,289.875,45.875,45.875,0.0
6623,379-06,fast_moving,falling,2025-01-01,2025-04-01,3,0.0,280.0625,280.0625,280.0625,0.0
6623,379-06,fast_moving,falling,2025-01-01,2025-05-01,4,0.0,275.15625,275.15625,275.15625,0.0
6623,379-06,fast_moving,falling,2025-01-01,2025-05-01,40,325.0,1115.34375,790.34375,790.34375,0.0
6623,379-06,fast_moving,falling,2025-02-01,2025-03-01,1,244.0,195.25,-48.75,48.75,48.75
6623,379-06,fast_moving,falling,2025-02-01,2025-04-01,2,0.0,138.125,138.125,138.125,0.0
6623,379-06,fast_moving,falling,2025-02-01,2025-05-01,3,0.0,109.5625,109.5625,109.5625,0.0
6623,379-06,fast_moving,falling,2025-02-01,2025-06-01,4,0.0,123.84375,123.84375,123.84375,0.0
6623,379-06,fast_moving,falling,2025-02-01,2025-06-01,40,244.0,566.78125,322.78125,322.78125,0.0
6623,379-06,fast_moving,falling,2025-03-01,2025-04-01,1,0.0,162.5,162.5,162.5,0.0
6623,379-06,fast_moving,falling,2025-03-01,2025-05-01,2,0.0,121.75,121.75,121.75,0.0
6623,379-06,fast_moving,falling,2025-03-01,2025-06-01,3,0.0,142.125,142.125,142.125,0.0
6623,379-06,fast_moving,falling,2025-03-01,2025-07-01,4,521.0,131.9375,-389.0625,389.0625,389.0625
6623,379-06,fast_moving,falling,2025-03-01,2025-07-01,40,521.0,558.3125,37.3125,37.3125,0.0
6623,379-06,fast_moving,falling,2025-04-01,2025-05-01,1,0.0,40.5,40.5,40.5,0.0
6623,379-06,fast_moving,falling,2025-04-01,2025-06-01,2,0.0,20.25,20.25,20.25,0.0
6623,379-06,fast_moving,falling,2025-04-01,2025-07-01,3,521.0,10.125,-510.875,510.875,510.875
6623,379-06,fast_moving,falling,2025-04-01,2025-08-01,4,606.0,15.1875,-590.8125,590.8125,590.8125
6623,379-06,fast_moving,falling,2025-04-01,2025-08-01,40,1127.0,86.0625,-1040.9375,1040.9375,1040.9375
6623,379-06,fast_moving,falling,2025-05-01,2025-06-01,1,0.0,0.0,0.0,0.0,0.0
6623,379-06,fast_moving,falling,2025-05-01,2025-07-01,2,521.0,0.0,-521.0,521.0,521.0
6623,379-06,fast_moving,falling,2025-05-01,2025-08-01,3,606.0,0.0,-606.0,606.0,606.0
6623,379-06,fast_moving,falling,2025-05-01,2025-09-01,4,838.0,0.0,-838.0,838.0,838.0
6623,379-06,fast_moving,falling,2025-05-01,2025-09-01,40,1965.0,0.0,-1965.0,1965.0,1965.0
6623,379-06,fast_moving,falling,2025-06-01,2025-07-01,1,521.0,0.0,-521.0,521.0,521.0
6623,379-06,fast_moving,falling,2025-06-01,2025-08-01,2,606.0,0.0,-606.0,606.0,606.0
6623,379-06,fast_moving,falling,2025-06-01,2025-09-01,3,838.0,0.0,-838.0,838.0,838.0
6623,379-06,fast_moving,falling,2025-06-01,2025-10-01,4,152.5,0.0,-152.5,152.5,152.5
6623,379-06,fast_moving,falling,2025-06-01,2025-10-01,40,2117.5,0.0,-2117.5,2117.5,2117.5
6623,379-06,fast_moving,falling,2025-07-01,2025-08-01,1,606.0,0.0,-606.0,606.0,606.0
6623,379-06,fast_moving,falling,2025-07-01,2025-09-01,2,838.0,0.0,-838.0,838.0,838.0
6623,379-06,fast_moving,falling,2025-07-01,2025-10-01,3,152.5,0.0,-152.5,152.5,152.5
6623,379-06,fast_moving,falling,2025-07-01,2025-11-01,4,0.0,0.0,0.0,0.0,0.0
6623,379-06,fast_moving,falling,2025-07-01,2025-11-01,40,1596.5,0.0,-1596.5,1596.5,1596.5
6623,379-06,fast_moving,falling,2025-08-01,2025-09-01,1,838.0,260.5,-577.5,577.5,577.5
6623,379-06,fast_moving,falling,2025-08-01,2025-10-01,2,152.5,390.75,238.25,238.25,0.0
6623,379-06,fast_moving,falling,2025-08-01,2025-11-01,3,0.0,325.625,325.625,325.625,0.0
6623,379-06,fast_moving,falling,2025-08-01,2025-12-01,4,557.45,293.0625,-264.38750000000005,264.38750000000005,264.38750000000005
6623,379-06,fast_moving,falling,2025-08-01,2025-12-01,40,1547.95,1269.9375,-278.01250000000005,278.01250000000005,278.01250000000005
6623,379-06,fast_moving,falling,2025-09-01,2025-10-01,1,152.5,563.5,411.0,411.0,0.0
6623,379-06,fast_moving,falling,2025-09-01,2025-11-01,2,0.0,584.75,584.75,584.75,0.0
6623,379-06,fast_moving,falling,2025-09-01,2025-12-01,3,557.45,574.125,16.674999999999955,16.674999999999955,0.0
6623,379-06,fast_moving,falling,2025-09-01,2026-01-01,4,18.0,568.8125,550.8125,550.8125,0.0
6623,379-06,fast_moving,falling,2025-09-01,2026-01-01,40,727.95,2291.1875,1563.2375,1563.2375,0.0
6623,379-06,fast_moving,falling,2025-10-01,2025-11-01,1,0.0,379.25,379.25,379.25,0.0
6623,379-06,fast_moving,falling,2025-10-01,2025-12-01,2,557.45,265.875,-291.57500000000005,291.57500000000005,291.57500000000005
6623,379-06,fast_moving,falling,2025-10-01,2026-01-01,3,18.0,209.1875,191.1875,191.1875,0.0
6623,379-06,fast_moving,falling,2025-10-01,2026-02-01,4,0.0,237.53125,237.53125,237.53125,0.0
6623,379-06,fast_moving,falling,2025-10-01,2026-02-01,40,575.45,1091.84375,516.39375,516.39375,0.0
6623,379-06,fast_moving,falling,2025-11-01,2025-12-01,1,557.45,76.25,-481.20000000000005,481.20000000000005,481.20000000000005
6623,379-06,fast_moving,falling,2025-11-01,2026-01-01,2,18.0,38.125,20.125,20.125,0.0
6623,379-06,fast_moving,falling,2025-11-01,2026-02-01,3,0.0,19.0625,19.0625,19.0625,0.0
6623,379-06,fast_moving,falling,2025-11-01,2026-03-01,4,0.0,28.59375,28.59375,28.59375,0.0
6623,379-06,fast_moving,falling,2025-11-01,2026-03-01,40,575.45,162.03125,-413.41875000000005,413.41875000000005,413.41875000000005
6623,379-06,fast_moving,falling,2025-12-01,2026-01-01,1,18.0,76.25,58.25,58.25,0.0
6623,379-06,fast_moving,falling,2025-12-01,2026-02-01,2,0.0,38.125,38.125,38.125,0.0
6623,379-06,fast_moving,falling,2025-12-01,2026-03-01,3,0.0,57.1875,57.1875,57.1875,0.0
6623,379-06,fast_moving,falling,2025-12-01,2026-04-01,4,0.0,47.65625,47.65625,47.65625,0.0
6623,379-06,fast_moving,falling,2025-12-01,2026-04-01,40,18.0,219.21875,201.21875,201.21875,0.0
6623,379-06,fast_moving,falling,2026-01-01,2026-02-01,1,0.0,9.0,9.0,9.0,0.0
6623,379-06,fast_moving,falling,2026-01-01,2026-03-01,2,0.0,13.5,13.5,13.5,0.0
6623,379-06,fast_moving,falling,2026-01-01,2026-04-01,3,0.0,11.25,11.25,11.25,0.0
6623,379-06,fast_moving,falling,2026-01-01,2026-05-01,4,0.0,10.125,10.125,10.125,0.0
6623,379-06,fast_moving,falling,2026-01-01,2026-05-01,40,0.0,43.875,43.875,43.875,0.0
6623,379-06,fast_moving,falling,2026-02-01,2026-03-01,1,0.0,9.0,9.0,9.0,0.0
6623,379-06,fast_moving,falling,2026-02-01,2026-04-01,2,0.0,4.5,4.5,4.5,0.0
6623,379-06,fast_moving,falling,2026-02-01,2026-05-01,3,0.0,2.25,2.25,2.25,0.0
6623,379-06,fast_moving,falling,2026-02-01,2026-06-01,4,0.0,3.375,3.375,3.375,0.0
6623,379-06,fast_moving,falling,2026-02-01,2026-06-01,40,0.0,19.125,19.125,19.125,0.0
6623,379-06,fast_moving,falling,2026-03-01,2026-04-01,1,0.0,0.0,0.0,0.0,0.0
6623,379-06,fast_moving,falling,2026-03-01,2026-05-01,2,0.0,0.0,0.0,0.0,0.0
6623,379-06,fast_moving,falling,2026-03-01,2026-06-01,3,0.0,0.0,0.0,0.0,0.0
6623,379-06,fast_moving,falling,2026-03-01,2026-07-01,4,0.0,0.0,0.0,0.0,0.0
6623,379-06,fast_moving,falling,2026-03-01,2026-07-01,40,0.0,0.0,0.0,0.0,0.0
6623,379-06,fast_moving,falling,2026-04-01,2026-05-01,1,0.0,0.0,0.0,0.0,0.0
6623,379-06,fast_moving,falling,2026-04-01,2026-06-01,2,0.0,0.0,0.0,0.0,0.0
6623,379-06,fast_moving,falling,2026-04-01,2026-07-01,3,0.0,0.0,0.0,0.0,0.0
6623,379-06,fast_moving,falling,2026-04-01,2026-08-01,4,24.5,0.0,-24.5,24.5,24.5
6623,379-06,fast_moving,falling,2026-04-01,2026-08-01,40,24.5,0.0,-24.5,24.5,24.5
6623,379-06,fast_moving,falling,2026-05-01,2026-06-01,1,0.0,0.0,0.0,0.0,0.0
6623,379-06,fast_moving,falling,2026-05-01,2026-07-01,2,0.0,0.0,0.0,0.0,0.0
6623,379-06,fast_moving,falling,2026-05-01,2026-08-01,3,24.5,0.0,-24.5,24.5,24.5
6623,379-06,fast_moving,falling,2026-05-01,2026-09-01,4,187.5,0.0,-187.5,187.5,187.5
6623,379-06,fast_moving,falling,2026-05-01,2026-09-01,40,212.0,0.0,-212.0,212.0,212.0
6623,379-06,falling,falling,2026-06-01,2026-07-01,1,0.0,0.0,0.0,0.0,0.0
6623,379-06,falling,falling,2026-06-01,2026-08-01,2,24.5,0.0,-24.5,24.5,24.5
6623,379-06,falling,falling,2026-06-01,2026-09-01,3,187.5,0.0,-187.5,187.5,187.5
6623,379-06,dead_stock,falling,2026-07-01,2026-08-01,1,24.5,0.0,-24.5,24.5,24.5
6623,379-06,dead_stock,falling,2026-07-01,2026-09-01,2,187.5,0.0,-187.5,187.5,187.5
6623,379-06,falling,falling,2026-08-01,2026-09-01,1,187.5,0.0,-187.5,187.5,187.5
6032,18825,stable/normal,dead_stock,2024-02-01,2024-03-01,1,4.0,10.25,6.25,6.25,0.0
6032,18825,stable/normal,dead_stock,2024-02-01,2024-04-01,2,7.0,11.375,4.375,4.375,0.0
6032,18825,stable/normal,dead_stock,2024-02-01,2024-05-01,3,1.5,10.8125,9.3125,9.3125,0.0
6032,18825,stable/normal,dead_stock,2024-02-01,2024-06-01,4,0.0,10.53125,10.53125,10.53125,0.0
6032,18825,stable/normal,dead_stock,2024-02-01,2024-06-01,40,12.5,42.96875,30.46875,30.46875,0.0
6032,18825,rising,dead_stock,2024-03-01,2024-04-01,1,7.0,8.25,1.25,1.25,0.0
6032,18825,rising,dead_stock,2024-03-01,2024-05-01,2,1.5,6.125,4.625,4.625,0.0
6032,18825,rising,dead_stock,2024-03-01,2024-06-01,3,0.0,5.0625,5.0625,5.0625,0.0
6032,18825,rising,dead_stock,2024-03-01,2024-07-01,4,0.0,5.59375,5.59375,5.59375,0.0
6032,18825,rising,dead_stock,2024-03-01,2024-07-01,40,8.5,25.03125,16.53125,16.53125,0.0
6032,18825,stable/normal,dead_stock,2024-04-01,2024-05-01,1,1.5,5.5,4.0,4.0,0.0
6032,18825,stable/normal,dead_stock,2024-04-01,2024-06-01,2,0.0,4.75,4.75,4.75,0.0
6032,18825,stable/normal,dead_stock,2024-04-01,2024-07-01,3,0.0,5.125,5.125,5.125,0.0
6032,18825,stable/normal,dead_stock,2024-04-01,2024-08-01,4,0.0,4.9375,4.9375,4.9375,0.0
6032,18825,stable/normal,dead_stock,2024-04-01,2024-08-01,40,1.5,20.3125,18.8125,18.8125,0.0
6032,18825,falling,dead_stock,2024-05-01,2024-06-01,1,0.0,2.75,2.75,2.75,0.0
6032,18825,falling,dead_stock,2024-05-01,2024-07-01,2,0.0,2.125,2.125,2.125,0.0
6032,18825,falling,dead_stock,2024-05-01,2024-08-01,3,0.0,1.8125,1.8125,1.8125,0.0
6032,18825,falling,dead_stock,2024-05-01,2024-09-01,4,2.0,1.96875,-0.03125,0.03125,0.03125
6032,18825,falling,dead_stock,2024-05-01,2024-09-01,40,2.0,8.65625,6.65625,6.65625,0.0
6032,18825,falling,dead_stock,2024-06-01,2024-07-01,1,0.0,0.75,0.75,0.75,0.0
6032,18825,falling,dead_stock,2024-06-01,2024-08-01,2,0.0,0.375,0.375,0.375,0.0
6032,18825,falling,dead_stock,2024-06-01,2024-09-01,3,2.0,0.1875,-1.8125,1.8125,1.8125
6032,18825,falling,dead_stock,2024-06-01,2024-10-01,4,4.5,0.28125,-4.21875,4.21875,4.21875
6032,18825,falling,dead_stock,2024-06-01,2024-10-01,40,6.5,1.59375,-4.90625,4.90625,4.90625
6032,18825,falling,dead_stock,2024-07-01,2024-08-01,1,0.0,0.0,0.0,0.0,0.0
6032,18825,falling,dead_stock,2024-07-01,2024-09-01,2,2.0,0.0,-2.0,2.0,2.0
6032,18825,falling,dead_stock,2024-07-01,2024-10-01,3,4.5,0.0,-4.5,4.5,4.5
6032,18825,falling,dead_stock,2024-07-01,2024-11-01,4,9.0,0.0,-9.0,9.0,9.0
6032,18825,falling,dead_stock,2024-07-01,2024-11-01,40,15.5,0.0,-15.5,15.5,15.5
6032,18825,falling,dead_stock,2024-08-01,2024-09-01,1,2.0,0.0,-2.0,2.0,2.0
6032,18825,falling,dead_stock,2024-08-01,2024-10-01,2,4.5,0.0,-4.5,4.5,4.5
6032,18825,falling,dead_stock,2024-08-01,2024-11-01,3,9.0,0.0,-9.0,9.0,9.0
6032,18825,falling,dead_stock,2024-08-01,2024-12-01,4,7.0,0.0,-7.0,7.0,7.0
6032,18825,falling,dead_stock,2024-08-01,2024-12-01,40,22.5,0.0,-22.5,22.5,22.5
6032,18825,falling,dead_stock,2024-09-01,2024-10-01,1,4.5,0.0,-4.5,4.5,4.5
6032,18825,falling,dead_stock,2024-09-01,2024-11-01,2,9.0,0.0,-9.0,9.0,9.0
6032,18825,falling,dead_stock,2024-09-01,2024-12-01,3,7.0,0.0,-7.0,7.0,7.0
6032,18825,falling,dead_stock,2024-09-01,2025-01-01,4,2.0,0.0,-2.0,2.0,2.0
6032,18825,falling,dead_stock,2024-09-01,2025-01-01,40,22.5,0.0,-22.5,22.5,22.5
6032,18825,falling,dead_stock,2024-10-01,2024-11-01,1,9.0,1.0,-8.0,8.0,8.0
6032,18825,falling,dead_stock,2024-10-01,2024-12-01,2,7.0,1.5,-5.5,5.5,5.5
6032,18825,falling,dead_stock,2024-10-01,2025-01-01,3,2.0,1.25,-0.75,0.75,0.75
6032,18825,falling,dead_stock,2024-10-01,2025-02-01,4,40.0,1.125,-38.875,38.875,38.875
6032,18825,falling,dead_stock,2024-10-01,2025-02-01,40,58.0,4.875,-53.125,53.125,53.125
6032,18825,falling,dead_stock,2024-11-01,2024-12-01,1,7.0,3.25,-3.75,3.75,3.75
6032,18825,falling,dead_stock,2024-11-01,2025-01-01,2,2.0,3.875,1.875,1.875,0.0
6032,18825,falling,dead_stock,2024-11-01,2025-02-01,3,40.0,3.5625,-36.4375,36.4375,36.4375
6032,18825,falling,dead_stock,2024-11-01,2025-03-01,4,3.5,3.40625,-0.09375,0.09375,0.09375
6032,18825,falling,dead_stock,2024-11-01,2025-03-01,40,52.5,14.09375,-38.40625,38.40625,38.40625
6032,18825,falling,dead_stock,2024-12-01,2025-01-01,1,2.0,5.75,3.75,3.75,0.0
6032,18825,falling,dead_stock,2024-12-01,2025-02-01,2,40.0,6.375,-33.625,33.625,33.625
6032,18825,falling,dead_stock,2024-12-01,2025-03-01,3,3.5,6.0625,2.5625,2.5625,0.0
6032,18825,falling,dead_stock,2024-12-01,2025-04-01,4,4.0,5.90625,1.90625,1.90625,0.0
6032,18825,falling,dead_stock,2024-12-01,2025-04-01,40,49.5,24.09375,-25.40625,25.40625,25.40625
6032,18825,low_demand,dead_stock,2025-01-01,2025-02-01,1,40.0,4.5,-35.5,35.5,35.5
6032,18825,low_demand,dead_stock,2025-01-01,2025-03-01,2,3.5,3.25,-0.25,0.25,0.25
6032,18825,low_demand,dead_stock,2025-01-01,2025-04-01,3,4.0,2.625,-1.375,1.375,1.375
6032,18825,low_demand,dead_stock,2025-01-01,2025-05-01,4,37.5,2.9375,-34.5625,34.5625,34.5625
6032,18825,low_demand,dead_stock,2025-01-01,2025-05-01,40,85.0,13.3125,-71.6875,71.6875,71.6875
6032,18825,rising,dead_stock,2025-02-01,2025-03-01,1,3.5,4.5,1.0,1.0,0.0
6032,18825,rising,dead_stock,2025-02-01,2025-04-01,2,4.0,3.25,-0.75,0.75,0.75
6032,18825,rising,dead_stock,2025-02-01,2025-05-01,3,37.5,3.875,-33.625,33.625,33.625
6032,18825,rising,dead_stock,2025-02-01,2025-06-01,4,0.0,3.5625,3.5625,3.5625,0.0
6032,18825,rising,dead_stock,2025-02-01,2025-06-01,40,45.0,15.1875,-29.8125,29.8125,29.8125
6032,18825,stable/normal,dead_stock,2025-03-01,2025-04-01,1,4.0,2.75,-1.25,1.25,1.25
6032,18825,stable/normal,dead_stock,2025-03-01,2025-05-01,2,37.5,3.125,-34.375,34.375,34.375
6032,18825,stable/normal,dead_stock,2025-03-01,2025-06-01,3,0.0,2.9375,2.9375,2.9375,0.0
6032,18825,stable/normal,dead_stock,2025-03-01,2025-07-01,4,0.0,2.84375,2.84375,2.84375,0.0
6032,18825,stable/normal,dead_stock,2025-03-01,2025-07-01,40,41.5,11.65625,-29.84375,29.84375,29.84375
6032,18825,stable/normal,dead_stock,2025-04-01,2025-05-01,1,37.5,3.75,-33.75,33.75,33.75
6032,18825,stable/normal,dead_stock,2025-04-01,2025-06-01,2,0.0,3.625,3.625,3.625,0.0
6032,18825,stable/normal,dead_stock,2025-04-01,2025-07-01,3,0.0,3.6875,3.6875,3.6875,0.0
6032,18825,stable/normal,dead_stock,2025-04-01,2025-08-01,4,0.0,3.65625,3.65625,3.65625,0.0
6032,18825,stable/normal,dead_stock,2025-04-01,2025-08-01,40,37.5,14.71875,-22.78125,22.78125,22.78125
6032,18825,rising,dead_stock,2025-05-01,2025-06-01,1,0.0,3.75,3.75,3.75,0.0
6032,18825,rising,dead_stock,2025-05-01,2025-07-01,2,0.0,3.875,3.875,3.875,0.0
6032,18825,rising,dead_stock,2025-05-01,2025-08-01,3,0.0,3.8125,3.8125,3.8125,0.0
6032,18825,rising,dead_stock,2025-05-01,2025-09-01,4,1.5,3.78125,2.28125,2.28125,0.0
6032,18825,rising,dead_stock,2025-05-01,2025-09-01,40,1.5,15.21875,13.71875,13.71875,0.0
6032,18825,rising,dead_stock,2025-06-01,2025-07-01,1,0.0,2.0,2.0,2.0,0.0
6032,18825,rising,dead_stock,2025-06-01,2025-08-01,2,0.0,1.0,1.0,1.0,0.0
6032,18825,rising,dead_stock,2025-06-01,2025-09-01,3,1.5,0.5,-1.0,1.0,1.0
6032,18825,rising,dead_stock,2025-06-01,2025-10-01,4,10.5,0.75,-9.75,9.75,9.75
6032,18825,rising,dead_stock,2025-06-01,2025-10-01,40,12.0,4.25,-7.75,7.75,7.75
6032,18825,rising,dead_stock,2025-07-01,2025-08-01,1,0.0,0.0,0.0,0.0,0.0
6032,18825,rising,dead_stock,2025-07-01,2025-09-01,2,1.5,0.0,-1.5,1.5,1.5
6032,18825,rising,dead_stock,2025-07-01,2025-10-01,3,10.5,0.0,-10.5,10.5,10.5
6032,18825,rising,dead_stock,2025-07-01,2025-11-01,4,0.0,0.0,0.0,0.0,0.0
6032,18825,rising,dead_stock,2025-07-01,2025-11-01,40,12.0,0.0,-12.0,12.0,12.0
6032,18825,falling,dead_stock,2025-08-01,2025-09-01,1,1.5,0.0,-1.5,1.5,1.5
6032,18825,falling,dead_stock,2025-08-01,2025-10-01,2,10.5,0.0,-10.5,10.5,10.5
6032,18825,falling,dead_stock,2025-08-01,2025-11-01,3,0.0,0.0,0.0,0.0,0.0
6032,18825,falling,dead_stock,2025-08-01,2025-12-01,4,2.0,0.0,-2.0,2.0,2.0
6032,18825,falling,dead_stock,2025-08-01,2025-12-01,40,14.0,0.0,-14.0,14.0,14.0
6032,18825,falling,dead_stock,2025-09-01,2025-10-01,1,10.5,0.0,-10.5,10.5,10.5
6032,18825,falling,dead_stock,2025-09-01,2025-11-01,2,0.0,0.0,0.0,0.0,0.0
6032,18825,falling,dead_stock,2025-09-01,2025-12-01,3,2.0,0.0,-2.0,2.0,2.0
6032,18825,falling,dead_stock,2025-09-01,2026-01-01,4,0.0,0.0,0.0,0.0,0.0
6032,18825,falling,dead_stock,2025-09-01,2026-01-01,40,12.5,0.0,-12.5,12.5,12.5
6032,18825,stable/normal,dead_stock,2025-10-01,2025-11-01,1,0.0,0.75,0.75,0.75,0.0
6032,18825,stable/normal,dead_stock,2025-10-01,2025-12-01,2,2.0,1.125,-0.875,0.875,0.875
6032,18825,stable/normal,dead_stock,2025-10-01,2026-01-01,3,0.0,0.9375,0.9375,0.9375,0.0
6032,18825,stable/normal,dead_stock,2025-10-01,2026-02-01,4,15.0,0.84375,-14.15625,14.15625,14.15625
6032,18825,stable/normal,dead_stock,2025-10-01,2026-02-01,40,17.0,3.65625,-13.34375,13.34375,13.34375
6032,18825,falling,dead_stock,2025-11-01,2025-12-01,1,2.0,0.75,-1.25,1.25,1.25
6032,18825,falling,dead_stock,2025-11-01,2026-01-01,2,0.0,0.375,0.375,0.375,0.0
6032,18825,falling,dead_stock,2025-11-01,2026-02-01,3,15.0,0.1875,-14.8125,14.8125,14.8125
6032,18825,falling,dead_stock,2025-11-01,2026-03-01,4,0.0,0.28125,0.28125,0.28125,0.0
6032,18825,falling,dead_stock,2025-11-01,2026-03-01,40,17.0,1.59375,-15.40625,15.40625,15.40625
6032,18825,falling,dead_stock,2025-12-01,2026-01-01,1,0.0,1.0,1.0,1.0,0.0
6032,18825,falling,dead_stock,2025-12-01,2026-02-01,2,15.0,0.5,-14.5,14.5,14.5
6032,18825,falling,dead_stock,2025-12-01,2026-03-01,3,0.0,0.75,0.75,0.75,0.0
6032,18825,falling,dead_stock,2025-12-01,2026-04-01,4,0.0,0.625,0.625,0.625,0.0
6032,18825,falling,dead_stock,2025-12-01,2026-04-01,40,15.0,2.875,-12.125,12.125,12.125
6032,18825,falling,dead_stock,2026-01-01,2026-02-01,1,15.0,0.0,-15.0,15.0,15.0
6032,18825,falling,dead_stock,2026-01-01,2026-03-01,2,0.0,0.0,0.0,0.0,0.0
6032,18825,falling,dead_stock,2026-01-01,2026-04-01,3,0.0,0.0,0.0,0.0,0.0
6032,18825,falling,dead_stock,2026-01-01,2026-05-01,4,0.0,0.0,0.0,0.0,0.0
6032,18825,falling,dead_stock,2026-01-01,2026-05-01,40,15.0,0.0,-15.0,15.0,15.0
6032,18825,falling,dead_stock,2026-02-01,2026-03-01,1,0.0,1.0,1.0,1.0,0.0
6032,18825,falling,dead_stock,2026-02-01,2026-04-01,2,0.0,0.5,0.5,0.5,0.0
6032,18825,falling,dead_stock,2026-02-01,2026-05-01,3,0.0,0.75,0.75,0.75,0.0
6032,18825,falling,dead_stock,2026-02-01,2026-06-01,4,0.0,0.625,0.625,0.625,0.0
6032,18825,falling,dead_stock,2026-02-01,2026-06-01,40,0.0,2.875,2.875,2.875,0.0
6032,18825,falling,dead_stock,2026-03-01,2026-04-01,1,0.0,0.0,0.0,0.0,0.0
6032,18825,falling,dead_stock,2026-03-01,2026-05-01,2,0.0,0.0,0.0,0.0,0.0
6032,18825,falling,dead_stock,2026-03-01,2026-06-01,3,0.0,0.0,0.0,0.0,0.0
6032,18825,falling,dead_stock,2026-03-01,2026-07-01,4,0.0,0.0,0.0,0.0,0.0
6032,18825,falling,dead_stock,2026-03-01,2026-07-01,40,0.0,0.0,0.0,0.0,0.0
6032,18825,falling,dead_stock,2026-04-01,2026-05-01,1,0.0,0.0,0.0,0.0,0.0
6032,18825,falling,dead_stock,2026-04-01,2026-06-01,2,0.0,0.0,0.0,0.0,0.0
6032,18825,falling,dead_stock,2026-04-01,2026-07-01,3,0.0,0.0,0.0,0.0,0.0
6032,18825,falling,dead_stock,2026-04-01,2026-08-01,4,0.0,0.0,0.0,0.0,0.0
6032,18825,falling,dead_stock,2026-04-01,2026-08-01,40,0.0,0.0,0.0,0.0,0.0
6032,18825,intermittent,dead_stock,2026-05-01,2026-06-01,1,0.0,0.0,0.0,0.0,0.0
6032,18825,intermittent,dead_stock,2026-05-01,2026-07-01,2,0.0,0.0,0.0,0.0,0.0
6032,18825,intermittent,dead_stock,2026-05-01,2026-08-01,3,0.0,0.0,0.0,0.0,0.0
6032,18825,intermittent,dead_stock,2026-05-01,2026-09-01,4,0.0,0.0,0.0,0.0,0.0
6032,18825,intermittent,dead_stock,2026-05-01,2026-09-01,40,0.0,0.0,0.0,0.0,0.0
6032,18825,intermittent,dead_stock,2026-06-01,2026-07-01,1,0.0,0.0,0.0,0.0,0.0
6032,18825,intermittent,dead_stock,2026-06-01,2026-08-01,2,0.0,0.0,0.0,0.0,0.0
6032,18825,intermittent,dead_stock,2026-06-01,2026-09-01,3,0.0,0.0,0.0,0.0,0.0
6032,18825,intermittent,dead_stock,2026-07-01,2026-08-01,1,0.0,0.0,0.0,0.0,0.0
6032,18825,intermittent,dead_stock,2026-07-01,2026-09-01,2,0.0,0.0,0.0,0.0,0.0
6032,18825,dead_stock,dead_stock,2026-08-01,2026-09-01,1,0.0,0.0,0.0,0.0,0.0
10063,DE-V1-05,intermittent,dead_stock,2024-01-01,2024-02-01,1,0.75,0.75,0.0,0.0,0.0
10063,DE-V1-05,intermittent,dead_stock,2024-01-01,2024-03-01,2,0.0,0.375,0.375,0.375,0.0
10063,DE-V1-05,intermittent,dead_stock,2024-01-01,2024-04-01,3,0.0,0.1875,0.1875,0.1875,0.0
10063,DE-V1-05,intermittent,dead_stock,2024-01-01,2024-05-01,4,11.0,0.28125,-10.71875,10.71875,10.71875
10063,DE-V1-05,intermittent,dead_stock,2024-01-01,2024-05-01,40,11.75,1.59375,-10.15625,10.15625,10.15625
10063,DE-V1-05,intermittent,dead_stock,2024-02-01,2024-03-01,1,0.0,0.375,0.375,0.375,0.0
10063,DE-V1-05,intermittent,dead_stock,2024-02-01,2024-04-01,2,0.0,0.1875,0.1875,0.1875,0.0
10063,DE-V1-05,intermittent,dead_stock,2024-02-01,2024-05-01,3,11.0,0.28125,-10.71875,10.71875,10.71875
10063,DE-V1-05,intermittent,dead_stock,2024-02-01,2024-06-01,4,0.0,0.234375,0.234375,0.234375,0.0
10063,DE-V1-05,intermittent,dead_stock,2024-02-01,2024-06-01,40,11.0,1.078125,-9.921875,9.921875,9.921875
10063,DE-V1-05,intermittent,dead_stock,2024-03-01,2024-04-01,1,0.0,0.0,0.0,0.0,0.0
10063,DE-V1-05,intermittent,dead_stock,2024-03-01,2024-05-01,2,11.0,0.0,-11.0,11.0,11.0
10063,DE-V1-05,intermittent,dead_stock,2024-03-01,2024-06-01,3,0.0,0.0,0.0,0.0,0.0
10063,DE-V1-05,intermittent,dead_stock,2024-03-01,2024-07-01,4,0.0,0.0,0.0,0.0,0.0
10063,DE-V1-05,intermittent,dead_stock,2024-03-01,2024-07-01,40,11.0,0.0,-11.0,11.0,11.0
10063,DE-V1-05,intermittent,dead_stock,2024-04-01,2024-05-01,1,11.0,0.0,-11.0,11.0,11.0
10063,DE-V1-05,intermittent,dead_stock,2024-04-01,2024-06-01,2,0.0,0.0,0.0,0.0,0.0
10063,DE-V1-05,intermittent,dead_stock,2024-04-01,2024-07-01,3,0.0,0.0,0.0,0.0,0.0
10063,DE-V1-05,intermittent,dead_stock,2024-04-01,2024-08-01,4,0.0,0.0,0.0,0.0,0.0
10063,DE-V1-05,intermittent,dead_stock,2024-04-01,2024-08-01,40,11.0,0.0,-11.0,11.0,11.0
10063,DE-V1-05,intermittent,dead_stock,2024-05-01,2024-06-01,1,0.0,0.0,0.0,0.0,0.0
10063,DE-V1-05,intermittent,dead_stock,2024-05-01,2024-07-01,2,0.0,0.0,0.0,0.0,0.0
10063,DE-V1-05,intermittent,dead_stock,2024-05-01,2024-08-01,3,0.0,0.0,0.0,0.0,0.0
10063,DE-V1-05,intermittent,dead_stock,2024-05-01,2024-09-01,4,0.0,0.0,0.0,0.0,0.0
10063,DE-V1-05,intermittent,dead_stock,2024-05-01,2024-09-01,40,0.0,0.0,0.0,0.0,0.0
10063,DE-V1-05,intermittent,dead_stock,2024-06-01,2024-07-01,1,0.0,0.0,0.0,0.0,0.0
10063,DE-V1-05,intermittent,dead_stock,2024-06-01,2024-08-01,2,0.0,0.0,0.0,0.0,0.0
10063,DE-V1-05,intermittent,dead_stock,2024-06-01,2024-09-01,3,0.0,0.0,0.0,0.0,0.0
10063,DE-V1-05,intermittent,dead_stock,2024-06-01,2024-10-01,4,0.0,0.0,0.0,0.0,0.0
10063,DE-V1-05,intermittent,dead_stock,2024-06-01,2024-10-01,40,0.0,0.0,0.0,0.0,0.0
10063,DE-V1-05,intermittent,dead_stock,2024-07-01,2024-08-01,1,0.0,0.0,0.0,0.0,0.0
10063,DE-V1-05,intermittent,dead_stock,2024-07-01,2024-09-01,2,0.0,0.0,0.0,0.0,0.0
10063,DE-V1-05,intermittent,dead_stock,2024-07-01,2024-10-01,3,0.0,0.0,0.0,0.0,0.0
10063,DE-V1-05,intermittent,dead_stock,2024-07-01,2024-11-01,4,0.0,0.0,0.0,0.0,0.0
10063,DE-V1-05,intermittent,dead_stock,2024-07-01,2024-11-01,40,0.0,0.0,0.0,0.0,0.0
10063,DE-V1-05,intermittent,dead_stock,2024-08-01,2024-09-01,1,0.0,0.0,0.0,0.0,0.0
10063,DE-V1-05,intermittent,dead_stock,2024-08-01,2024-10-01,2,0.0,0.0,0.0,0.0,0.0
10063,DE-V1-05,intermittent,dead_stock,2024-08-01,2024-11-01,3,0.0,0.0,0.0,0.0,0.0
10063,DE-V1-05,intermittent,dead_stock,2024-08-01,2024-12-01,4,0.0,0.0,0.0,0.0,0.0
10063,DE-V1-05,intermittent,dead_stock,2024-08-01,2024-12-01,40,0.0,0.0,0.0,0.0,0.0
10063,DE-V1-05,intermittent,dead_stock,2024-09-01,2024-10-01,1,0.0,0.0,0.0,0.0,0.0
10063,DE-V1-05,intermittent,dead_stock,2024-09-01,2024-11-01,2,0.0,0.0,0.0,0.0,0.0
10063,DE-V1-05,intermittent,dead_stock,2024-09-01,2024-12-01,3,0.0,0.0,0.0,0.0,0.0
10063,DE-V1-05,intermittent,dead_stock,2024-09-01,2025-01-01,4,0.0,0.0,0.0,0.0,0.0
10063,DE-V1-05,intermittent,dead_stock,2024-09-01,2025-01-01,40,0.0,0.0,0.0,0.0,0.0
10063,DE-V1-05,intermittent,dead_stock,2024-10-01,2024-11-01,1,0.0,0.0,0.0,0.0,0.0
10063,DE-V1-05,intermittent,dead_stock,2024-10-01,2024-12-01,2,0.0,0.0,0.0,0.0,0.0
10063,DE-V1-05,intermittent,dead_stock,2024-10-01,2025-01-01,3,0.0,0.0,0.0,0.0,0.0
10063,DE-V1-05,intermittent,dead_stock,2024-10-01,2025-02-01,4,0.0,0.0,0.0,0.0,0.0
10063,DE-V1-05,intermittent,dead_stock,2024-10-01,2025-02-01,40,0.0,0.0,0.0,0.0,0.0
10063,DE-V1-05,dead_stock,dead_stock,2024-11-01,2024-12-01,1,0.0,0.0,0.0,0.0,0.0
10063,DE-V1-05,dead_stock,dead_stock,2024-11-01,2025-01-01,2,0.0,0.0,0.0,0.0,0.0
10063,DE-V1-05,dead_stock,dead_stock,2024-11-01,2025-02-01,3,0.0,0.0,0.0,0.0,0.0
10063,DE-V1-05,dead_stock,dead_stock,2024-11-01,2025-03-01,4,0.0,0.0,0.0,0.0,0.0
10063,DE-V1-05,dead_stock,dead_stock,2024-11-01,2025-03-01,40,0.0,0.0,0.0,0.0,0.0
10063,DE-V1-05,dead_stock,dead_stock,2024-12-01,2025-01-01,1,0.0,0.0,0.0,0.0,0.0
10063,DE-V1-05,dead_stock,dead_stock,2024-12-01,2025-02-01,2,0.0,0.0,0.0,0.0,0.0
10063,DE-V1-05,dead_stock,dead_stock,2024-12-01,2025-03-01,3,0.0,0.0,0.0,0.0,0.0
10063,DE-V1-05,dead_stock,dead_stock,2024-12-01,2025-04-01,4,0.0,0.0,0.0,0.0,0.0
10063,DE-V1-05,dead_stock,dead_stock,2024-12-01,2025-04-01,40,0.0,0.0,0.0,0.0,0.0
10063,DE-V1-05,dead_stock,dead_stock,2025-01-01,2025-02-01,1,0.0,0.0,0.0,0.0,0.0
10063,DE-V1-05,dead_stock,dead_stock,2025-01-01,2025-03-01,2,0.0,0.0,0.0,0.0,0.0
10063,DE-V1-05,dead_stock,dead_stock,2025-01-01,2025-04-01,3,0.0,0.0,0.0,0.0,0.0
10063,DE-V1-05,dead_stock,dead_stock,2025-01-01,2025-05-01,4,0.0,0.0,0.0,0.0,0.0
10063,DE-V1-05,dead_stock,dead_stock,2025-01-01,2025-05-01,40,0.0,0.0,0.0,0.0,0.0
10063,DE-V1-05,dead_stock,dead_stock,2025-02-01,2025-03-01,1,0.0,0.0,0.0,0.0,0.0
10063,DE-V1-05,dead_stock,dead_stock,2025-02-01,2025-04-01,2,0.0,0.0,0.0,0.0,0.0
10063,DE-V1-05,dead_stock,dead_stock,2025-02-01,2025-05-01,3,0.0,0.0,0.0,0.0,0.0
10063,DE-V1-05,dead_stock,dead_stock,2025-02-01,2025-06-01,4,0.0,0.0,0.0,0.0,0.0
10063,DE-V1-05,dead_stock,dead_stock,2025-02-01,2025-06-01,40,0.0,0.0,0.0,0.0,0.0
10063,DE-V1-05,dead_stock,dead_stock,2025-03-01,2025-04-01,1,0.0,0.0,0.0,0.0,0.0
10063,DE-V1-05,dead_stock,dead_stock,2025-03-01,2025-05-01,2,0.0,0.0,0.0,0.0,0.0
10063,DE-V1-05,dead_stock,dead_stock,2025-03-01,2025-06-01,3,0.0,0.0,0.0,0.0,0.0
10063,DE-V1-05,dead_stock,dead_stock,2025-03-01,2025-07-01,4,0.0,0.0,0.0,0.0,0.0
10063,DE-V1-05,dead_stock,dead_stock,2025-03-01,2025-07-01,40,0.0,0.0,0.0,0.0,0.0
10063,DE-V1-05,dead_stock,dead_stock,2025-04-01,2025-05-01,1,0.0,0.0,0.0,0.0,0.0
10063,DE-V1-05,dead_stock,dead_stock,2025-04-01,2025-06-01,2,0.0,0.0,0.0,0.0,0.0
10063,DE-V1-05,dead_stock,dead_stock,2025-04-01,2025-07-01,3,0.0,0.0,0.0,0.0,0.0
10063,DE-V1-05,dead_stock,dead_stock,2025-04-01,2025-08-01,4,0.0,0.0,0.0,0.0,0.0
10063,DE-V1-05,dead_stock,dead_stock,2025-04-01,2025-08-01,40,0.0,0.0,0.0,0.0,0.0
10063,DE-V1-05,dead_stock,dead_stock,2025-05-01,2025-06-01,1,0.0,0.0,0.0,0.0,0.0
10063,DE-V1-05,dead_stock,dead_stock,2025-05-01,2025-07-01,2,0.0,0.0,0.0,0.0,0.0
10063,DE-V1-05,dead_stock,dead_stock,2025-05-01,2025-08-01,3,0.0,0.0,0.0,0.0,0.0
10063,DE-V1-05,dead_stock,dead_stock,2025-05-01,2025-09-01,4,0.0,0.0,0.0,0.0,0.0
10063,DE-V1-05,dead_stock,dead_stock,2025-05-01,2025-09-01,40,0.0,0.0,0.0,0.0,0.0
10063,DE-V1-05,dead_stock,dead_stock,2025-06-01,2025-07-01,1,0.0,0.0,0.0,0.0,0.0
10063,DE-V1-05,dead_stock,dead_stock,2025-06-01,2025-08-01,2,0.0,0.0,0.0,0.0,0.0
10063,DE-V1-05,dead_stock,dead_stock,2025-06-01,2025-09-01,3,0.0,0.0,0.0,0.0,0.0
10063,DE-V1-05,dead_stock,dead_stock,2025-06-01,2025-10-01,4,0.0,0.0,0.0,0.0,0.0
10063,DE-V1-05,dead_stock,dead_stock,2025-06-01,2025-10-01,40,0.0,0.0,0.0,0.0,0.0
10063,DE-V1-05,dead_stock,dead_stock,2025-07-01,2025-08-01,1,0.0,0.0,0.0,0.0,0.0
10063,DE-V1-05,dead_stock,dead_stock,2025-07-01,2025-09-01,2,0.0,0.0,0.0,0.0,0.0
10063,DE-V1-05,dead_stock,dead_stock,2025-07-01,2025-10-01,3,0.0,0.0,0.0,0.0,0.0
10063,DE-V1-05,dead_stock,dead_stock,2025-07-01,2025-11-01,4,0.0,0.0,0.0,0.0,0.0
10063,DE-V1-05,dead_stock,dead_stock,2025-07-01,2025-11-01,40,0.0,0.0,0.0,0.0,0.0
10063,DE-V1-05,dead_stock,dead_stock,2025-08-01,2025-09-01,1,0.0,0.0,0.0,0.0,0.0
10063,DE-V1-05,dead_stock,dead_stock,2025-08-01,2025-10-01,2,0.0,0.0,0.0,0.0,0.0
10063,DE-V1-05,dead_stock,dead_stock,2025-08-01,2025-11-01,3,0.0,0.0,0.0,0.0,0.0
10063,DE-V1-05,dead_stock,dead_stock,2025-08-01,2025-12-01,4,0.0,0.0,0.0,0.0,0.0
10063,DE-V1-05,dead_stock,dead_stock,2025-08-01,2025-12-01,40,0.0,0.0,0.0,0.0,0.0
10063,DE-V1-05,dead_stock,dead_stock,2025-09-01,2025-10-01,1,0.0,0.0,0.0,0.0,0.0
10063,DE-V1-05,dead_stock,dead_stock,2025-09-01,2025-11-01,2,0.0,0.0,0.0,0.0,0.0
10063,DE-V1-05,dead_stock,dead_stock,2025-09-01,2025-12-01,3,0.0,0.0,0.0,0.0,0.0
10063,DE-V1-05,dead_stock,dead_stock,2025-09-01,2026-01-01,4,0.0,0.0,0.0,0.0,0.0
10063,DE-V1-05,dead_stock,dead_stock,2025-09-01,2026-01-01,40,0.0,0.0,0.0,0.0,0.0
10063,DE-V1-05,dead_stock,dead_stock,2025-10-01,2025-11-01,1,0.0,0.0,0.0,0.0,0.0
10063,DE-V1-05,dead_stock,dead_stock,2025-10-01,2025-12-01,2,0.0,0.0,0.0,0.0,0.0
10063,DE-V1-05,dead_stock,dead_stock,2025-10-01,2026-01-01,3,0.0,0.0,0.0,0.0,0.0
10063,DE-V1-05,dead_stock,dead_stock,2025-10-01,2026-02-01,4,0.0,0.0,0.0,0.0,0.0
10063,DE-V1-05,dead_stock,dead_stock,2025-10-01,2026-02-01,40,0.0,0.0,0.0,0.0,0.0
10063,DE-V1-05,dead_stock,dead_stock,2025-11-01,2025-12-01,1,0.0,0.0,0.0,0.0,0.0
10063,DE-V1-05,dead_stock,dead_stock,2025-11-01,2026-01-01,2,0.0,0.0,0.0,0.0,0.0
10063,DE-V1-05,dead_stock,dead_stock,2025-11-01,2026-02-01,3,0.0,0.0,0.0,0.0,0.0
10063,DE-V1-05,dead_stock,dead_stock,2025-11-01,2026-03-01,4,0.0,0.0,0.0,0.0,0.0
10063,DE-V1-05,dead_stock,dead_stock,2025-11-01,2026-03-01,40,0.0,0.0,0.0,0.0,0.0
10063,DE-V1-05,dead_stock,dead_stock,2025-12-01,2026-01-01,1,0.0,0.0,0.0,0.0,0.0
10063,DE-V1-05,dead_stock,dead_stock,2025-12-01,2026-02-01,2,0.0,0.0,0.0,0.0,0.0
10063,DE-V1-05,dead_stock,dead_stock,2025-12-01,2026-03-01,3,0.0,0.0,0.0,0.0,0.0
10063,DE-V1-05,dead_stock,dead_stock,2025-12-01,2026-04-01,4,0.0,0.0,0.0,0.0,0.0
10063,DE-V1-05,dead_stock,dead_stock,2025-12-01,2026-04-01,40,0.0,0.0,0.0,0.0,0.0
10063,DE-V1-05,dead_stock,dead_stock,2026-01-01,2026-02-01,1,0.0,0.0,0.0,0.0,0.0
10063,DE-V1-05,dead_stock,dead_stock,2026-01-01,2026-03-01,2,0.0,0.0,0.0,0.0,0.0
10063,DE-V1-05,dead_stock,dead_stock,2026-01-01,2026-04-01,3,0.0,0.0,0.0,0.0,0.0
10063,DE-V1-05,dead_stock,dead_stock,2026-01-01,2026-05-01,4,0.0,0.0,0.0,0.0,0.0
10063,DE-V1-05,dead_stock,dead_stock,2026-01-01,2026-05-01,40,0.0,0.0,0.0,0.0,0.0
10063,DE-V1-05,dead_stock,dead_stock,2026-02-01,2026-03-01,1,0.0,0.0,0.0,0.0,0.0
10063,DE-V1-05,dead_stock,dead_stock,2026-02-01,2026-04-01,2,0.0,0.0,0.0,0.0,0.0
10063,DE-V1-05,dead_stock,dead_stock,2026-02-01,2026-05-01,3,0.0,0.0,0.0,0.0,0.0
10063,DE-V1-05,dead_stock,dead_stock,2026-02-01,2026-06-01,4,0.0,0.0,0.0,0.0,0.0
10063,DE-V1-05,dead_stock,dead_stock,2026-02-01,2026-06-01,40,0.0,0.0,0.0,0.0,0.0
10063,DE-V1-05,dead_stock,dead_stock,2026-03-01,2026-04-01,1,0.0,0.0,0.0,0.0,0.0
10063,DE-V1-05,dead_stock,dead_stock,2026-03-01,2026-05-01,2,0.0,0.0,0.0,0.0,0.0
10063,DE-V1-05,dead_stock,dead_stock,2026-03-01,2026-06-01,3,0.0,0.0,0.0,0.0,0.0
10063,DE-V1-05,dead_stock,dead_stock,2026-03-01,2026-07-01,4,0.0,0.0,0.0,0.0,0.0
10063,DE-V1-05,dead_stock,dead_stock,2026-03-01,2026-07-01,40,0.0,0.0,0.0,0.0,0.0
10063,DE-V1-05,dead_stock,dead_stock,2026-04-01,2026-05-01,1,0.0,0.0,0.0,0.0,0.0
10063,DE-V1-05,dead_stock,dead_stock,2026-04-01,2026-06-01,2,0.0,0.0,0.0,0.0,0.0
10063,DE-V1-05,dead_stock,dead_stock,2026-04-01,2026-07-01,3,0.0,0.0,0.0,0.0,0.0
10063,DE-V1-05,dead_stock,dead_stock,2026-04-01,2026-08-01,4,0.0,0.0,0.0,0.0,0.0
10063,DE-V1-05,dead_stock,dead_stock,2026-04-01,2026-08-01,40,0.0,0.0,0.0,0.0,0.0
10063,DE-V1-05,dead_stock,dead_stock,2026-05-01,2026-06-01,1,0.0,0.0,0.0,0.0,0.0
10063,DE-V1-05,dead_stock,dead_stock,2026-05-01,2026-07-01,2,0.0,0.0,0.0,0.0,0.0
10063,DE-V1-05,dead_stock,dead_stock,2026-05-01,2026-08-01,3,0.0,0.0,0.0,0.0,0.0
10063,DE-V1-05,dead_stock,dead_stock,2026-05-01,2026-09-01,4,0.0,0.0,0.0,0.0,0.0
10063,DE-V1-05,dead_stock,dead_stock,2026-05-01,2026-09-01,40,0.0,0.0,0.0,0.0,0.0
10063,DE-V1-05,dead_stock,dead_stock,2026-06-01,2026-07-01,1,0.0,0.0,0.0,0.0,0.0
10063,DE-V1-05,dead_stock,dead_stock,2026-06-01,2026-08-01,2,0.0,0.0,0.0,0.0,0.0
10063,DE-V1-05,dead_stock,dead_stock,2026-06-01,2026-09-01,3,0.0,0.0,0.0,0.0,0.0
10063,DE-V1-05,dead_stock,dead_stock,2026-07-01,2026-08-01,1,0.0,0.0,0.0,0.0,0.0
10063,DE-V1-05,dead_stock,dead_stock,2026-07-01,2026-09-01,2,0.0,0.0,0.0,0.0,0.0
10063,DE-V1-05,dead_stock,dead_stock,2026-08-01,2026-09-01,1,0.0,0.0,0.0,0.0,0.0
10700,393-30,intermittent,dead_stock,2024-07-01,2024-08-01,1,11.5,0.0,-11.5,11.5,11.5
10700,393-30,intermittent,dead_stock,2024-07-01,2024-09-01,2,9.0,0.0,-9.0,9.0,9.0
10700,393-30,intermittent,dead_stock,2024-07-01,2024-10-01,3,0.0,0.0,0.0,0.0,0.0
10700,393-30,intermittent,dead_stock,2024-07-01,2024-11-01,4,0.0,0.0,0.0,0.0,0.0
10700,393-30,intermittent,dead_stock,2024-07-01,2024-11-01,40,20.5,0.0,-20.5,20.5,20.5
10700,393-30,intermittent,dead_stock,2024-08-01,2024-09-01,1,9.0,5.75,-3.25,3.25,3.25
10700,393-30,intermittent,dead_stock,2024-08-01,2024-10-01,2,0.0,8.625,8.625,8.625,0.0
10700,393-30,intermittent,dead_stock,2024-08-01,2024-11-01,3,0.0,7.1875,7.1875,7.1875,0.0
10700,393-30,intermittent,dead_stock,2024-08-01,2024-12-01,4,0.0,6.46875,6.46875,6.46875,0.0
10700,393-30,intermittent,dead_stock,2024-08-01,2024-12-01,40,9.0,28.03125,19.03125,19.03125,0.0
10700,393-30,intermittent,dead_stock,2024-09-01,2024-10-01,1,0.0,10.25,10.25,10.25,0.0
10700,393-30,intermittent,dead_stock,2024-09-01,2024-11-01,2,0.0,9.625,9.625,9.625,0.0
10700,393-30,intermittent,dead_stock,2024-09-01,2024-12-01,3,0.0,9.3125,9.3125,9.3125,0.0
10700,393-30,intermittent,dead_stock,2024-09-01,2025-01-01,4,0.0,9.46875,9.46875,9.46875,0.0
10700,393-30,intermittent,dead_stock,2024-09-01,2025-01-01,40,0.0,38.65625,38.65625,38.65625,0.0
10700,393-30,intermittent,dead_stock,2024-10-01,2024-11-01,1,0.0,4.5,4.5,4.5,0.0
10700,393-30,intermittent,dead_stock,2024-10-01,2024-12-01,2,0.0,2.25,2.25,2.25,0.0
10700,393-30,intermittent,dead_stock,2024-10-01,2025-01-01,3,0.0,1.125,1.125,1.125,0.0
10700,393-30,intermittent,dead_stock,2024-10-01,2025-02-01,4,0.0,1.6875,1.6875,1.6875,0.0
10700,393-30,intermittent,dead_stock,2024-10-01,2025-02-01,40,0.0,9.5625,9.5625,9.5625,0.0
10700,393-30,intermittent,dead_stock,2024-11-01,2024-12-01,1,0.0,0.0,0.0,0.0,0.0
10700,393-30,intermittent,dead_stock,2024-11-01,2025-01-01,2,0.0,0.0,0.0,0.0,0.0
10700,393-30,intermittent,dead_stock,2024-11-01,2025-02-01,3,0.0,0.0,0.0,0.0,0.0
10700,393-30,intermittent,dead_stock,2024-11-01,2025-03-01,4,0.0,0.0,0.0,0.0,0.0
10700,393-30,intermittent,dead_stock,2024-11-01,2025-03-01,40,0.0,0.0,0.0,0.0,0.0
10700,393-30,intermittent,dead_stock,2024-12-01,2025-01-01,1,0.0,0.0,0.0,0.0,0.0
10700,393-30,intermittent,dead_stock,2024-12-01,2025-02-01,2,0.0,0.0,0.0,0.0,0.0
10700,393-30,intermittent,dead_stock,2024-12-01,2025-03-01,3,0.0,0.0,0.0,0.0,0.0
10700,393-30,intermittent,dead_stock,2024-12-01,2025-04-01,4,0.0,0.0,0.0,0.0,0.0
10700,393-30,intermittent,dead_stock,2024-12-01,2025-04-01,40,0.0,0.0,0.0,0.0,0.0
10700,393-30,intermittent,dead_stock,2025-01-01,2025-02-01,1,0.0,0.0,0.0,0.0,0.0
10700,393-30,intermittent,dead_stock,2025-01-01,2025-03-01,2,0.0,0.0,0.0,0.0,0.0
10700,393-30,intermittent,dead_stock,2025-01-01,2025-04-01,3,0.0,0.0,0.0,0.0,0.0
10700,393-30,intermittent,dead_stock,2025-01-01,2025-05-01,4,0.0,0.0,0.0,0.0,0.0
10700,393-30,intermittent,dead_stock,2025-01-01,2025-05-01,40,0.0,0.0,0.0,0.0,0.0
10700,393-30,intermittent,dead_stock,2025-02-01,2025-03-01,1,0.0,0.0,0.0,0.0,0.0
10700,393-30,intermittent,dead_stock,2025-02-01,2025-04-01,2,0.0,0.0,0.0,0.0,0.0
10700,393-30,intermittent,dead_stock,2025-02-01,2025-05-01,3,0.0,0.0,0.0,0.0,0.0
10700,393-30,intermittent,dead_stock,2025-02-01,2025-06-01,4,0.0,0.0,0.0,0.0,0.0
10700,393-30,intermittent,dead_stock,2025-02-01,2025-06-01,40,0.0,0.0,0.0,0.0,0.0
10700,393-30,dead_stock,dead_stock,2025-03-01,2025-04-01,1,0.0,0.0,0.0,0.0,0.0
10700,393-30,dead_stock,dead_stock,2025-03-01,2025-05-01,2,0.0,0.0,0.0,0.0,0.0
10700,393-30,dead_stock,dead_stock,2025-03-01,2025-06-01,3,0.0,0.0,0.0,0.0,0.0
10700,393-30,dead_stock,dead_stock,2025-03-01,2025-07-01,4,0.0,0.0,0.0,0.0,0.0
10700,393-30,dead_stock,dead_stock,2025-03-01,2025-07-01,40,0.0,0.0,0.0,0.0,0.0
10700,393-30,dead_stock,dead_stock,2025-04-01,2025-05-01,1,0.0,0.0,0.0,0.0,0.0
10700,393-30,dead_stock,dead_stock,2025-04-01,2025-06-01,2,0.0,0.0,0.0,0.0,0.0
10700,393-30,dead_stock,dead_stock,2025-04-01,2025-07-01,3,0.0,0.0,0.0,0.0,0.0
10700,393-30,dead_stock,dead_stock,2025-04-01,2025-08-01,4,0.0,0.0,0.0,0.0,0.0
10700,393-30,dead_stock,dead_stock,2025-04-01,2025-08-01,40,0.0,0.0,0.0,0.0,0.0
10700,393-30,dead_stock,dead_stock,2025-05-01,2025-06-01,1,0.0,0.0,0.0,0.0,0.0
10700,393-30,dead_stock,dead_stock,2025-05-01,2025-07-01,2,0.0,0.0,0.0,0.0,0.0
10700,393-30,dead_stock,dead_stock,2025-05-01,2025-08-01,3,0.0,0.0,0.0,0.0,0.0
10700,393-30,dead_stock,dead_stock,2025-05-01,2025-09-01,4,0.0,0.0,0.0,0.0,0.0
10700,393-30,dead_stock,dead_stock,2025-05-01,2025-09-01,40,0.0,0.0,0.0,0.0,0.0
10700,393-30,dead_stock,dead_stock,2025-06-01,2025-07-01,1,0.0,0.0,0.0,0.0,0.0
10700,393-30,dead_stock,dead_stock,2025-06-01,2025-08-01,2,0.0,0.0,0.0,0.0,0.0
10700,393-30,dead_stock,dead_stock,2025-06-01,2025-09-01,3,0.0,0.0,0.0,0.0,0.0
10700,393-30,dead_stock,dead_stock,2025-06-01,2025-10-01,4,0.0,0.0,0.0,0.0,0.0
10700,393-30,dead_stock,dead_stock,2025-06-01,2025-10-01,40,0.0,0.0,0.0,0.0,0.0
10700,393-30,dead_stock,dead_stock,2025-07-01,2025-08-01,1,0.0,0.0,0.0,0.0,0.0
10700,393-30,dead_stock,dead_stock,2025-07-01,2025-09-01,2,0.0,0.0,0.0,0.0,0.0
10700,393-30,dead_stock,dead_stock,2025-07-01,2025-10-01,3,0.0,0.0,0.0,0.0,0.0
10700,393-30,dead_stock,dead_stock,2025-07-01,2025-11-01,4,0.0,0.0,0.0,0.0,0.0
10700,393-30,dead_stock,dead_stock,2025-07-01,2025-11-01,40,0.0,0.0,0.0,0.0,0.0
10700,393-30,dead_stock,dead_stock,2025-08-01,2025-09-01,1,0.0,0.0,0.0,0.0,0.0
10700,393-30,dead_stock,dead_stock,2025-08-01,2025-10-01,2,0.0,0.0,0.0,0.0,0.0
10700,393-30,dead_stock,dead_stock,2025-08-01,2025-11-01,3,0.0,0.0,0.0,0.0,0.0
10700,393-30,dead_stock,dead_stock,2025-08-01,2025-12-01,4,0.0,0.0,0.0,0.0,0.0
10700,393-30,dead_stock,dead_stock,2025-08-01,2025-12-01,40,0.0,0.0,0.0,0.0,0.0
10700,393-30,dead_stock,dead_stock,2025-09-01,2025-10-01,1,0.0,0.0,0.0,0.0,0.0
10700,393-30,dead_stock,dead_stock,2025-09-01,2025-11-01,2,0.0,0.0,0.0,0.0,0.0
10700,393-30,dead_stock,dead_stock,2025-09-01,2025-12-01,3,0.0,0.0,0.0,0.0,0.0
10700,393-30,dead_stock,dead_stock,2025-09-01,2026-01-01,4,0.0,0.0,0.0,0.0,0.0
10700,393-30,dead_stock,dead_stock,2025-09-01,2026-01-01,40,0.0,0.0,0.0,0.0,0.0
10700,393-30,dead_stock,dead_stock,2025-10-01,2025-11-01,1,0.0,0.0,0.0,0.0,0.0
10700,393-30,dead_stock,dead_stock,2025-10-01,2025-12-01,2,0.0,0.0,0.0,0.0,0.0
10700,393-30,dead_stock,dead_stock,2025-10-01,2026-01-01,3,0.0,0.0,0.0,0.0,0.0
10700,393-30,dead_stock,dead_stock,2025-10-01,2026-02-01,4,0.0,0.0,0.0,0.0,0.0
10700,393-30,dead_stock,dead_stock,2025-10-01,2026-02-01,40,0.0,0.0,0.0,0.0,0.0
10700,393-30,dead_stock,dead_stock,2025-11-01,2025-12-01,1,0.0,0.0,0.0,0.0,0.0
10700,393-30,dead_stock,dead_stock,2025-11-01,2026-01-01,2,0.0,0.0,0.0,0.0,0.0
10700,393-30,dead_stock,dead_stock,2025-11-01,2026-02-01,3,0.0,0.0,0.0,0.0,0.0
10700,393-30,dead_stock,dead_stock,2025-11-01,2026-03-01,4,0.0,0.0,0.0,0.0,0.0
10700,393-30,dead_stock,dead_stock,2025-11-01,2026-03-01,40,0.0,0.0,0.0,0.0,0.0
10700,393-30,dead_stock,dead_stock,2025-12-01,2026-01-01,1,0.0,0.0,0.0,0.0,0.0
10700,393-30,dead_stock,dead_stock,2025-12-01,2026-02-01,2,0.0,0.0,0.0,0.0,0.0
10700,393-30,dead_stock,dead_stock,2025-12-01,2026-03-01,3,0.0,0.0,0.0,0.0,0.0
10700,393-30,dead_stock,dead_stock,2025-12-01,2026-04-01,4,0.0,0.0,0.0,0.0,0.0
10700,393-30,dead_stock,dead_stock,2025-12-01,2026-04-01,40,0.0,0.0,0.0,0.0,0.0
10700,393-30,dead_stock,dead_stock,2026-01-01,2026-02-01,1,0.0,0.0,0.0,0.0,0.0
10700,393-30,dead_stock,dead_stock,2026-01-01,2026-03-01,2,0.0,0.0,0.0,0.0,0.0
10700,393-30,dead_stock,dead_stock,2026-01-01,2026-04-01,3,0.0,0.0,0.0,0.0,0.0
10700,393-30,dead_stock,dead_stock,2026-01-01,2026-05-01,4,0.0,0.0,0.0,0.0,0.0
10700,393-30,dead_stock,dead_stock,2026-01-01,2026-05-01,40,0.0,0.0,0.0,0.0,0.0
10700,393-30,dead_stock,dead_stock,2026-02-01,2026-03-01,1,0.0,0.0,0.0,0.0,0.0
10700,393-30,dead_stock,dead_stock,2026-02-01,2026-04-01,2,0.0,0.0,0.0,0.0,0.0
10700,393-30,dead_stock,dead_stock,2026-02-01,2026-05-01,3,0.0,0.0,0.0,0.0,0.0
10700,393-30,dead_stock,dead_stock,2026-02-01,2026-06-01,4,0.0,0.0,0.0,0.0,0.0
10700,393-30,dead_stock,dead_stock,2026-02-01,2026-06-01,40,0.0,0.0,0.0,0.0,0.0
10700,393-30,dead_stock,dead_stock,2026-03-01,2026-04-01,1,0.0,0.0,0.0,0.0,0.0
10700,393-30,dead_stock,dead_stock,2026-03-01,2026-05-01,2,0.0,0.0,0.0,0.0,0.0
10700,393-30,dead_stock,dead_stock,2026-03-01,2026-06-01,3,0.0,0.0,0.0,0.0,0.0
10700,393-30,dead_stock,dead_stock,2026-03-01,2026-07-01,4,0.0,0.0,0.0,0.0,0.0
10700,393-30,dead_stock,dead_stock,2026-03-01,2026-07-01,40,0.0,0.0,0.0,0.0,0.0
10700,393-30,dead_stock,dead_stock,2026-04-01,2026-05-01,1,0.0,0.0,0.0,0.0,0.0
10700,393-30,dead_stock,dead_stock,2026-04-01,2026-06-01,2,0.0,0.0,0.0,0.0,0.0
10700,393-30,dead_stock,dead_stock,2026-04-01,2026-07-01,3,0.0,0.0,0.0,0.0,0.0
10700,393-30,dead_stock,dead_stock,2026-04-01,2026-08-01,4,0.0,0.0,0.0,0.0,0.0
10700,393-30,dead_stock,dead_stock,2026-04-01,2026-08-01,40,0.0,0.0,0.0,0.0,0.0
10700,393-30,dead_stock,dead_stock,2026-05-01,2026-06-01,1,0.0,0.0,0.0,0.0,0.0
10700,393-30,dead_stock,dead_stock,2026-05-01,2026-07-01,2,0.0,0.0,0.0,0.0,0.0
10700,393-30,dead_stock,dead_stock,2026-05-01,2026-08-01,3,0.0,0.0,0.0,0.0,0.0
10700,393-30,dead_stock,dead_stock,2026-05-01,2026-09-01,4,0.0,0.0,0.0,0.0,0.0
10700,393-30,dead_stock,dead_stock,2026-05-01,2026-09-01,40,0.0,0.0,0.0,0.0,0.0
10700,393-30,dead_stock,dead_stock,2026-06-01,2026-07-01,1,0.0,0.0,0.0,0.0,0.0
10700,393-30,dead_stock,dead_stock,2026-06-01,2026-08-01,2,0.0,0.0,0.0,0.0,0.0
10700,393-30,dead_stock,dead_stock,2026-06-01,2026-09-01,3,0.0,0.0,0.0,0.0,0.0
10700,393-30,dead_stock,dead_stock,2026-07-01,2026-08-01,1,0.0,0.0,0.0,0.0,0.0
10700,393-30,dead_stock,dead_stock,2026-07-01,2026-09-01,2,0.0,0.0,0.0,0.0,0.0
10700,393-30,dead_stock,dead_stock,2026-08-01,2026-09-01,1,0.0,0.0,0.0,0.0,0.0
9124,385-07,fast_moving,intermittent,2024-04-01,2024-05-01,1,0.0,98.375,98.375,98.375,0.0
9124,385-07,fast_moving,intermittent,2024-04-01,2024-06-01,2,0.0,49.1875,49.1875,49.1875,0.0
9124,385-07,fast_moving,intermittent,2024-04-01,2024-07-01,3,0.0,24.59375,24.59375,24.59375,0.0
9124,385-07,fast_moving,intermittent,2024-04-01,2024-08-01,4,0.0,36.890625,36.890625,36.890625,0.0
9124,385-07,fast_moving,intermittent,2024-04-01,2024-08-01,40,0.0,209.046875,209.046875,209.046875,0.0
9124,385-07,fast_moving,intermittent,2024-05-01,2024-06-01,1,0.0,0.0,0.0,0.0,0.0
9124,385-07,fast_moving,intermittent,2024-05-01,2024-07-01,2,0.0,0.0,0.0,0.0,0.0
9124,385-07,fast_moving,intermittent,2024-05-01,2024-08-01,3,0.0,0.0,0.0,0.0,0.0
9124,385-07,fast_moving,intermittent,2024-05-01,2024-09-01,4,30.0,0.0,-30.0,30.0,30.0
9124,385-07,fast_moving,intermittent,2024-05-01,2024-09-01,40,30.0,0.0,-30.0,30.0,30.0
9124,385-07,intermittent,intermittent,2024-06-01,2024-07-01,1,0.0,0.0,0.0,0.0,0.0
9124,385-07,intermittent,intermittent,2024-06-01,2024-08-01,2,0.0,0.0,0.0,0.0,0.0
9124,385-07,intermittent,intermittent,2024-06-01,2024-09-01,3,30.0,0.0,-30.0,30.0,30.0
9124,385-07,intermittent,intermittent,2024-06-01,2024-10-01,4,0.0,0.0,0.0,0.0,0.0
9124,385-07,intermittent,intermittent,2024-06-01,2024-10-01,40,30.0,0.0,-30.0,30.0,30.0
9124,385-07,intermittent,intermittent,2024-07-01,2024-08-01,1,0.0,0.0,0.0,0.0,0.0
9124,385-07,intermittent,intermittent,2024-07-01,2024-09-01,2,30.0,0.0,-30.0,30.0,30.0
9124,385-07,intermittent,intermittent,2024-07-01,2024-10-01,3,0.0,0.0,0.0,0.0,0.0
9124,385-07,intermittent,intermittent,2024-07-01,2024-11-01,4,17.0,0.0,-17.0,17.0,17.0
9124,385-07,intermittent,intermittent,2024-07-01,2024-11-01,40,47.0,0.0,-47.0,47.0,47.0
9124,385-07,intermittent,intermittent,2024-08-01,2024-09-01,1,30.0,0.0,-30.0,30.0,30.0
9124,385-07,intermittent,intermittent,2024-08-01,2024-10-01,2,0.0,0.0,0.0,0.0,0.0
9124,385-07,intermittent,intermittent,2024-08-01,2024-11-01,3,17.0,0.0,-17.0,17.0,17.0
9124,385-07,intermittent,intermittent,2024-08-01,2024-12-01,4,191.5,0.0,-191.5,191.5,191.5
9124,385-07,intermittent,intermittent,2024-08-01,2024-12-01,40,238.5,0.0,-238.5,238.5,238.5
9124,385-07,intermittent,intermittent,2024-09-01,2024-10-01,1,0.0,0.0,0.0,0.0,0.0
9124,385-07,intermittent,intermittent,2024-09-01,2024-11-01,2,17.0,0.0,-17.0,17.0,17.0
9124,385-07,intermittent,intermittent,2024-09-01,2024-12-01,3,191.5,0.0,-191.5,191.5,191.5
9124,385-07,intermittent,intermittent,2024-09-01,2025-01-01,4,63.0,0.0,-63.0,63.0,63.0
9124,385-07,intermittent,intermittent,2024-09-01,2025-01-01,40,271.5,0.0,-271.5,271.5,271.5
9124,385-07,intermittent,intermittent,2024-10-01,2024-11-01,1,17.0,0.0,-17.0,17.0,17.0
9124,385-07,intermittent,intermittent,2024-10-01,2024-12-01,2,191.5,0.0,-191.5,191.5,191.5
9124,385-07,intermittent,intermittent,2024-10-01,2025-01-01,3,63.0,0.0,-63.0,63.0,63.0
9124,385-07,intermittent,intermittent,2024-10-01,2025-02-01,4,61.0,0.0,-61.0,61.0,61.0
9124,385-07,intermittent,intermittent,2024-10-01,2025-02-01,40,332.5,0.0,-332.5,332.5,332.5
9124,385-07,intermittent,intermittent,2024-11-01,2024-12-01,1,191.5,8.5,-183.0,183.0,183.0
9124,385-07,intermittent,intermittent,2024-11-01,2025-01-01,2,63.0,4.25,-58.75,58.75,58.75
9124,385-07,intermittent,intermittent,2024-11-01,2025-02-01,3,61.0,6.375,-54.625,54.625,54.625
9124,385-07,intermittent,intermittent,2024-11-01,2025-03-01,4,184.0,5.3125,-178.6875,178.6875,178.6875
9124,385-07,intermittent,intermittent,2024-11-01,2025-03-01,40,499.5,24.4375,-475.0625,475.0625,475.0625
9124,385-07,intermittent,intermittent,2024-12-01,2025-01-01,1,63.0,8.5,-54.5,54.5,54.5
9124,385-07,intermittent,intermittent,2024-12-01,2025-02-01,2,61.0,12.75,-48.25,48.25,48.25
9124,385-07,intermittent,intermittent,2024-12-01,2025-03-01,3,184.0,10.625,-173.375,173.375,173.375
9124,385-07,intermittent,intermittent,2024-12-01,2025-04-01,4,0.0,9.5625,9.5625,9.5625,0.0
9124,385-07,intermittent,intermittent,2024-12-01,2025-04-01,40,308.0,41.4375,-266.5625,266.5625,266.5625
9124,385-07,intermittent,intermittent,2025-01-01,2025-02-01,1,61.0,40.0,-21.0,21.0,21.0
9124,385-07,intermittent,intermittent,2025-01-01,2025-03-01,2,184.0,51.5,-132.5,132.5,132.5
9124,385-07,intermittent,intermittent,2025-01-01,2025-04-01,3,0.0,45.75,45.75,45.75,0.0
9124,385-07,intermittent,intermittent,2025-01-01,2025-05-01,4,28.0,42.875,14.875,14.875,0.0
9124,385-07,intermittent,intermittent,2025-01-01,2025-05-01,40,273.0,180.125,-92.875,92.875,92.875
9124,385-07,intermittent,intermittent,2025-02-01,2025-03-01,1,184.0,62.0,-122.0,122.0,122.0
9124,385-07,intermittent,intermittent,2025-02-01,2025-04-01,2,0.0,61.5,61.5,61.5,0.0
9124,385-07,intermittent,intermittent,2025-02-01,2025-05-01,3,28.0,61.25,33.25,33.25,0.0
9124,385-07,intermittent,intermittent,2025-02-01,2025-06-01,4,23.0,61.375,38.375,38.375,0.0
9124,385-07,intermittent,intermittent,2025-02-01,2025-06-01,40,235.0,246.125,11.125,11.125,0.0
9124,385-07,intermittent,intermittent,2025-03-01,2025-04-01,1,0.0,62.0,62.0,62.0,0.0
9124,385-07,intermittent,intermittent,2025-03-01,2025-05-01,2,28.0,61.5,33.5,33.5,0.0
9124,385-07,intermittent,intermittent,2025-03-01,2025-06-01,3,23.0,61.75,38.75,38.75,0.0
9124,385-07,intermittent,intermittent,2025-03-01,2025-07-01,4,73.0,61.625,-11.375,11.375,11.375
9124,385-07,intermittent,intermittent,2025-03-01,2025-07-01,40,124.0,246.875,122.875,122.875,0.0
9124,385-07,intermittent,intermittent,2025-04-01,2025-05-01,1,28.0,30.5,2.5,2.5,0.0
9124,385-07,intermittent,intermittent,2025-04-01,2025-06-01,2,23.0,15.25,-7.75,7.75,7.75
9124,385-07,intermittent,intermittent,2025-04-01,2025-07-01,3,73.0,7.625,-65.375,65.375,65.375
9124,385-07,intermittent,intermittent,2025-04-01,2025-08-01,4,10.0,11.4375,1.4375,1.4375,0.0
9124,385-07,intermittent,intermittent,2025-04-01,2025-08-01,40,134.0,64.8125,-69.1875,69.1875,69.1875
9124,385-07,intermittent,intermittent,2025-05-01,2025-06-01,1,23.0,14.0,-9.0,9.0,9.0
9124,385-07,intermittent,intermittent,2025-05-01,2025-07-01,2,73.0,7.0,-66.0,66.0,66.0
9124,385-07,intermittent,intermittent,2025-05-01,2025-08-01,3,10.0,10.5,0.5,0.5,0.0
9124,385-07,intermittent,intermittent,2025-05-01,2025-09-01,4,23.0,8.75,-14.25,14.25,14.25
9124,385-07,intermittent,intermittent,2025-05-01,2025-09-01,40,129.0,40.25,-88.75,88.75,88.75
9124,385-07,fast_moving,intermittent,2025-06-01,2025-07-01,1,73.0,11.5,-61.5,61.5,61.5
9124,385-07,fast_moving,intermittent,2025-06-01,2025-08-01,2,10.0,17.25,7.25,7.25,0.0
9124,385-07,fast_moving,intermittent,2025-06-01,2025-09-01,3,23.0,14.375,-8.625,8.625,8.625
9124,385-07,fast_moving,intermittent,2025-06-01,2025-10-01,4,85.0,12.9375,-72.0625,72.0625,72.0625
9124,385-07,fast_moving,intermittent,2025-06-01,2025-10-01,40,191.0,56.0625,-134.9375,134.9375,134.9375
9124,385-07,fast_moving,intermittent,2025-07-01,2025-08-01,1,10.0,25.5,15.5,15.5,0.0
9124,385-07,fast_moving,intermittent,2025-07-01,2025-09-01,2,23.0,24.25,1.25,1.25,0.0
9124,385-07,fast_moving,intermittent,2025-07-01,2025-10-01,3,85.0,24.875,-60.125,60.125,60.125
9124,385-07,fast_moving,intermittent,2025-07-01,2025-11-01,4,114.5,24.5625,-89.9375,89.9375,89.9375
9124,385-07,fast_moving,intermittent,2025-07-01,2025-11-01,40,232.5,99.1875,-133.3125,133.3125,133.3125
9124,385-07,fast_moving,intermittent,2025-08-01,2025-09-01,1,23.0,16.5,-6.5,6.5,6.5
9124,385-07,fast_moving,intermittent,2025-08-01,2025-10-01,2,85.0,13.25,-71.75,71.75,71.75
9124,385-07,fast_moving,intermittent,2025-08-01,2025-11-01,3,114.5,11.625,-102.875,102.875,102.875
9124,385-07,fast_moving,intermittent,2025-08-01,2025-12-01,4,18.0,12.4375,-5.5625,5.5625,5.5625
9124,385-07,fast_moving,intermittent,2025-08-01,2025-12-01,40,240.5,53.8125,-186.6875,186.6875,186.6875
9124,385-07,falling,intermittent,2025-09-01,2025-10-01,1,85.0,16.5,-68.5,68.5,68.5
9124,385-07,falling,intermittent,2025-09-01,2025-11-01,2,114.5,13.25,-101.25,101.25,101.25
9124,385-07,falling,intermittent,2025-09-01,2025-12-01,3,18.0,14.875,-3.125,3.125,3.125
9124,385-07,falling,intermittent,2025-09-01,2026-01-01,4,0.0,14.0625,14.0625,14.0625,0.0
9124,385-07,falling,intermittent,2025-09-01,2026-01-01,40,217.5,58.6875,-158.8125,158.8125,158.8125
9124,385-07,fast_moving,intermittent,2025-10-01,2025-11-01,1,114.5,16.5,-98.0,98.0,98.0
9124,385-07,fast_moving,intermittent,2025-10-01,2025-12-01,2,18.0,19.75,1.75,1.75,0.0
9124,385-07,fast_moving,intermittent,2025-10-01,2026-01-01,3,0.0,18.125,18.125,18.125,0.0
9124,385-07,fast_moving,intermittent,2025-10-01,2026-02-01,4,5.5,17.3125,11.8125,11.8125,0.0
9124,385-07,fast_moving,intermittent,2025-10-01,2026-02-01,40,138.0,71.6875,-66.3125,66.3125,66.3125
9124,385-07,fast_moving,intermittent,2025-11-01,2025-12-01,1,18.0,54.0,36.0,36.0,0.0
9124,385-07,fast_moving,intermittent,2025-11-01,2026-01-01,2,0.0,69.5,69.5,69.5,0.0
9124,385-07,fast_moving,intermittent,2025-11-01,2026-02-01,3,5.5,61.75,56.25,56.25,0.0
9124,385-07,fast_moving,intermittent,2025-11-01,2026-03-01,4,0.0,57.875,57.875,57.875,0.0
9124,385-07,fast_moving,intermittent,2025-11-01,2026-03-01,40,23.5,243.125,219.625,219.625,0.0
9124,385-07,fast_moving,intermittent,2025-12-01,2026-01-01,1,0.0,51.5,51.5,51.5,0.0
9124,385-07,fast_moving,intermittent,2025-12-01,2026-02-01,2,5.5,34.75,29.25,29.25,0.0
9124,385-07,fast_moving,intermittent,2025-12-01,2026-03-01,3,0.0,26.375,26.375,26.375,0.0
9124,385-07,fast_moving,intermittent,2025-12-01,2026-04-01,4,0.0,30.5625,30.5625,30.5625,0.0
9124,385-07,fast_moving,intermittent,2025-12-01,2026-04-01,40,5.5,143.1875,137.6875,137.6875,0.0
9124,385-07,fast_moving,intermittent,2026-01-01,2026-02-01,1,5.5,9.0,3.5,3.5,0.0
9124,385-07,fast_moving,intermittent,2026-01-01,2026-03-01,2,0.0,4.5,4.5,4.5,0.0
9124,385-07,fast_moving,intermittent,2026-01-01,2026-04-01,3,0.0,2.25,2.25,2.25,0.0
9124,385-07,fast_moving,intermittent,2026-01-01,2026-05-01,4,0.0,3.375,3.375,3.375,0.0
9124,385-07,fast_moving,intermittent,2026-01-01,2026-05-01,40,5.5,19.125,13.625,13.625,0.0
9124,385-07,fast_moving,intermittent,2026-02-01,2026-03-01,1,0.0,2.75,2.75,2.75,0.0
9124,385-07,fast_moving,intermittent,2026-02-01,2026-04-01,2,0.0,1.375,1.375,1.375,0.0
9124,385-07,fast_moving,intermittent,2026-02-01,2026-05-01,3,0.0,2.0625,2.0625,2.0625,0.0
9124,385-07,fast_moving,intermittent,2026-02-01,2026-06-01,4,0.0,1.71875,1.71875,1.71875,0.0
9124,385-07,fast_moving,intermittent,2026-02-01,2026-06-01,40,0.0,7.90625,7.90625,7.90625,0.0
9124,385-07,rising,intermittent,2026-03-01,2026-04-01,1,0.0,0.0,0.0,0.0,0.0
9124,385-07,rising,intermittent,2026-03-01,2026-05-01,2,0.0,0.0,0.0,0.0,0.0
9124,385-07,rising,intermittent,2026-03-01,2026-06-01,3,0.0,0.0,0.0,0.0,0.0
9124,385-07,rising,intermittent,2026-03-01,2026-07-01,4,1.0,0.0,-1.0,1.0,1.0
9124,385-07,rising,intermittent,2026-03-01,2026-07-01,40,1.0,0.0,-1.0,1.0,1.0
9124,385-07,intermittent,intermittent,2026-04-01,2026-05-01,1,0.0,0.0,0.0,0.0,0.0
9124,385-07,intermittent,intermittent,2026-04-01,2026-06-01,2,0.0,0.0,0.0,0.0,0.0
9124,385-07,intermittent,intermittent,2026-04-01,2026-07-01,3,1.0,0.0,-1.0,1.0,1.0
9124,385-07,intermittent,intermittent,2026-04-01,2026-08-01,4,0.0,0.0,0.0,0.0,0.0
9124,385-07,intermittent,intermittent,2026-04-01,2026-08-01,40,1.0,0.0,-1.0,1.0,1.0
9124,385-07,intermittent,intermittent,2026-05-01,2026-06-01,1,0.0,0.0,0.0,0.0,0.0
9124,385-07,intermittent,intermittent,2026-05-01,2026-07-01,2,1.0,0.0,-1.0,1.0,1.0
9124,385-07,intermittent,intermittent,2026-05-01,2026-08-01,3,0.0,0.0,0.0,0.0,0.0
9124,385-07,intermittent,intermittent,2026-05-01,2026-09-01,4,3.0,0.0,-3.0,3.0,3.0
9124,385-07,intermittent,intermittent,2026-05-01,2026-09-01,40,4.0,0.0,-4.0,4.0,4.0
9124,385-07,intermittent,intermittent,2026-06-01,2026-07-01,1,1.0,0.0,-1.0,1.0,1.0
9124,385-07,intermittent,intermittent,2026-06-01,2026-08-01,2,0.0,0.0,0.0,0.0,0.0
9124,385-07,intermittent,intermittent,2026-06-01,2026-09-01,3,3.0,0.0,-3.0,3.0,3.0
9124,385-07,intermittent,intermittent,2026-07-01,2026-08-01,1,0.0,0.0,0.0,0.0,0.0
9124,385-07,intermittent,intermittent,2026-07-01,2026-09-01,2,3.0,0.0,-3.0,3.0,3.0
9124,385-07,intermittent,intermittent,2026-08-01,2026-09-01,1,3.0,0.0,-3.0,3.0,3.0
6907,377-14,intermittent,dead_stock,2023-12-01,2024-01-01,1,0.0,0.0,0.0,0.0,0.0
6907,377-14,intermittent,dead_stock,2023-12-01,2024-02-01,2,0.0,0.0,0.0,0.0,0.0
6907,377-14,intermittent,dead_stock,2023-12-01,2024-03-01,3,3.0,0.0,-3.0,3.0,3.0
6907,377-14,intermittent,dead_stock,2023-12-01,2024-04-01,4,0.0,0.0,0.0,0.0,0.0
6907,377-14,intermittent,dead_stock,2023-12-01,2024-04-01,40,3.0,0.0,-3.0,3.0,3.0
6907,377-14,intermittent,dead_stock,2024-01-01,2024-02-01,1,0.0,0.0,0.0,0.0,0.0
6907,377-14,intermittent,dead_stock,2024-01-01,2024-03-01,2,3.0,0.0,-3.0,3.0,3.0
6907,377-14,intermittent,dead_stock,2024-01-01,2024-04-01,3,0.0,0.0,0.0,0.0,0.0
6907,377-14,intermittent,dead_stock,2024-01-01,2024-05-01,4,0.0,0.0,0.0,0.0,0.0
6907,377-14,intermittent,dead_stock,2024-01-01,2024-05-01,40,3.0,0.0,-3.0,3.0,3.0
6907,377-14,intermittent,dead_stock,2024-02-01,2024-03-01,1,3.0,0.0,-3.0,3.0,3.0
6907,377-14,intermittent,dead_stock,2024-02-01,2024-04-01,2,0.0,0.0,0.0,0.0,0.0
6907,377-14,intermittent,dead_stock,2024-02-01,2024-05-01,3,0.0,0.0,0.0,0.0,0.0
6907,377-14,intermittent,dead_stock,2024-02-01,2024-06-01,4,0.0,0.0,0.0,0.0,0.0
6907,377-14,intermittent,dead_stock,2024-02-01,2024-06-01,40,3.0,0.0,-3.0,3.0,3.0
6907,377-14,intermittent,dead_stock,2024-03-01,2024-04-01,1,0.0,0.0,0.0,0.0,0.0
6907,377-14,intermittent,dead_stock,2024-03-01,2024-05-01,2,0.0,0.0,0.0,0.0,0.0
6907,377-14,intermittent,dead_stock,2024-03-01,2024-06-01,3,0.0,0.0,0.0,0.0,0.0
6907,377-14,intermittent,dead_stock,2024-03-01,2024-07-01,4,0.0,0.0,0.0,0.0,0.0
6907,377-14,intermittent,dead_stock,2024-03-01,2024-07-01,40,0.0,0.0,0.0,0.0,0.0
6907,377-14,intermittent,dead_stock,2024-04-01,2024-05-01,1,0.0,0.0,0.0,0.0,0.0
6907,377-14,intermittent,dead_stock,2024-04-01,2024-06-01,2,0.0,0.0,0.0,0.0,0.0
6907,377-14,intermittent,dead_stock,2024-04-01,2024-07-01,3,0.0,0.0,0.0,0.0,0.0
6907,377-14,intermittent,dead_stock,2024-04-01,2024-08-01,4,0.0,0.0,0.0,0.0,0.0
6907,377-14,intermittent,dead_stock,2024-04-01,2024-08-01,40,0.0,0.0,0.0,0.0,0.0
6907,377-14,intermittent,dead_stock,2024-05-01,2024-06-01,1,0.0,0.0,0.0,0.0,0.0
6907,377-14,intermittent,dead_stock,2024-05-01,2024-07-01,2,0.0,0.0,0.0,0.0,0.0
6907,377-14,intermittent,dead_stock,2024-05-01,2024-08-01,3,0.0,0.0,0.0,0.0,0.0
6907,377-14,intermittent,dead_stock,2024-05-01,2024-09-01,4,0.0,0.0,0.0,0.0,0.0
6907,377-14,intermittent,dead_stock,2024-05-01,2024-09-01,40,0.0,0.0,0.0,0.0,0.0
6907,377-14,intermittent,dead_stock,2024-06-01,2024-07-01,1,0.0,0.0,0.0,0.0,0.0
6907,377-14,intermittent,dead_stock,2024-06-01,2024-08-01,2,0.0,0.0,0.0,0.0,0.0
6907,377-14,intermittent,dead_stock,2024-06-01,2024-09-01,3,0.0,0.0,0.0,0.0,0.0
6907,377-14,intermittent,dead_stock,2024-06-01,2024-10-01,4,0.0,0.0,0.0,0.0,0.0
6907,377-14,intermittent,dead_stock,2024-06-01,2024-10-01,40,0.0,0.0,0.0,0.0,0.0
6907,377-14,intermittent,dead_stock,2024-07-01,2024-08-01,1,0.0,0.0,0.0,0.0,0.0
6907,377-14,intermittent,dead_stock,2024-07-01,2024-09-01,2,0.0,0.0,0.0,0.0,0.0
6907,377-14,intermittent,dead_stock,2024-07-01,2024-10-01,3,0.0,0.0,0.0,0.0,0.0
6907,377-14,intermittent,dead_stock,2024-07-01,2024-11-01,4,0.0,0.0,0.0,0.0,0.0
6907,377-14,intermittent,dead_stock,2024-07-01,2024-11-01,40,0.0,0.0,0.0,0.0,0.0
6907,377-14,intermittent,dead_stock,2024-08-01,2024-09-01,1,0.0,0.0,0.0,0.0,0.0
6907,377-14,intermittent,dead_stock,2024-08-01,2024-10-01,2,0.0,0.0,0.0,0.0,0.0
6907,377-14,intermittent,dead_stock,2024-08-01,2024-11-01,3,0.0,0.0,0.0,0.0,0.0
6907,377-14,intermittent,dead_stock,2024-08-01,2024-12-01,4,0.0,0.0,0.0,0.0,0.0
6907,377-14,intermittent,dead_stock,2024-08-01,2024-12-01,40,0.0,0.0,0.0,0.0,0.0
6907,377-14,dead_stock,dead_stock,2024-09-01,2024-10-01,1,0.0,0.0,0.0,0.0,0.0
6907,377-14,dead_stock,dead_stock,2024-09-01,2024-11-01,2,0.0,0.0,0.0,0.0,0.0
6907,377-14,dead_stock,dead_stock,2024-09-01,2024-12-01,3,0.0,0.0,0.0,0.0,0.0
6907,377-14,dead_stock,dead_stock,2024-09-01,2025-01-01,4,0.0,0.0,0.0,0.0,0.0
6907,377-14,dead_stock,dead_stock,2024-09-01,2025-01-01,40,0.0,0.0,0.0,0.0,0.0
6907,377-14,dead_stock,dead_stock,2024-10-01,2024-11-01,1,0.0,0.0,0.0,0.0,0.0
6907,377-14,dead_stock,dead_stock,2024-10-01,2024-12-01,2,0.0,0.0,0.0,0.0,0.0
6907,377-14,dead_stock,dead_stock,2024-10-01,2025-01-01,3,0.0,0.0,0.0,0.0,0.0
6907,377-14,dead_stock,dead_stock,2024-10-01,2025-02-01,4,0.0,0.0,0.0,0.0,0.0
6907,377-14,dead_stock,dead_stock,2024-10-01,2025-02-01,40,0.0,0.0,0.0,0.0,0.0
6907,377-14,dead_stock,dead_stock,2024-11-01,2024-12-01,1,0.0,0.0,0.0,0.0,0.0
6907,377-14,dead_stock,dead_stock,2024-11-01,2025-01-01,2,0.0,0.0,0.0,0.0,0.0
6907,377-14,dead_stock,dead_stock,2024-11-01,2025-02-01,3,0.0,0.0,0.0,0.0,0.0
6907,377-14,dead_stock,dead_stock,2024-11-01,2025-03-01,4,0.0,0.0,0.0,0.0,0.0
6907,377-14,dead_stock,dead_stock,2024-11-01,2025-03-01,40,0.0,0.0,0.0,0.0,0.0
6907,377-14,dead_stock,dead_stock,2024-12-01,2025-01-01,1,0.0,0.0,0.0,0.0,0.0
6907,377-14,dead_stock,dead_stock,2024-12-01,2025-02-01,2,0.0,0.0,0.0,0.0,0.0
6907,377-14,dead_stock,dead_stock,2024-12-01,2025-03-01,3,0.0,0.0,0.0,0.0,0.0
6907,377-14,dead_stock,dead_stock,2024-12-01,2025-04-01,4,0.0,0.0,0.0,0.0,0.0
6907,377-14,dead_stock,dead_stock,2024-12-01,2025-04-01,40,0.0,0.0,0.0,0.0,0.0
6907,377-14,dead_stock,dead_stock,2025-01-01,2025-02-01,1,0.0,0.0,0.0,0.0,0.0
6907,377-14,dead_stock,dead_stock,2025-01-01,2025-03-01,2,0.0,0.0,0.0,0.0,0.0
6907,377-14,dead_stock,dead_stock,2025-01-01,2025-04-01,3,0.0,0.0,0.0,0.0,0.0
6907,377-14,dead_stock,dead_stock,2025-01-01,2025-05-01,4,0.0,0.0,0.0,0.0,0.0
6907,377-14,dead_stock,dead_stock,2025-01-01,2025-05-01,40,0.0,0.0,0.0,0.0,0.0
6907,377-14,dead_stock,dead_stock,2025-02-01,2025-03-01,1,0.0,0.0,0.0,0.0,0.0
6907,377-14,dead_stock,dead_stock,2025-02-01,2025-04-01,2,0.0,0.0,0.0,0.0,0.0
6907,377-14,dead_stock,dead_stock,2025-02-01,2025-05-01,3,0.0,0.0,0.0,0.0,0.0
6907,377-14,dead_stock,dead_stock,2025-02-01,2025-06-01,4,0.0,0.0,0.0,0.0,0.0
6907,377-14,dead_stock,dead_stock,2025-02-01,2025-06-01,40,0.0,0.0,0.0,0.0,0.0
6907,377-14,dead_stock,dead_stock,2025-03-01,2025-04-01,1,0.0,0.0,0.0,0.0,0.0
6907,377-14,dead_stock,dead_stock,2025-03-01,2025-05-01,2,0.0,0.0,0.0,0.0,0.0
6907,377-14,dead_stock,dead_stock,2025-03-01,2025-06-01,3,0.0,0.0,0.0,0.0,0.0
6907,377-14,dead_stock,dead_stock,2025-03-01,2025-07-01,4,0.0,0.0,0.0,0.0,0.0
6907,377-14,dead_stock,dead_stock,2025-03-01,2025-07-01,40,0.0,0.0,0.0,0.0,0.0
6907,377-14,dead_stock,dead_stock,2025-04-01,2025-05-01,1,0.0,0.0,0.0,0.0,0.0
6907,377-14,dead_stock,dead_stock,2025-04-01,2025-06-01,2,0.0,0.0,0.0,0.0,0.0
6907,377-14,dead_stock,dead_stock,2025-04-01,2025-07-01,3,0.0,0.0,0.0,0.0,0.0
6907,377-14,dead_stock,dead_stock,2025-04-01,2025-08-01,4,0.0,0.0,0.0,0.0,0.0
6907,377-14,dead_stock,dead_stock,2025-04-01,2025-08-01,40,0.0,0.0,0.0,0.0,0.0
6907,377-14,dead_stock,dead_stock,2025-05-01,2025-06-01,1,0.0,0.0,0.0,0.0,0.0
6907,377-14,dead_stock,dead_stock,2025-05-01,2025-07-01,2,0.0,0.0,0.0,0.0,0.0
6907,377-14,dead_stock,dead_stock,2025-05-01,2025-08-01,3,0.0,0.0,0.0,0.0,0.0
6907,377-14,dead_stock,dead_stock,2025-05-01,2025-09-01,4,0.0,0.0,0.0,0.0,0.0
6907,377-14,dead_stock,dead_stock,2025-05-01,2025-09-01,40,0.0,0.0,0.0,0.0,0.0
6907,377-14,dead_stock,dead_stock,2025-06-01,2025-07-01,1,0.0,0.0,0.0,0.0,0.0
6907,377-14,dead_stock,dead_stock,2025-06-01,2025-08-01,2,0.0,0.0,0.0,0.0,0.0
6907,377-14,dead_stock,dead_stock,2025-06-01,2025-09-01,3,0.0,0.0,0.0,0.0,0.0
6907,377-14,dead_stock,dead_stock,2025-06-01,2025-10-01,4,0.0,0.0,0.0,0.0,0.0
6907,377-14,dead_stock,dead_stock,2025-06-01,2025-10-01,40,0.0,0.0,0.0,0.0,0.0
6907,377-14,dead_stock,dead_stock,2025-07-01,2025-08-01,1,0.0,0.0,0.0,0.0,0.0
6907,377-14,dead_stock,dead_stock,2025-07-01,2025-09-01,2,0.0,0.0,0.0,0.0,0.0
6907,377-14,dead_stock,dead_stock,2025-07-01,2025-10-01,3,0.0,0.0,0.0,0.0,0.0
6907,377-14,dead_stock,dead_stock,2025-07-01,2025-11-01,4,0.0,0.0,0.0,0.0,0.0
6907,377-14,dead_stock,dead_stock,2025-07-01,2025-11-01,40,0.0,0.0,0.0,0.0,0.0
6907,377-14,dead_stock,dead_stock,2025-08-01,2025-09-01,1,0.0,0.0,0.0,0.0,0.0
6907,377-14,dead_stock,dead_stock,2025-08-01,2025-10-01,2,0.0,0.0,0.0,0.0,0.0
6907,377-14,dead_stock,dead_stock,2025-08-01,2025-11-01,3,0.0,0.0,0.0,0.0,0.0
6907,377-14,dead_stock,dead_stock,2025-08-01,2025-12-01,4,0.0,0.0,0.0,0.0,0.0
6907,377-14,dead_stock,dead_stock,2025-08-01,2025-12-01,40,0.0,0.0,0.0,0.0,0.0
6907,377-14,dead_stock,dead_stock,2025-09-01,2025-10-01,1,0.0,0.0,0.0,0.0,0.0
6907,377-14,dead_stock,dead_stock,2025-09-01,2025-11-01,2,0.0,0.0,0.0,0.0,0.0
6907,377-14,dead_stock,dead_stock,2025-09-01,2025-12-01,3,0.0,0.0,0.0,0.0,0.0
6907,377-14,dead_stock,dead_stock,2025-09-01,2026-01-01,4,0.0,0.0,0.0,0.0,0.0
6907,377-14,dead_stock,dead_stock,2025-09-01,2026-01-01,40,0.0,0.0,0.0,0.0,0.0
6907,377-14,dead_stock,dead_stock,2025-10-01,2025-11-01,1,0.0,0.0,0.0,0.0,0.0
6907,377-14,dead_stock,dead_stock,2025-10-01,2025-12-01,2,0.0,0.0,0.0,0.0,0.0
6907,377-14,dead_stock,dead_stock,2025-10-01,2026-01-01,3,0.0,0.0,0.0,0.0,0.0
6907,377-14,dead_stock,dead_stock,2025-10-01,2026-02-01,4,0.0,0.0,0.0,0.0,0.0
6907,377-14,dead_stock,dead_stock,2025-10-01,2026-02-01,40,0.0,0.0,0.0,0.0,0.0
6907,377-14,dead_stock,dead_stock,2025-11-01,2025-12-01,1,0.0,0.0,0.0,0.0,0.0
6907,377-14,dead_stock,dead_stock,2025-11-01,2026-01-01,2,0.0,0.0,0.0,0.0,0.0
6907,377-14,dead_stock,dead_stock,2025-11-01,2026-02-01,3,0.0,0.0,0.0,0.0,0.0
6907,377-14,dead_stock,dead_stock,2025-11-01,2026-03-01,4,0.0,0.0,0.0,0.0,0.0
6907,377-14,dead_stock,dead_stock,2025-11-01,2026-03-01,40,0.0,0.0,0.0,0.0,0.0
6907,377-14,dead_stock,dead_stock,2025-12-01,2026-01-01,1,0.0,0.0,0.0,0.0,0.0
6907,377-14,dead_stock,dead_stock,2025-12-01,2026-02-01,2,0.0,0.0,0.0,0.0,0.0
6907,377-14,dead_stock,dead_stock,2025-12-01,2026-03-01,3,0.0,0.0,0.0,0.0,0.0
6907,377-14,dead_stock,dead_stock,2025-12-01,2026-04-01,4,0.0,0.0,0.0,0.0,0.0
6907,377-14,dead_stock,dead_stock,2025-12-01,2026-04-01,40,0.0,0.0,0.0,0.0,0.0
6907,377-14,dead_stock,dead_stock,2026-01-01,2026-02-01,1,0.0,0.0,0.0,0.0,0.0
6907,377-14,dead_stock,dead_stock,2026-01-01,2026-03-01,2,0.0,0.0,0.0,0.0,0.0
6907,377-14,dead_stock,dead_stock,2026-01-01,2026-04-01,3,0.0,0.0,0.0,0.0,0.0
6907,377-14,dead_stock,dead_stock,2026-01-01,2026-05-01,4,0.0,0.0,0.0,0.0,0.0
6907,377-14,dead_stock,dead_stock,2026-01-01,2026-05-01,40,0.0,0.0,0.0,0.0,0.0
6907,377-14,dead_stock,dead_stock,2026-02-01,2026-03-01,1,0.0,0.0,0.0,0.0,0.0
6907,377-14,dead_stock,dead_stock,2026-02-01,2026-04-01,2,0.0,0.0,0.0,0.0,0.0
6907,377-14,dead_stock,dead_stock,2026-02-01,2026-05-01,3,0.0,0.0,0.0,0.0,0.0
6907,377-14,dead_stock,dead_stock,2026-02-01,2026-06-01,4,0.0,0.0,0.0,0.0,0.0
6907,377-14,dead_stock,dead_stock,2026-02-01,2026-06-01,40,0.0,0.0,0.0,0.0,0.0
6907,377-14,dead_stock,dead_stock,2026-03-01,2026-04-01,1,0.0,0.0,0.0,0.0,0.0
6907,377-14,dead_stock,dead_stock,2026-03-01,2026-05-01,2,0.0,0.0,0.0,0.0,0.0
6907,377-14,dead_stock,dead_stock,2026-03-01,2026-06-01,3,0.0,0.0,0.0,0.0,0.0
6907,377-14,dead_stock,dead_stock,2026-03-01,2026-07-01,4,0.0,0.0,0.0,0.0,0.0
6907,377-14,dead_stock,dead_stock,2026-03-01,2026-07-01,40,0.0,0.0,0.0,0.0,0.0
6907,377-14,dead_stock,dead_stock,2026-04-01,2026-05-01,1,0.0,0.0,0.0,0.0,0.0
6907,377-14,dead_stock,dead_stock,2026-04-01,2026-06-01,2,0.0,0.0,0.0,0.0,0.0
6907,377-14,dead_stock,dead_stock,2026-04-01,2026-07-01,3,0.0,0.0,0.0,0.0,0.0
6907,377-14,dead_stock,dead_stock,2026-04-01,2026-08-01,4,0.0,0.0,0.0,0.0,0.0
6907,377-14,dead_stock,dead_stock,2026-04-01,2026-08-01,40,0.0,0.0,0.0,0.0,0.0
6907,377-14,dead_stock,dead_stock,2026-05-01,2026-06-01,1,0.0,0.0,0.0,0.0,0.0
6907,377-14,dead_stock,dead_stock,2026-05-01,2026-07-01,2,0.0,0.0,0.0,0.0,0.0
6907,377-14,dead_stock,dead_stock,2026-05-01,2026-08-01,3,0.0,0.0,0.0,0.0,0.0
6907,377-14,dead_stock,dead_stock,2026-05-01,2026-09-01,4,0.0,0.0,0.0,0.0,0.0
6907,377-14,dead_stock,dead_stock,2026-05-01,2026-09-01,40,0.0,0.0,0.0,0.0,0.0
6907,377-14,dead_stock,dead_stock,2026-06-01,2026-07-01,1,0.0,0.0,0.0,0.0,0.0
6907,377-14,dead_stock,dead_stock,2026-06-01,2026-08-01,2,0.0,0.0,0.0,0.0,0.0
6907,377-14,dead_stock,dead_stock,2026-06-01,2026-09-01,3,0.0,0.0,0.0,0.0,0.0
6907,377-14,dead_stock,dead_stock,2026-07-01,2026-08-01,1,0.0,0.0,0.0,0.0,0.0
6907,377-14,dead_stock,dead_stock,2026-07-01,2026-09-01,2,0.0,0.0,0.0,0.0,0.0
6907,377-14,dead_stock,dead_stock,2026-08-01,2026-09-01,1,0.0,0.0,0.0,0.0,0.0
854,202-18,intermittent,dead_stock,2023-11-01,2023-12-01,1,0.0,15.0,15.0,15.0,0.0
854,202-18,intermittent,dead_stock,2023-11-01,2024-01-01,2,4.0,22.5,18.5,18.5,0.0
854,202-18,intermittent,dead_stock,2023-11-01,2024-02-01,3,3.0,18.75,15.75,15.75,0.0
854,202-18,intermittent,dead_stock,2023-11-01,2024-03-01,4,0.0,16.875,16.875,16.875,0.0
854,202-18,intermittent,dead_stock,2023-11-01,2024-03-01,40,7.0,73.125,66.125,66.125,0.0
854,202-18,intermittent,dead_stock,2023-12-01,2024-01-01,1,4.0,15.0,11.0,11.0,0.0
854,202-18,intermittent,dead_stock,2023-12-01,2024-02-01,2,3.0,7.5,4.5,4.5,0.0
854,202-18,intermittent,dead_stock,2023-12-01,2024-03-01,3,0.0,3.75,3.75,3.75,0.0
854,202-18,intermittent,dead_stock,2023-12-01,2024-04-01,4,2.5,5.625,3.125,3.125,0.0
854,202-18,intermittent,dead_stock,2023-12-01,2024-04-01,40,9.5,31.875,22.375,22.375,0.0
854,202-18,intermittent,dead_stock,2024-01-01,2024-02-01,1,3.0,2.0,-1.0,1.0,1.0
854,202-18,intermittent,dead_stock,2024-01-01,2024-03-01,2,0.0,1.0,1.0,1.0,0.0
854,202-18,intermittent,dead_stock,2024-01-01,2024-04-01,3,2.5,1.5,-1.0,1.0,1.0
854,202-18,intermittent,dead_stock,2024-01-01,2024-05-01,4,0.0,1.25,1.25,1.25,0.0
854,202-18,intermittent,dead_stock,2024-01-01,2024-05-01,40,5.5,5.75,0.25,0.25,0.0
854,202-18,intermittent,dead_stock,2024-02-01,2024-03-01,1,0.0,1.5,1.5,1.5,0.0
854,202-18,intermittent,dead_stock,2024-02-01,2024-04-01,2,2.5,2.25,-0.25,0.25,0.25
854,202-18,intermittent,dead_stock,2024-02-01,2024-05-01,3,0.0,1.875,1.875,1.875,0.0
854,202-18,intermittent,dead_stock,2024-02-01,2024-06-01,4,2.5,1.6875,-0.8125,0.8125,0.8125
854,202-18,intermittent,dead_stock,2024-02-01,2024-06-01,40,5.0,7.3125,2.3125,2.3125,0.0
854,202-18,intermittent,dead_stock,2024-03-01,2024-04-01,1,2.5,1.5,-1.0,1.0,1.0
854,202-18,intermittent,dead_stock,2024-03-01,2024-05-01,2,0.0,0.75,0.75,0.75,0.0
854,202-18,intermittent,dead_stock,2024-03-01,2024-06-01,3,2.5,0.375,-2.125,2.125,2.125
854,202-18,intermittent,dead_stock,2024-03-01,2024-07-01,4,30.0,0.5625,-29.4375,29.4375,29.4375
854,202-18,intermittent,dead_stock,2024-03-01,2024-07-01,40,35.0,3.1875,-31.8125,31.8125,31.8125
854,202-18,intermittent,dead_stock,2024-04-01,2024-05-01,1,0.0,1.25,1.25,1.25,0.0
854,202-18,intermittent,dead_stock,2024-04-01,2024-06-01,2,2.5,0.625,-1.875,1.875,1.875
854,202-18,intermittent,dead_stock,2024-04-01,2024-07-01,3,30.0,0.9375,-29.0625,29.0625,29.0625
854,202-18,intermittent,dead_stock,2024-04-01,2024-08-01,4,0.0,0.78125,0.78125,0.78125,0.0
854,202-18,intermittent,dead_stock,2024-04-01,2024-08-01,40,32.5,3.59375,-28.90625,28.90625,28.90625
854,202-18,intermittent,dead_stock,2024-05-01,2024-06-01,1,2.5,0.0,-2.5,2.5,2.5
854,202-18,intermittent,dead_stock,2024-05-01,2024-07-01,2,30.0,0.0,-30.0,30.0,30.0
854,202-18,intermittent,dead_stock,2024-05-01,2024-08-01,3,0.0,0.0,0.0,0.0,0.0
854,202-18,intermittent,dead_stock,2024-05-01,2024-09-01,4,0.0,0.0,0.0,0.0,0.0
854,202-18,intermittent,dead_stock,2024-05-01,2024-09-01,40,32.5,0.0,-32.5,32.5,32.5
854,202-18,intermittent,dead_stock,2024-06-01,2024-07-01,1,30.0,1.25,-28.75,28.75,28.75
854,202-18,intermittent,dead_stock,2024-06-01,2024-08-01,2,0.0,0.625,0.625,0.625,0.0
854,202-18,intermittent,dead_stock,2024-06-01,2024-09-01,3,0.0,0.9375,0.9375,0.9375,0.0
854,202-18,intermittent,dead_stock,2024-06-01,2024-10-01,4,0.0,0.78125,0.78125,0.78125,0.0
854,202-18,intermittent,dead_stock,2024-06-01,2024-10-01,40,30.0,3.59375,-26.40625,26.40625,26.40625
854,202-18,intermittent,dead_stock,2024-07-01,2024-08-01,1,0.0,1.25,1.25,1.25,0.0
854,202-18,intermittent,dead_stock,2024-07-01,2024-09-01,2,0.0,1.875,1.875,1.875,0.0
854,202-18,intermittent,dead_stock,2024-07-01,2024-10-01,3,0.0,1.5625,1.5625,1.5625,0.0
854,202-18,intermittent,dead_stock,2024-07-01,2024-11-01,4,9.0,1.40625,-7.59375,7.59375,7.59375
854,202-18,intermittent,dead_stock,2024-07-01,2024-11-01,40,9.0,6.09375,-2.90625,2.90625,2.90625
854,202-18,intermittent,dead_stock,2024-08-01,2024-09-01,1,0.0,1.25,1.25,1.25,0.0
854,202-18,intermittent,dead_stock,2024-08-01,2024-10-01,2,0.0,0.625,0.625,0.625,0.0
854,202-18,intermittent,dead_stock,2024-08-01,2024-11-01,3,9.0,0.3125,-8.6875,8.6875,8.6875
854,202-18,intermittent,dead_stock,2024-08-01,2024-12-01,4,0.0,0.46875,0.46875,0.46875,0.0
854,202-18,intermittent,dead_stock,2024-08-01,2024-12-01,40,9.0,2.65625,-6.34375,6.34375,6.34375
854,202-18,intermittent,dead_stock,2024-09-01,2024-10-01,1,0.0,0.0,0.0,0.0,0.0
854,202-18,intermittent,dead_stock,2024-09-01,2024-11-01,2,9.0,0.0,-9.0,9.0,9.0
854,202-18,intermittent,dead_stock,2024-09-01,2024-12-01,3,0.0,0.0,0.0,0.0,0.0
854,202-18,intermittent,dead_stock,2024-09-01,2025-01-01,4,0.0,0.0,0.0,0.0,0.0
854,202-18,intermittent,dead_stock,2024-09-01,2025-01-01,40,9.0,0.0,-9.0,9.0,9.0
854,202-18,intermittent,dead_stock,2024-10-01,2024-11-01,1,9.0,0.0,-9.0,9.0,9.0
854,202-18,intermittent,dead_stock,2024-10-01,2024-12-01,2,0.0,0.0,0.0,0.0,0.0
854,202-18,intermittent,dead_stock,2024-10-01,2025-01-01,3,0.0,0.0,0.0,0.0,0.0
854,202-18,intermittent,dead_stock,2024-10-01,2025-02-01,4,0.0,0.0,0.0,0.0,0.0
854,202-18,intermittent,dead_stock,2024-10-01,2025-02-01,40,9.0,0.0,-9.0,9.0,9.0
854,202-18,intermittent,dead_stock,2024-11-01,2024-12-01,1,0.0,0.0,0.0,0.0,0.0
854,202-18,intermittent,dead_stock,2024-11-01,2025-01-01,2,0.0,0.0,0.0,0.0,0.0
854,202-18,intermittent,dead_stock,2024-11-01,2025-02-01,3,0.0,0.0,0.0,0.0,0.0
854,202-18,intermittent,dead_stock,2024-11-01,2025-03-01,4,0.0,0.0,0.0,0.0,0.0
854,202-18,intermittent,dead_stock,2024-11-01,2025-03-01,40,0.0,0.0,0.0,0.0,0.0
854,202-18,intermittent,dead_stock,2024-12-01,2025-01-01,1,0.0,0.0,0.0,0.0,0.0
854,202-18,intermittent,dead_stock,2024-12-01,2025-02-01,2,0.0,0.0,0.0,0.0,0.0
854,202-18,intermittent,dead_stock,2024-12-01,2025-03-01,3,0.0,0.0,0.0,0.0,0.0
854,202-18,intermittent,dead_stock,2024-12-01,2025-04-01,4,0.0,0.0,0.0,0.0,0.0
854,202-18,intermittent,dead_stock,2024-12-01,2025-04-01,40,0.0,0.0,0.0,0.0,0.0
854,202-18,intermittent,dead_stock,2025-01-01,2025-02-01,1,0.0,0.0,0.0,0.0,0.0
854,202-18,intermittent,dead_stock,2025-01-01,2025-03-01,2,0.0,0.0,0.0,0.0,0.0
854,202-18,intermittent,dead_stock,2025-01-01,2025-04-01,3,0.0,0.0,0.0,0.0,0.0
854,202-18,intermittent,dead_stock,2025-01-01,2025-05-01,4,0.0,0.0,0.0,0.0,0.0
854,202-18,intermittent,dead_stock,2025-01-01,2025-05-01,40,0.0,0.0,0.0,0.0,0.0
854,202-18,intermittent,dead_stock,2025-02-01,2025-03-01,1,0.0,0.0,0.0,0.0,0.0
854,202-18,intermittent,dead_stock,2025-02-01,2025-04-01,2,0.0,0.0,0.0,0.0,0.0
854,202-18,intermittent,dead_stock,2025-02-01,2025-05-01,3,0.0,0.0,0.0,0.0,0.0
854,202-18,intermittent,dead_stock,2025-02-01,2025-06-01,4,0.0,0.0,0.0,0.0,0.0
854,202-18,intermittent,dead_stock,2025-02-01,2025-06-01,40,0.0,0.0,0.0,0.0,0.0
854,202-18,intermittent,dead_stock,2025-03-01,2025-04-01,1,0.0,0.0,0.0,0.0,0.0
854,202-18,intermittent,dead_stock,2025-03-01,2025-05-01,2,0.0,0.0,0.0,0.0,0.0
854,202-18,intermittent,dead_stock,2025-03-01,2025-06-01,3,0.0,0.0,0.0,0.0,0.0
854,202-18,intermittent,dead_stock,2025-03-01,2025-07-01,4,0.0,0.0,0.0,0.0,0.0
854,202-18,intermittent,dead_stock,2025-03-01,2025-07-01,40,0.0,0.0,0.0,0.0,0.0
854,202-18,intermittent,dead_stock,2025-04-01,2025-05-01,1,0.0,0.0,0.0,0.0,0.0
854,202-18,intermittent,dead_stock,2025-04-01,2025-06-01,2,0.0,0.0,0.0,0.0,0.0
854,202-18,intermittent,dead_stock,2025-04-01,2025-07-01,3,0.0,0.0,0.0,0.0,0.0
854,202-18,intermittent,dead_stock,2025-04-01,2025-08-01,4,0.0,0.0,0.0,0.0,0.0
854,202-18,intermittent,dead_stock,2025-04-01,2025-08-01,40,0.0,0.0,0.0,0.0,0.0
854,202-18,dead_stock,dead_stock,2025-05-01,2025-06-01,1,0.0,0.0,0.0,0.0,0.0
854,202-18,dead_stock,dead_stock,2025-05-01,2025-07-01,2,0.0,0.0,0.0,0.0,0.0
854,202-18,dead_stock,dead_stock,2025-05-01,2025-08-01,3,0.0,0.0,0.0,0.0,0.0
854,202-18,dead_stock,dead_stock,2025-05-01,2025-09-01,4,0.0,0.0,0.0,0.0,0.0
854,202-18,dead_stock,dead_stock,2025-05-01,2025-09-01,40,0.0,0.0,0.0,0.0,0.0
854,202-18,dead_stock,dead_stock,2025-06-01,2025-07-01,1,0.0,0.0,0.0,0.0,0.0
854,202-18,dead_stock,dead_stock,2025-06-01,2025-08-01,2,0.0,0.0,0.0,0.0,0.0
854,202-18,dead_stock,dead_stock,2025-06-01,2025-09-01,3,0.0,0.0,0.0,0.0,0.0
854,202-18,dead_stock,dead_stock,2025-06-01,2025-10-01,4,0.0,0.0,0.0,0.0,0.0
854,202-18,dead_stock,dead_stock,2025-06-01,2025-10-01,40,0.0,0.0,0.0,0.0,0.0
854,202-18,dead_stock,dead_stock,2025-07-01,2025-08-01,1,0.0,0.0,0.0,0.0,0.0
854,202-18,dead_stock,dead_stock,2025-07-01,2025-09-01,2,0.0,0.0,0.0,0.0,0.0
854,202-18,dead_stock,dead_stock,2025-07-01,2025-10-01,3,0.0,0.0,0.0,0.0,0.0
854,202-18,dead_stock,dead_stock,2025-07-01,2025-11-01,4,0.0,0.0,0.0,0.0,0.0
854,202-18,dead_stock,dead_stock,2025-07-01,2025-11-01,40,0.0,0.0,0.0,0.0,0.0
854,202-18,dead_stock,dead_stock,2025-08-01,2025-09-01,1,0.0,0.0,0.0,0.0,0.0
854,202-18,dead_stock,dead_stock,2025-08-01,2025-10-01,2,0.0,0.0,0.0,0.0,0.0
854,202-18,dead_stock,dead_stock,2025-08-01,2025-11-01,3,0.0,0.0,0.0,0.0,0.0
854,202-18,dead_stock,dead_stock,2025-08-01,2025-12-01,4,0.0,0.0,0.0,0.0,0.0
854,202-18,dead_stock,dead_stock,2025-08-01,2025-12-01,40,0.0,0.0,0.0,0.0,0.0
854,202-18,dead_stock,dead_stock,2025-09-01,2025-10-01,1,0.0,0.0,0.0,0.0,0.0
854,202-18,dead_stock,dead_stock,2025-09-01,2025-11-01,2,0.0,0.0,0.0,0.0,0.0
854,202-18,dead_stock,dead_stock,2025-09-01,2025-12-01,3,0.0,0.0,0.0,0.0,0.0
854,202-18,dead_stock,dead_stock,2025-09-01,2026-01-01,4,0.0,0.0,0.0,0.0,0.0
854,202-18,dead_stock,dead_stock,2025-09-01,2026-01-01,40,0.0,0.0,0.0,0.0,0.0
854,202-18,dead_stock,dead_stock,2025-10-01,2025-11-01,1,0.0,0.0,0.0,0.0,0.0
854,202-18,dead_stock,dead_stock,2025-10-01,2025-12-01,2,0.0,0.0,0.0,0.0,0.0
854,202-18,dead_stock,dead_stock,2025-10-01,2026-01-01,3,0.0,0.0,0.0,0.0,0.0
854,202-18,dead_stock,dead_stock,2025-10-01,2026-02-01,4,0.0,0.0,0.0,0.0,0.0
854,202-18,dead_stock,dead_stock,2025-10-01,2026-02-01,40,0.0,0.0,0.0,0.0,0.0
854,202-18,dead_stock,dead_stock,2025-11-01,2025-12-01,1,0.0,0.0,0.0,0.0,0.0
854,202-18,dead_stock,dead_stock,2025-11-01,2026-01-01,2,0.0,0.0,0.0,0.0,0.0
854,202-18,dead_stock,dead_stock,2025-11-01,2026-02-01,3,0.0,0.0,0.0,0.0,0.0
854,202-18,dead_stock,dead_stock,2025-11-01,2026-03-01,4,0.0,0.0,0.0,0.0,0.0
854,202-18,dead_stock,dead_stock,2025-11-01,2026-03-01,40,0.0,0.0,0.0,0.0,0.0
854,202-18,dead_stock,dead_stock,2025-12-01,2026-01-01,1,0.0,0.0,0.0,0.0,0.0
854,202-18,dead_stock,dead_stock,2025-12-01,2026-02-01,2,0.0,0.0,0.0,0.0,0.0
854,202-18,dead_stock,dead_stock,2025-12-01,2026-03-01,3,0.0,0.0,0.0,0.0,0.0
854,202-18,dead_stock,dead_stock,2025-12-01,2026-04-01,4,0.0,0.0,0.0,0.0,0.0
854,202-18,dead_stock,dead_stock,2025-12-01,2026-04-01,40,0.0,0.0,0.0,0.0,0.0
854,202-18,dead_stock,dead_stock,2026-01-01,2026-02-01,1,0.0,0.0,0.0,0.0,0.0
854,202-18,dead_stock,dead_stock,2026-01-01,2026-03-01,2,0.0,0.0,0.0,0.0,0.0
854,202-18,dead_stock,dead_stock,2026-01-01,2026-04-01,3,0.0,0.0,0.0,0.0,0.0
854,202-18,dead_stock,dead_stock,2026-01-01,2026-05-01,4,0.0,0.0,0.0,0.0,0.0
854,202-18,dead_stock,dead_stock,2026-01-01,2026-05-01,40,0.0,0.0,0.0,0.0,0.0
854,202-18,dead_stock,dead_stock,2026-02-01,2026-03-01,1,0.0,0.0,0.0,0.0,0.0
854,202-18,dead_stock,dead_stock,2026-02-01,2026-04-01,2,0.0,0.0,0.0,0.0,0.0
854,202-18,dead_stock,dead_stock,2026-02-01,2026-05-01,3,0.0,0.0,0.0,0.0,0.0
854,202-18,dead_stock,dead_stock,2026-02-01,2026-06-01,4,0.0,0.0,0.0,0.0,0.0
854,202-18,dead_stock,dead_stock,2026-02-01,2026-06-01,40,0.0,0.0,0.0,0.0,0.0
854,202-18,dead_stock,dead_stock,2026-03-01,2026-04-01,1,0.0,0.0,0.0,0.0,0.0
854,202-18,dead_stock,dead_stock,2026-03-01,2026-05-01,2,0.0,0.0,0.0,0.0,0.0
854,202-18,dead_stock,dead_stock,2026-03-01,2026-06-01,3,0.0,0.0,0.0,0.0,0.0
854,202-18,dead_stock,dead_stock,2026-03-01,2026-07-01,4,0.0,0.0,0.0,0.0,0.0
854,202-18,dead_stock,dead_stock,2026-03-01,2026-07-01,40,0.0,0.0,0.0,0.0,0.0
854,202-18,dead_stock,dead_stock,2026-04-01,2026-05-01,1,0.0,0.0,0.0,0.0,0.0
854,202-18,dead_stock,dead_stock,2026-04-01,2026-06-01,2,0.0,0.0,0.0,0.0,0.0
854,202-18,dead_stock,dead_stock,2026-04-01,2026-07-01,3,0.0,0.0,0.0,0.0,0.0
854,202-18,dead_stock,dead_stock,2026-04-01,2026-08-01,4,0.0,0.0,0.0,0.0,0.0
854,202-18,dead_stock,dead_stock,2026-04-01,2026-08-01,40,0.0,0.0,0.0,0.0,0.0
854,202-18,dead_stock,dead_stock,2026-05-01,2026-06-01,1,0.0,0.0,0.0,0.0,0.0
854,202-18,dead_stock,dead_stock,2026-05-01,2026-07-01,2,0.0,0.0,0.0,0.0,0.0
854,202-18,dead_stock,dead_stock,2026-05-01,2026-08-01,3,0.0,0.0,0.0,0.0,0.0
854,202-18,dead_stock,dead_stock,2026-05-01,2026-09-01,4,0.0,0.0,0.0,0.0,0.0
854,202-18,dead_stock,dead_stock,2026-05-01,2026-09-01,40,0.0,0.0,0.0,0.0,0.0
854,202-18,dead_stock,dead_stock,2026-06-01,2026-07-01,1,0.0,0.0,0.0,0.0,0.0
854,202-18,dead_stock,dead_stock,2026-06-01,2026-08-01,2,0.0,0.0,0.0,0.0,0.0
854,202-18,dead_stock,dead_stock,2026-06-01,2026-09-01,3,0.0,0.0,0.0,0.0,0.0
854,202-18,dead_stock,dead_stock,2026-07-01,2026-08-01,1,0.0,0.0,0.0,0.0,0.0
854,202-18,dead_stock,dead_stock,2026-07-01,2026-09-01,2,0.0,0.0,0.0,0.0,0.0
854,202-18,dead_stock,dead_stock,2026-08-01,2026-09-01,1,0.0,0.0,0.0,0.0,0.0
8502,360-30,intermittent,dead_stock,2024-02-01,2024-03-01,1,0.0,0.0,0.0,0.0,0.0
8502,360-30,intermittent,dead_stock,2024-02-01,2024-04-01,2,0.0,0.0,0.0,0.0,0.0
8502,360-30,intermittent,dead_stock,2024-02-01,2024-05-01,3,0.0,0.0,0.0,0.0,0.0
8502,360-30,intermittent,dead_stock,2024-02-01,2024-06-01,4,0.0,0.0,0.0,0.0,0.0
8502,360-30,intermittent,dead_stock,2024-02-01,2024-06-01,40,0.0,0.0,0.0,0.0,0.0
8502,360-30,dead_stock,dead_stock,2024-03-01,2024-04-01,1,0.0,0.0,0.0,0.0,0.0
8502,360-30,dead_stock,dead_stock,2024-03-01,2024-05-01,2,0.0,0.0,0.0,0.0,0.0
8502,360-30,dead_stock,dead_stock,2024-03-01,2024-06-01,3,0.0,0.0,0.0,0.0,0.0
8502,360-30,dead_stock,dead_stock,2024-03-01,2024-07-01,4,0.0,0.0,0.0,0.0,0.0
8502,360-30,dead_stock,dead_stock,2024-03-01,2024-07-01,40,0.0,0.0,0.0,0.0,0.0
8502,360-30,dead_stock,dead_stock,2024-04-01,2024-05-01,1,0.0,0.0,0.0,0.0,0.0
8502,360-30,dead_stock,dead_stock,2024-04-01,2024-06-01,2,0.0,0.0,0.0,0.0,0.0
8502,360-30,dead_stock,dead_stock,2024-04-01,2024-07-01,3,0.0,0.0,0.0,0.0,0.0
8502,360-30,dead_stock,dead_stock,2024-04-01,2024-08-01,4,0.0,0.0,0.0,0.0,0.0
8502,360-30,dead_stock,dead_stock,2024-04-01,2024-08-01,40,0.0,0.0,0.0,0.0,0.0
8502,360-30,dead_stock,dead_stock,2024-05-01,2024-06-01,1,0.0,0.0,0.0,0.0,0.0
8502,360-30,dead_stock,dead_stock,2024-05-01,2024-07-01,2,0.0,0.0,0.0,0.0,0.0
8502,360-30,dead_stock,dead_stock,2024-05-01,2024-08-01,3,0.0,0.0,0.0,0.0,0.0
8502,360-30,dead_stock,dead_stock,2024-05-01,2024-09-01,4,0.0,0.0,0.0,0.0,0.0
8502,360-30,dead_stock,dead_stock,2024-05-01,2024-09-01,40,0.0,0.0,0.0,0.0,0.0
8502,360-30,dead_stock,dead_stock,2024-06-01,2024-07-01,1,0.0,0.0,0.0,0.0,0.0
8502,360-30,dead_stock,dead_stock,2024-06-01,2024-08-01,2,0.0,0.0,0.0,0.0,0.0
8502,360-30,dead_stock,dead_stock,2024-06-01,2024-09-01,3,0.0,0.0,0.0,0.0,0.0
8502,360-30,dead_stock,dead_stock,2024-06-01,2024-10-01,4,0.0,0.0,0.0,0.0,0.0
8502,360-30,dead_stock,dead_stock,2024-06-01,2024-10-01,40,0.0,0.0,0.0,0.0,0.0
8502,360-30,dead_stock,dead_stock,2024-07-01,2024-08-01,1,0.0,0.0,0.0,0.0,0.0
8502,360-30,dead_stock,dead_stock,2024-07-01,2024-09-01,2,0.0,0.0,0.0,0.0,0.0
8502,360-30,dead_stock,dead_stock,2024-07-01,2024-10-01,3,0.0,0.0,0.0,0.0,0.0
8502,360-30,dead_stock,dead_stock,2024-07-01,2024-11-01,4,0.0,0.0,0.0,0.0,0.0
8502,360-30,dead_stock,dead_stock,2024-07-01,2024-11-01,40,0.0,0.0,0.0,0.0,0.0
8502,360-30,dead_stock,dead_stock,2024-08-01,2024-09-01,1,0.0,0.0,0.0,0.0,0.0
8502,360-30,dead_stock,dead_stock,2024-08-01,2024-10-01,2,0.0,0.0,0.0,0.0,0.0
8502,360-30,dead_stock,dead_stock,2024-08-01,2024-11-01,3,0.0,0.0,0.0,0.0,0.0
8502,360-30,dead_stock,dead_stock,2024-08-01,2024-12-01,4,0.0,0.0,0.0,0.0,0.0
8502,360-30,dead_stock,dead_stock,2024-08-01,2024-12-01,40,0.0,0.0,0.0,0.0,0.0
8502,360-30,dead_stock,dead_stock,2024-09-01,2024-10-01,1,0.0,0.0,0.0,0.0,0.0
8502,360-30,dead_stock,dead_stock,2024-09-01,2024-11-01,2,0.0,0.0,0.0,0.0,0.0
8502,360-30,dead_stock,dead_stock,2024-09-01,2024-12-01,3,0.0,0.0,0.0,0.0,0.0
8502,360-30,dead_stock,dead_stock,2024-09-01,2025-01-01,4,0.0,0.0,0.0,0.0,0.0
8502,360-30,dead_stock,dead_stock,2024-09-01,2025-01-01,40,0.0,0.0,0.0,0.0,0.0
8502,360-30,dead_stock,dead_stock,2024-10-01,2024-11-01,1,0.0,0.0,0.0,0.0,0.0
8502,360-30,dead_stock,dead_stock,2024-10-01,2024-12-01,2,0.0,0.0,0.0,0.0,0.0
8502,360-30,dead_stock,dead_stock,2024-10-01,2025-01-01,3,0.0,0.0,0.0,0.0,0.0
8502,360-30,dead_stock,dead_stock,2024-10-01,2025-02-01,4,0.0,0.0,0.0,0.0,0.0
8502,360-30,dead_stock,dead_stock,2024-10-01,2025-02-01,40,0.0,0.0,0.0,0.0,0.0
8502,360-30,dead_stock,dead_stock,2024-11-01,2024-12-01,1,0.0,0.0,0.0,0.0,0.0
8502,360-30,dead_stock,dead_stock,2024-11-01,2025-01-01,2,0.0,0.0,0.0,0.0,0.0
8502,360-30,dead_stock,dead_stock,2024-11-01,2025-02-01,3,0.0,0.0,0.0,0.0,0.0
8502,360-30,dead_stock,dead_stock,2024-11-01,2025-03-01,4,0.0,0.0,0.0,0.0,0.0
8502,360-30,dead_stock,dead_stock,2024-11-01,2025-03-01,40,0.0,0.0,0.0,0.0,0.0
8502,360-30,dead_stock,dead_stock,2024-12-01,2025-01-01,1,0.0,0.0,0.0,0.0,0.0
8502,360-30,dead_stock,dead_stock,2024-12-01,2025-02-01,2,0.0,0.0,0.0,0.0,0.0
8502,360-30,dead_stock,dead_stock,2024-12-01,2025-03-01,3,0.0,0.0,0.0,0.0,0.0
8502,360-30,dead_stock,dead_stock,2024-12-01,2025-04-01,4,0.0,0.0,0.0,0.0,0.0
8502,360-30,dead_stock,dead_stock,2024-12-01,2025-04-01,40,0.0,0.0,0.0,0.0,0.0
8502,360-30,dead_stock,dead_stock,2025-01-01,2025-02-01,1,0.0,0.0,0.0,0.0,0.0
8502,360-30,dead_stock,dead_stock,2025-01-01,2025-03-01,2,0.0,0.0,0.0,0.0,0.0
8502,360-30,dead_stock,dead_stock,2025-01-01,2025-04-01,3,0.0,0.0,0.0,0.0,0.0
8502,360-30,dead_stock,dead_stock,2025-01-01,2025-05-01,4,0.0,0.0,0.0,0.0,0.0
8502,360-30,dead_stock,dead_stock,2025-01-01,2025-05-01,40,0.0,0.0,0.0,0.0,0.0
8502,360-30,dead_stock,dead_stock,2025-02-01,2025-03-01,1,0.0,0.0,0.0,0.0,0.0
8502,360-30,dead_stock,dead_stock,2025-02-01,2025-04-01,2,0.0,0.0,0.0,0.0,0.0
8502,360-30,dead_stock,dead_stock,2025-02-01,2025-05-01,3,0.0,0.0,0.0,0.0,0.0
8502,360-30,dead_stock,dead_stock,2025-02-01,2025-06-01,4,0.0,0.0,0.0,0.0,0.0
8502,360-30,dead_stock,dead_stock,2025-02-01,2025-06-01,40,0.0,0.0,0.0,0.0,0.0
8502,360-30,dead_stock,dead_stock,2025-03-01,2025-04-01,1,0.0,0.0,0.0,0.0,0.0
8502,360-30,dead_stock,dead_stock,2025-03-01,2025-05-01,2,0.0,0.0,0.0,0.0,0.0
8502,360-30,dead_stock,dead_stock,2025-03-01,2025-06-01,3,0.0,0.0,0.0,0.0,0.0
8502,360-30,dead_stock,dead_stock,2025-03-01,2025-07-01,4,0.0,0.0,0.0,0.0,0.0
8502,360-30,dead_stock,dead_stock,2025-03-01,2025-07-01,40,0.0,0.0,0.0,0.0,0.0
8502,360-30,dead_stock,dead_stock,2025-04-01,2025-05-01,1,0.0,0.0,0.0,0.0,0.0
8502,360-30,dead_stock,dead_stock,2025-04-01,2025-06-01,2,0.0,0.0,0.0,0.0,0.0
8502,360-30,dead_stock,dead_stock,2025-04-01,2025-07-01,3,0.0,0.0,0.0,0.0,0.0
8502,360-30,dead_stock,dead_stock,2025-04-01,2025-08-01,4,0.0,0.0,0.0,0.0,0.0
8502,360-30,dead_stock,dead_stock,2025-04-01,2025-08-01,40,0.0,0.0,0.0,0.0,0.0
8502,360-30,dead_stock,dead_stock,2025-05-01,2025-06-01,1,0.0,0.0,0.0,0.0,0.0
8502,360-30,dead_stock,dead_stock,2025-05-01,2025-07-01,2,0.0,0.0,0.0,0.0,0.0
8502,360-30,dead_stock,dead_stock,2025-05-01,2025-08-01,3,0.0,0.0,0.0,0.0,0.0
8502,360-30,dead_stock,dead_stock,2025-05-01,2025-09-01,4,0.0,0.0,0.0,0.0,0.0
8502,360-30,dead_stock,dead_stock,2025-05-01,2025-09-01,40,0.0,0.0,0.0,0.0,0.0
8502,360-30,dead_stock,dead_stock,2025-06-01,2025-07-01,1,0.0,0.0,0.0,0.0,0.0
8502,360-30,dead_stock,dead_stock,2025-06-01,2025-08-01,2,0.0,0.0,0.0,0.0,0.0
8502,360-30,dead_stock,dead_stock,2025-06-01,2025-09-01,3,0.0,0.0,0.0,0.0,0.0
8502,360-30,dead_stock,dead_stock,2025-06-01,2025-10-01,4,0.0,0.0,0.0,0.0,0.0
8502,360-30,dead_stock,dead_stock,2025-06-01,2025-10-01,40,0.0,0.0,0.0,0.0,0.0
8502,360-30,dead_stock,dead_stock,2025-07-01,2025-08-01,1,0.0,0.0,0.0,0.0,0.0
8502,360-30,dead_stock,dead_stock,2025-07-01,2025-09-01,2,0.0,0.0,0.0,0.0,0.0
8502,360-30,dead_stock,dead_stock,2025-07-01,2025-10-01,3,0.0,0.0,0.0,0.0,0.0
8502,360-30,dead_stock,dead_stock,2025-07-01,2025-11-01,4,0.0,0.0,0.0,0.0,0.0
8502,360-30,dead_stock,dead_stock,2025-07-01,2025-11-01,40,0.0,0.0,0.0,0.0,0.0
8502,360-30,dead_stock,dead_stock,2025-08-01,2025-09-01,1,0.0,0.0,0.0,0.0,0.0
8502,360-30,dead_stock,dead_stock,2025-08-01,2025-10-01,2,0.0,0.0,0.0,0.0,0.0
8502,360-30,dead_stock,dead_stock,2025-08-01,2025-11-01,3,0.0,0.0,0.0,0.0,0.0
8502,360-30,dead_stock,dead_stock,2025-08-01,2025-12-01,4,0.0,0.0,0.0,0.0,0.0
8502,360-30,dead_stock,dead_stock,2025-08-01,2025-12-01,40,0.0,0.0,0.0,0.0,0.0
8502,360-30,dead_stock,dead_stock,2025-09-01,2025-10-01,1,0.0,0.0,0.0,0.0,0.0
8502,360-30,dead_stock,dead_stock,2025-09-01,2025-11-01,2,0.0,0.0,0.0,0.0,0.0
8502,360-30,dead_stock,dead_stock,2025-09-01,2025-12-01,3,0.0,0.0,0.0,0.0,0.0
8502,360-30,dead_stock,dead_stock,2025-09-01,2026-01-01,4,0.0,0.0,0.0,0.0,0.0
8502,360-30,dead_stock,dead_stock,2025-09-01,2026-01-01,40,0.0,0.0,0.0,0.0,0.0
8502,360-30,dead_stock,dead_stock,2025-10-01,2025-11-01,1,0.0,0.0,0.0,0.0,0.0
8502,360-30,dead_stock,dead_stock,2025-10-01,2025-12-01,2,0.0,0.0,0.0,0.0,0.0
8502,360-30,dead_stock,dead_stock,2025-10-01,2026-01-01,3,0.0,0.0,0.0,0.0,0.0
8502,360-30,dead_stock,dead_stock,2025-10-01,2026-02-01,4,0.0,0.0,0.0,0.0,0.0
8502,360-30,dead_stock,dead_stock,2025-10-01,2026-02-01,40,0.0,0.0,0.0,0.0,0.0
8502,360-30,dead_stock,dead_stock,2025-11-01,2025-12-01,1,0.0,0.0,0.0,0.0,0.0
8502,360-30,dead_stock,dead_stock,2025-11-01,2026-01-01,2,0.0,0.0,0.0,0.0,0.0
8502,360-30,dead_stock,dead_stock,2025-11-01,2026-02-01,3,0.0,0.0,0.0,0.0,0.0
8502,360-30,dead_stock,dead_stock,2025-11-01,2026-03-01,4,0.0,0.0,0.0,0.0,0.0
8502,360-30,dead_stock,dead_stock,2025-11-01,2026-03-01,40,0.0,0.0,0.0,0.0,0.0
8502,360-30,dead_stock,dead_stock,2025-12-01,2026-01-01,1,0.0,0.0,0.0,0.0,0.0
8502,360-30,dead_stock,dead_stock,2025-12-01,2026-02-01,2,0.0,0.0,0.0,0.0,0.0
8502,360-30,dead_stock,dead_stock,2025-12-01,2026-03-01,3,0.0,0.0,0.0,0.0,0.0
8502,360-30,dead_stock,dead_stock,2025-12-01,2026-04-01,4,0.0,0.0,0.0,0.0,0.0
8502,360-30,dead_stock,dead_stock,2025-12-01,2026-04-01,40,0.0,0.0,0.0,0.0,0.0
8502,360-30,dead_stock,dead_stock,2026-01-01,2026-02-01,1,0.0,0.0,0.0,0.0,0.0
8502,360-30,dead_stock,dead_stock,2026-01-01,2026-03-01,2,0.0,0.0,0.0,0.0,0.0
8502,360-30,dead_stock,dead_stock,2026-01-01,2026-04-01,3,0.0,0.0,0.0,0.0,0.0
8502,360-30,dead_stock,dead_stock,2026-01-01,2026-05-01,4,0.0,0.0,0.0,0.0,0.0
8502,360-30,dead_stock,dead_stock,2026-01-01,2026-05-01,40,0.0,0.0,0.0,0.0,0.0
8502,360-30,dead_stock,dead_stock,2026-02-01,2026-03-01,1,0.0,0.0,0.0,0.0,0.0
8502,360-30,dead_stock,dead_stock,2026-02-01,2026-04-01,2,0.0,0.0,0.0,0.0,0.0
8502,360-30,dead_stock,dead_stock,2026-02-01,2026-05-01,3,0.0,0.0,0.0,0.0,0.0
8502,360-30,dead_stock,dead_stock,2026-02-01,2026-06-01,4,0.0,0.0,0.0,0.0,0.0
8502,360-30,dead_stock,dead_stock,2026-02-01,2026-06-01,40,0.0,0.0,0.0,0.0,0.0
8502,360-30,dead_stock,dead_stock,2026-03-01,2026-04-01,1,0.0,0.0,0.0,0.0,0.0
8502,360-30,dead_stock,dead_stock,2026-03-01,2026-05-01,2,0.0,0.0,0.0,0.0,0.0
8502,360-30,dead_stock,dead_stock,2026-03-01,2026-06-01,3,0.0,0.0,0.0,0.0,0.0
8502,360-30,dead_stock,dead_stock,2026-03-01,2026-07-01,4,0.0,0.0,0.0,0.0,0.0
8502,360-30,dead_stock,dead_stock,2026-03-01,2026-07-01,40,0.0,0.0,0.0,0.0,0.0
8502,360-30,dead_stock,dead_stock,2026-04-01,2026-05-01,1,0.0,0.0,0.0,0.0,0.0
8502,360-30,dead_stock,dead_stock,2026-04-01,2026-06-01,2,0.0,0.0,0.0,0.0,0.0
8502,360-30,dead_stock,dead_stock,2026-04-01,2026-07-01,3,0.0,0.0,0.0,0.0,0.0
8502,360-30,dead_stock,dead_stock,2026-04-01,2026-08-01,4,0.0,0.0,0.0,0.0,0.0
8502,360-30,dead_stock,dead_stock,2026-04-01,2026-08-01,40,0.0,0.0,0.0,0.0,0.0
8502,360-30,dead_stock,dead_stock,2026-05-01,2026-06-01,1,0.0,0.0,0.0,0.0,0.0
8502,360-30,dead_stock,dead_stock,2026-05-01,2026-07-01,2,0.0,0.0,0.0,0.0,0.0
8502,360-30,dead_stock,dead_stock,2026-05-01,2026-08-01,3,0.0,0.0,0.0,0.0,0.0
8502,360-30,dead_stock,dead_stock,2026-05-01,2026-09-01,4,0.0,0.0,0.0,0.0,0.0
8502,360-30,dead_stock,dead_stock,2026-05-01,2026-09-01,40,0.0,0.0,0.0,0.0,0.0
8502,360-30,dead_stock,dead_stock,2026-06-01,2026-07-01,1,0.0,0.0,0.0,0.0,0.0
8502,360-30,dead_stock,dead_stock,2026-06-01,2026-08-01,2,0.0,0.0,0.0,0.0,0.0
8502,360-30,dead_stock,dead_stock,2026-06-01,2026-09-01,3,0.0,0.0,0.0,0.0,0.0
8502,360-30,dead_stock,dead_stock,2026-07-01,2026-08-01,1,0.0,0.0,0.0,0.0,0.0
8502,360-30,dead_stock,dead_stock,2026-07-01,2026-09-01,2,0.0,0.0,0.0,0.0,0.0
8502,360-30,dead_stock,dead_stock,2026-08-01,2026-09-01,1,0.0,0.0,0.0,0.0,0.0
1882,301-02,intermittent,dead_stock,2024-02-01,2024-03-01,1,0.0,0.0,0.0,0.0,0.0
1882,301-02,intermittent,dead_stock,2024-02-01,2024-04-01,2,0.0,0.0,0.0,0.0,0.0
1882,301-02,intermittent,dead_stock,2024-02-01,2024-05-01,3,0.0,0.0,0.0,0.0,0.0
1882,301-02,intermittent,dead_stock,2024-02-01,2024-06-01,4,0.0,0.0,0.0,0.0,0.0
1882,301-02,intermittent,dead_stock,2024-02-01,2024-06-01,40,0.0,0.0,0.0,0.0,0.0
1882,301-02,intermittent,dead_stock,2024-03-01,2024-04-01,1,0.0,0.0,0.0,0.0,0.0
1882,301-02,intermittent,dead_stock,2024-03-01,2024-05-01,2,0.0,0.0,0.0,0.0,0.0
1882,301-02,intermittent,dead_stock,2024-03-01,2024-06-01,3,0.0,0.0,0.0,0.0,0.0
1882,301-02,intermittent,dead_stock,2024-03-01,2024-07-01,4,0.0,0.0,0.0,0.0,0.0
1882,301-02,intermittent,dead_stock,2024-03-01,2024-07-01,40,0.0,0.0,0.0,0.0,0.0
1882,301-02,intermittent,dead_stock,2024-04-01,2024-05-01,1,0.0,0.0,0.0,0.0,0.0
1882,301-02,intermittent,dead_stock,2024-04-01,2024-06-01,2,0.0,0.0,0.0,0.0,0.0
1882,301-02,intermittent,dead_stock,2024-04-01,2024-07-01,3,0.0,0.0,0.0,0.0,0.0
1882,301-02,intermittent,dead_stock,2024-04-01,2024-08-01,4,0.0,0.0,0.0,0.0,0.0
1882,301-02,intermittent,dead_stock,2024-04-01,2024-08-01,40,0.0,0.0,0.0,0.0,0.0
1882,301-02,intermittent,dead_stock,2024-05-01,2024-06-01,1,0.0,0.0,0.0,0.0,0.0
1882,301-02,intermittent,dead_stock,2024-05-01,2024-07-01,2,0.0,0.0,0.0,0.0,0.0
1882,301-02,intermittent,dead_stock,2024-05-01,2024-08-01,3,0.0,0.0,0.0,0.0,0.0
1882,301-02,intermittent,dead_stock,2024-05-01,2024-09-01,4,0.0,0.0,0.0,0.0,0.0
1882,301-02,intermittent,dead_stock,2024-05-01,2024-09-01,40,0.0,0.0,0.0,0.0,0.0
1882,301-02,intermittent,dead_stock,2024-06-01,2024-07-01,1,0.0,0.0,0.0,0.0,0.0
1882,301-02,intermittent,dead_stock,2024-06-01,2024-08-01,2,0.0,0.0,0.0,0.0,0.0
1882,301-02,intermittent,dead_stock,2024-06-01,2024-09-01,3,0.0,0.0,0.0,0.0,0.0
1882,301-02,intermittent,dead_stock,2024-06-01,2024-10-01,4,0.0,0.0,0.0,0.0,0.0
1882,301-02,intermittent,dead_stock,2024-06-01,2024-10-01,40,0.0,0.0,0.0,0.0,0.0
1882,301-02,intermittent,dead_stock,2024-07-01,2024-08-01,1,0.0,0.0,0.0,0.0,0.0
1882,301-02,intermittent,dead_stock,2024-07-01,2024-09-01,2,0.0,0.0,0.0,0.0,0.0
1882,301-02,intermittent,dead_stock,2024-07-01,2024-10-01,3,0.0,0.0,0.0,0.0,0.0
1882,301-02,intermittent,dead_stock,2024-07-01,2024-11-01,4,0.0,0.0,0.0,0.0,0.0
1882,301-02,intermittent,dead_stock,2024-07-01,2024-11-01,40,0.0,0.0,0.0,0.0,0.0
1882,301-02,dead_stock,dead_stock,2024-08-01,2024-09-01,1,0.0,0.0,0.0,0.0,0.0
1882,301-02,dead_stock,dead_stock,2024-08-01,2024-10-01,2,0.0,0.0,0.0,0.0,0.0
1882,301-02,dead_stock,dead_stock,2024-08-01,2024-11-01,3,0.0,0.0,0.0,0.0,0.0
1882,301-02,dead_stock,dead_stock,2024-08-01,2024-12-01,4,0.0,0.0,0.0,0.0,0.0
1882,301-02,dead_stock,dead_stock,2024-08-01,2024-12-01,40,0.0,0.0,0.0,0.0,0.0
1882,301-02,dead_stock,dead_stock,2024-09-01,2024-10-01,1,0.0,0.0,0.0,0.0,0.0
1882,301-02,dead_stock,dead_stock,2024-09-01,2024-11-01,2,0.0,0.0,0.0,0.0,0.0
1882,301-02,dead_stock,dead_stock,2024-09-01,2024-12-01,3,0.0,0.0,0.0,0.0,0.0
1882,301-02,dead_stock,dead_stock,2024-09-01,2025-01-01,4,3.5,0.0,-3.5,3.5,3.5
1882,301-02,dead_stock,dead_stock,2024-09-01,2025-01-01,40,3.5,0.0,-3.5,3.5,3.5
1882,301-02,dead_stock,dead_stock,2024-10-01,2024-11-01,1,0.0,0.0,0.0,0.0,0.0
1882,301-02,dead_stock,dead_stock,2024-10-01,2024-12-01,2,0.0,0.0,0.0,0.0,0.0
1882,301-02,dead_stock,dead_stock,2024-10-01,2025-01-01,3,3.5,0.0,-3.5,3.5,3.5
1882,301-02,dead_stock,dead_stock,2024-10-01,2025-02-01,4,0.0,0.0,0.0,0.0,0.0
1882,301-02,dead_stock,dead_stock,2024-10-01,2025-02-01,40,3.5,0.0,-3.5,3.5,3.5
1882,301-02,dead_stock,dead_stock,2024-11-01,2024-12-01,1,0.0,0.0,0.0,0.0,0.0
1882,301-02,dead_stock,dead_stock,2024-11-01,2025-01-01,2,3.5,0.0,-3.5,3.5,3.5
1882,301-02,dead_stock,dead_stock,2024-11-01,2025-02-01,3,0.0,0.0,0.0,0.0,0.0
1882,301-02,dead_stock,dead_stock,2024-11-01,2025-03-01,4,0.0,0.0,0.0,0.0,0.0
1882,301-02,dead_stock,dead_stock,2024-11-01,2025-03-01,40,3.5,0.0,-3.5,3.5,3.5
1882,301-02,dead_stock,dead_stock,2024-12-01,2025-01-01,1,3.5,0.0,-3.5,3.5,3.5
1882,301-02,dead_stock,dead_stock,2024-12-01,2025-02-01,2,0.0,0.0,0.0,0.0,0.0
1882,301-02,dead_stock,dead_stock,2024-12-01,2025-03-01,3,0.0,0.0,0.0,0.0,0.0
1882,301-02,dead_stock,dead_stock,2024-12-01,2025-04-01,4,0.0,0.0,0.0,0.0,0.0
1882,301-02,dead_stock,dead_stock,2024-12-01,2025-04-01,40,3.5,0.0,-3.5,3.5,3.5
1882,301-02,intermittent,dead_stock,2025-01-01,2025-02-01,1,0.0,0.0,0.0,0.0,0.0
1882,301-02,intermittent,dead_stock,2025-01-01,2025-03-01,2,0.0,0.0,0.0,0.0,0.0
1882,301-02,intermittent,dead_stock,2025-01-01,2025-04-01,3,0.0,0.0,0.0,0.0,0.0
1882,301-02,intermittent,dead_stock,2025-01-01,2025-05-01,4,0.0,0.0,0.0,0.0,0.0
1882,301-02,intermittent,dead_stock,2025-01-01,2025-05-01,40,0.0,0.0,0.0,0.0,0.0
1882,301-02,intermittent,dead_stock,2025-02-01,2025-03-01,1,0.0,0.0,0.0,0.0,0.0
1882,301-02,intermittent,dead_stock,2025-02-01,2025-04-01,2,0.0,0.0,0.0,0.0,0.0
1882,301-02,intermittent,dead_stock,2025-02-01,2025-05-01,3,0.0,0.0,0.0,0.0,0.0
1882,301-02,intermittent,dead_stock,2025-02-01,2025-06-01,4,0.0,0.0,0.0,0.0,0.0
1882,301-02,intermittent,dead_stock,2025-02-01,2025-06-01,40,0.0,0.0,0.0,0.0,0.0
1882,301-02,intermittent,dead_stock,2025-03-01,2025-04-01,1,0.0,0.0,0.0,0.0,0.0
1882,301-02,intermittent,dead_stock,2025-03-01,2025-05-01,2,0.0,0.0,0.0,0.0,0.0
1882,301-02,intermittent,dead_stock,2025-03-01,2025-06-01,3,0.0,0.0,0.0,0.0,0.0
1882,301-02,intermittent,dead_stock,2025-03-01,2025-07-01,4,0.0,0.0,0.0,0.0,0.0
1882,301-02,intermittent,dead_stock,2025-03-01,2025-07-01,40,0.0,0.0,0.0,0.0,0.0
1882,301-02,intermittent,dead_stock,2025-04-01,2025-05-01,1,0.0,0.0,0.0,0.0,0.0
1882,301-02,intermittent,dead_stock,2025-04-01,2025-06-01,2,0.0,0.0,0.0,0.0,0.0
1882,301-02,intermittent,dead_stock,2025-04-01,2025-07-01,3,0.0,0.0,0.0,0.0,0.0
1882,301-02,intermittent,dead_stock,2025-04-01,2025-08-01,4,0.0,0.0,0.0,0.0,0.0
1882,301-02,intermittent,dead_stock,2025-04-01,2025-08-01,40,0.0,0.0,0.0,0.0,0.0
1882,301-02,intermittent,dead_stock,2025-05-01,2025-06-01,1,0.0,0.0,0.0,0.0,0.0
1882,301-02,intermittent,dead_stock,2025-05-01,2025-07-01,2,0.0,0.0,0.0,0.0,0.0
1882,301-02,intermittent,dead_stock,2025-05-01,2025-08-01,3,0.0,0.0,0.0,0.0,0.0
1882,301-02,intermittent,dead_stock,2025-05-01,2025-09-01,4,0.0,0.0,0.0,0.0,0.0
1882,301-02,intermittent,dead_stock,2025-05-01,2025-09-01,40,0.0,0.0,0.0,0.0,0.0
1882,301-02,intermittent,dead_stock,2025-06-01,2025-07-01,1,0.0,0.0,0.0,0.0,0.0
1882,301-02,intermittent,dead_stock,2025-06-01,2025-08-01,2,0.0,0.0,0.0,0.0,0.0
1882,301-02,intermittent,dead_stock,2025-06-01,2025-09-01,3,0.0,0.0,0.0,0.0,0.0
1882,301-02,intermittent,dead_stock,2025-06-01,2025-10-01,4,0.0,0.0,0.0,0.0,0.0
1882,301-02,intermittent,dead_stock,2025-06-01,2025-10-01,40,0.0,0.0,0.0,0.0,0.0
1882,301-02,dead_stock,dead_stock,2025-07-01,2025-08-01,1,0.0,0.0,0.0,0.0,0.0
1882,301-02,dead_stock,dead_stock,2025-07-01,2025-09-01,2,0.0,0.0,0.0,0.0,0.0
1882,301-02,dead_stock,dead_stock,2025-07-01,2025-10-01,3,0.0,0.0,0.0,0.0,0.0
1882,301-02,dead_stock,dead_stock,2025-07-01,2025-11-01,4,0.0,0.0,0.0,0.0,0.0
1882,301-02,dead_stock,dead_stock,2025-07-01,2025-11-01,40,0.0,0.0,0.0,0.0,0.0
1882,301-02,dead_stock,dead_stock,2025-08-01,2025-09-01,1,0.0,0.0,0.0,0.0,0.0
1882,301-02,dead_stock,dead_stock,2025-08-01,2025-10-01,2,0.0,0.0,0.0,0.0,0.0
1882,301-02,dead_stock,dead_stock,2025-08-01,2025-11-01,3,0.0,0.0,0.0,0.0,0.0
1882,301-02,dead_stock,dead_stock,2025-08-01,2025-12-01,4,0.0,0.0,0.0,0.0,0.0
1882,301-02,dead_stock,dead_stock,2025-08-01,2025-12-01,40,0.0,0.0,0.0,0.0,0.0
1882,301-02,dead_stock,dead_stock,2025-09-01,2025-10-01,1,0.0,0.0,0.0,0.0,0.0
1882,301-02,dead_stock,dead_stock,2025-09-01,2025-11-01,2,0.0,0.0,0.0,0.0,0.0
1882,301-02,dead_stock,dead_stock,2025-09-01,2025-12-01,3,0.0,0.0,0.0,0.0,0.0
1882,301-02,dead_stock,dead_stock,2025-09-01,2026-01-01,4,0.0,0.0,0.0,0.0,0.0
1882,301-02,dead_stock,dead_stock,2025-09-01,2026-01-01,40,0.0,0.0,0.0,0.0,0.0
1882,301-02,dead_stock,dead_stock,2025-10-01,2025-11-01,1,0.0,0.0,0.0,0.0,0.0
1882,301-02,dead_stock,dead_stock,2025-10-01,2025-12-01,2,0.0,0.0,0.0,0.0,0.0
1882,301-02,dead_stock,dead_stock,2025-10-01,2026-01-01,3,0.0,0.0,0.0,0.0,0.0
1882,301-02,dead_stock,dead_stock,2025-10-01,2026-02-01,4,0.0,0.0,0.0,0.0,0.0
1882,301-02,dead_stock,dead_stock,2025-10-01,2026-02-01,40,0.0,0.0,0.0,0.0,0.0
1882,301-02,dead_stock,dead_stock,2025-11-01,2025-12-01,1,0.0,0.0,0.0,0.0,0.0
1882,301-02,dead_stock,dead_stock,2025-11-01,2026-01-01,2,0.0,0.0,0.0,0.0,0.0
1882,301-02,dead_stock,dead_stock,2025-11-01,2026-02-01,3,0.0,0.0,0.0,0.0,0.0
1882,301-02,dead_stock,dead_stock,2025-11-01,2026-03-01,4,0.0,0.0,0.0,0.0,0.0
1882,301-02,dead_stock,dead_stock,2025-11-01,2026-03-01,40,0.0,0.0,0.0,0.0,0.0
1882,301-02,dead_stock,dead_stock,2025-12-01,2026-01-01,1,0.0,0.0,0.0,0.0,0.0
1882,301-02,dead_stock,dead_stock,2025-12-01,2026-02-01,2,0.0,0.0,0.0,0.0,0.0
1882,301-02,dead_stock,dead_stock,2025-12-01,2026-03-01,3,0.0,0.0,0.0,0.0,0.0
1882,301-02,dead_stock,dead_stock,2025-12-01,2026-04-01,4,0.0,0.0,0.0,0.0,0.0
1882,301-02,dead_stock,dead_stock,2025-12-01,2026-04-01,40,0.0,0.0,0.0,0.0,0.0
1882,301-02,dead_stock,dead_stock,2026-01-01,2026-02-01,1,0.0,0.0,0.0,0.0,0.0
1882,301-02,dead_stock,dead_stock,2026-01-01,2026-03-01,2,0.0,0.0,0.0,0.0,0.0
1882,301-02,dead_stock,dead_stock,2026-01-01,2026-04-01,3,0.0,0.0,0.0,0.0,0.0
1882,301-02,dead_stock,dead_stock,2026-01-01,2026-05-01,4,0.0,0.0,0.0,0.0,0.0
1882,301-02,dead_stock,dead_stock,2026-01-01,2026-05-01,40,0.0,0.0,0.0,0.0,0.0
1882,301-02,dead_stock,dead_stock,2026-02-01,2026-03-01,1,0.0,0.0,0.0,0.0,0.0
1882,301-02,dead_stock,dead_stock,2026-02-01,2026-04-01,2,0.0,0.0,0.0,0.0,0.0
1882,301-02,dead_stock,dead_stock,2026-02-01,2026-05-01,3,0.0,0.0,0.0,0.0,0.0
1882,301-02,dead_stock,dead_stock,2026-02-01,2026-06-01,4,0.0,0.0,0.0,0.0,0.0
1882,301-02,dead_stock,dead_stock,2026-02-01,2026-06-01,40,0.0,0.0,0.0,0.0,0.0
1882,301-02,dead_stock,dead_stock,2026-03-01,2026-04-01,1,0.0,0.0,0.0,0.0,0.0
1882,301-02,dead_stock,dead_stock,2026-03-01,2026-05-01,2,0.0,0.0,0.0,0.0,0.0
1882,301-02,dead_stock,dead_stock,2026-03-01,2026-06-01,3,0.0,0.0,0.0,0.0,0.0
1882,301-02,dead_stock,dead_stock,2026-03-01,2026-07-01,4,0.0,0.0,0.0,0.0,0.0
1882,301-02,dead_stock,dead_stock,2026-03-01,2026-07-01,40,0.0,0.0,0.0,0.0,0.0
1882,301-02,dead_stock,dead_stock,2026-04-01,2026-05-01,1,0.0,0.0,0.0,0.0,0.0
1882,301-02,dead_stock,dead_stock,2026-04-01,2026-06-01,2,0.0,0.0,0.0,0.0,0.0
1882,301-02,dead_stock,dead_stock,2026-04-01,2026-07-01,3,0.0,0.0,0.0,0.0,0.0
1882,301-02,dead_stock,dead_stock,2026-04-01,2026-08-01,4,0.0,0.0,0.0,0.0,0.0
1882,301-02,dead_stock,dead_stock,2026-04-01,2026-08-01,40,0.0,0.0,0.0,0.0,0.0
1882,301-02,dead_stock,dead_stock,2026-05-01,2026-06-01,1,0.0,0.0,0.0,0.0,0.0
1882,301-02,dead_stock,dead_stock,2026-05-01,2026-07-01,2,0.0,0.0,0.0,0.0,0.0
1882,301-02,dead_stock,dead_stock,2026-05-01,2026-08-01,3,0.0,0.0,0.0,0.0,0.0
1882,301-02,dead_stock,dead_stock,2026-05-01,2026-09-01,4,0.0,0.0,0.0,0.0,0.0
1882,301-02,dead_stock,dead_stock,2026-05-01,2026-09-01,40,0.0,0.0,0.0,0.0,0.0
1882,301-02,dead_stock,dead_stock,2026-06-01,2026-07-01,1,0.0,0.0,0.0,0.0,0.0
1882,301-02,dead_stock,dead_stock,2026-06-01,2026-08-01,2,0.0,0.0,0.0,0.0,0.0
1882,301-02,dead_stock,dead_stock,2026-06-01,2026-09-01,3,0.0,0.0,0.0,0.0,0.0
1882,301-02,dead_stock,dead_stock,2026-07-01,2026-08-01,1,0.0,0.0,0.0,0.0,0.0
1882,301-02,dead_stock,dead_stock,2026-07-01,2026-09-01,2,0.0,0.0,0.0,0.0,0.0
1882,301-02,dead_stock,dead_stock,2026-08-01,2026-09-01,1,0.0,0.0,0.0,0.0,0.0
14403,394-27,intermittent,intermittent,2024-12-01,2025-01-01,1,0.0,5.0,5.0,5.0,0.0
14403,394-27,intermittent,intermittent,2024-12-01,2025-02-01,2,19.0,2.5,-16.5,16.5,16.5
14403,394-27,intermittent,intermittent,2024-12-01,2025-03-01,3,0.0,3.75,3.75,3.75,0.0
14403,394-27,intermittent,intermittent,2024-12-01,2025-04-01,4,0.0,3.125,3.125,3.125,0.0
14403,394-27,intermittent,intermittent,2024-12-01,2025-04-01,40,19.0,14.375,-4.625,4.625,4.625
14403,394-27,intermittent,intermittent,2025-01-01,2025-02-01,1,19.0,0.0,-19.0,19.0,19.0
14403,394-27,intermittent,intermittent,2025-01-01,2025-03-01,2,0.0,0.0,0.0,0.0,0.0
14403,394-27,intermittent,intermittent,2025-01-01,2025-04-01,3,0.0,0.0,0.0,0.0,0.0
14403,394-27,intermittent,intermittent,2025-01-01,2025-05-01,4,2.5,0.0,-2.5,2.5,2.5
14403,394-27,intermittent,intermittent,2025-01-01,2025-05-01,40,21.5,0.0,-21.5,21.5,21.5
14403,394-27,intermittent,intermittent,2025-02-01,2025-03-01,1,0.0,9.5,9.5,9.5,0.0
14403,394-27,intermittent,intermittent,2025-02-01,2025-04-01,2,0.0,4.75,4.75,4.75,0.0
14403,394-27,intermittent,intermittent,2025-02-01,2025-05-01,3,2.5,7.125,4.625,4.625,0.0
14403,394-27,intermittent,intermittent,2025-02-01,2025-06-01,4,0.0,5.9375,5.9375,5.9375,0.0
14403,394-27,intermittent,intermittent,2025-02-01,2025-06-01,40,2.5,27.3125,24.8125,24.8125,0.0
14403,394-27,intermittent,intermittent,2025-03-01,2025-04-01,1,0.0,0.0,0.0,0.0,0.0
14403,394-27,intermittent,intermittent,2025-03-01,2025-05-01,2,2.5,0.0,-2.5,2.5,2.5
14403,394-27,intermittent,intermittent,2025-03-01,2025-06-01,3,0.0,0.0,0.0,0.0,0.0
14403,394-27,intermittent,intermittent,2025-03-01,2025-07-01,4,0.0,0.0,0.0,0.0,0.0
14403,394-27,intermittent,intermittent,2025-03-01,2025-07-01,40,2.5,0.0,-2.5,2.5,2.5
14403,394-27,intermittent,intermittent,2025-04-01,2025-05-01,1,2.5,0.0,-2.5,2.5,2.5
14403,394-27,intermittent,intermittent,2025-04-01,2025-06-01,2,0.0,0.0,0.0,0.0,0.0
14403,394-27,intermittent,intermittent,2025-04-01,2025-07-01,3,0.0,0.0,0.0,0.0,0.0
14403,394-27,intermittent,intermittent,2025-04-01,2025-08-01,4,0.0,0.0,0.0,0.0,0.0
14403,394-27,intermittent,intermittent,2025-04-01,2025-08-01,40,2.5,0.0,-2.5,2.5,2.5
14403,394-27,intermittent,intermittent,2025-05-01,2025-06-01,1,0.0,0.0,0.0,0.0,0.0
14403,394-27,intermittent,intermittent,2025-05-01,2025-07-01,2,0.0,0.0,0.0,0.0,0.0
14403,394-27,intermittent,intermittent,2025-05-01,2025-08-01,3,0.0,0.0,0.0,0.0,0.0
14403,394-27,intermittent,intermittent,2025-05-01,2025-09-01,4,0.0,0.0,0.0,0.0,0.0
14403,394-27,intermittent,intermittent,2025-05-01,2025-09-01,40,0.0,0.0,0.0,0.0,0.0
14403,394-27,intermittent,intermittent,2025-06-01,2025-07-01,1,0.0,0.0,0.0,0.0,0.0
14403,394-27,intermittent,intermittent,2025-06-01,2025-08-01,2,0.0,0.0,0.0,0.0,0.0
14403,394-27,intermittent,intermittent,2025-06-01,2025-09-01,3,0.0,0.0,0.0,0.0,0.0
14403,394-27,intermittent,intermittent,2025-06-01,2025-10-01,4,22.0,0.0,-22.0,22.0,22.0
14403,394-27,intermittent,intermittent,2025-06-01,2025-10-01,40,22.0,0.0,-22.0,22.0,22.0
14403,394-27,intermittent,intermittent,2025-07-01,2025-08-01,1,0.0,0.0,0.0,0.0,0.0
14403,394-27,intermittent,intermittent,2025-07-01,2025-09-01,2,0.0,0.0,0.0,0.0,0.0
14403,394-27,intermittent,intermittent,2025-07-01,2025-10-01,3,22.0,0.0,-22.0,22.0,22.0
14403,394-27,intermittent,intermittent,2025-07-01,2025-11-01,4,0.0,0.0,0.0,0.0,0.0
14403,394-27,intermittent,intermittent,2025-07-01,2025-11-01,40,22.0,0.0,-22.0,22.0,22.0
14403,394-27,intermittent,intermittent,2025-08-01,2025-09-01,1,0.0,0.0,0.0,0.0,0.0
14403,394-27,intermittent,intermittent,2025-08-01,2025-10-01,2,22.0,0.0,-22.0,22.0,22.0
14403,394-27,intermittent,intermittent,2025-08-01,2025-11-01,3,0.0,0.0,0.0,0.0,0.0
14403,394-27,intermittent,intermittent,2025-08-01,2025-12-01,4,0.0,0.0,0.0,0.0,0.0
14403,394-27,intermittent,intermittent,2025-08-01,2025-12-01,40,22.0,0.0,-22.0,22.0,22.0
14403,394-27,intermittent,intermittent,2025-09-01,2025-10-01,1,22.0,0.0,-22.0,22.0,22.0
14403,394-27,intermittent,intermittent,2025-09-01,2025-11-01,2,0.0,0.0,0.0,0.0,0.0
14403,394-27,intermittent,intermittent,2025-09-01,2025-12-01,3,0.0,0.0,0.0,0.0,0.0
14403,394-27,intermittent,intermittent,2025-09-01,2026-01-01,4,374.2,0.0,-374.2,374.2,374.2
14403,394-27,intermittent,intermittent,2025-09-01,2026-01-01,40,396.2,0.0,-396.2,396.2,396.2
14403,394-27,intermittent,intermittent,2025-10-01,2025-11-01,1,0.0,0.0,0.0,0.0,0.0
14403,394-27,intermittent,intermittent,2025-10-01,2025-12-01,2,0.0,0.0,0.0,0.0,0.0
14403,394-27,intermittent,intermittent,2025-10-01,2026-01-01,3,374.2,0.0,-374.2,374.2,374.2
14403,394-27,intermittent,intermittent,2025-10-01,2026-02-01,4,39.5,0.0,-39.5,39.5,39.5
14403,394-27,intermittent,intermittent,2025-10-01,2026-02-01,40,413.7,0.0,-413.7,413.7,413.7
14403,394-27,intermittent,intermittent,2025-11-01,2025-12-01,1,0.0,0.0,0.0,0.0,0.0
14403,394-27,intermittent,intermittent,2025-11-01,2026-01-01,2,374.2,0.0,-374.2,374.2,374.2
14403,394-27,intermittent,intermittent,2025-11-01,2026-02-01,3,39.5,0.0,-39.5,39.5,39.5
14403,394-27,intermittent,intermittent,2025-11-01,2026-03-01,4,22.5,0.0,-22.5,22.5,22.5
14403,394-27,intermittent,intermittent,2025-11-01,2026-03-01,40,436.2,0.0,-436.2,436.2,436.2
14403,394-27,intermittent,intermittent,2025-12-01,2026-01-01,1,374.2,0.0,-374.2,374.2,374.2
14403,394-27,intermittent,intermittent,2025-12-01,2026-02-01,2,39.5,0.0,-39.5,39.5,39.5
14403,394-27,intermittent,intermittent,2025-12-01,2026-03-01,3,22.5,0.0,-22.5,22.5,22.5
14403,394-27,intermittent,intermittent,2025-12-01,2026-04-01,4,0.0,0.0,0.0,0.0,0.0
14403,394-27,intermittent,intermittent,2025-12-01,2026-04-01,40,436.2,0.0,-436.2,436.2,436.2
14403,394-27,intermittent,intermittent,2026-01-01,2026-02-01,1,39.5,0.0,-39.5,39.5,39.5
14403,394-27,intermittent,intermittent,2026-01-01,2026-03-01,2,22.5,0.0,-22.5,22.5,22.5
14403,394-27,intermittent,intermittent,2026-01-01,2026-04-01,3,0.0,0.0,0.0,0.0,0.0
14403,394-27,intermittent,intermittent,2026-01-01,2026-05-01,4,10.5,0.0,-10.5,10.5,10.5
14403,394-27,intermittent,intermittent,2026-01-01,2026-05-01,40,72.5,0.0,-72.5,72.5,72.5
14403,394-27,intermittent,intermittent,2026-02-01,2026-03-01,1,22.5,19.75,-2.75,2.75,2.75
14403,394-27,intermittent,intermittent,2026-02-01,2026-04-01,2,0.0,29.625,29.625,29.625,0.0
14403,394-27,intermittent,intermittent,2026-02-01,2026-05-01,3,10.5,24.6875,14.1875,14.1875,0.0
14403,394-27,intermittent,intermittent,2026-02-01,2026-06-01,4,0.0,22.21875,22.21875,22.21875,0.0
14403,394-27,intermittent,intermittent,2026-02-01,2026-06-01,40,33.0,96.28125,63.28125,63.28125,0.0
14403,394-27,intermittent,intermittent,2026-03-01,2026-04-01,1,0.0,31.0,31.0,31.0,0.0
14403,394-27,intermittent,intermittent,2026-03-01,2026-05-01,2,10.5,26.75,16.25,16.25,0.0
14403,394-27,intermittent,intermittent,2026-03-01,2026-06-01,3,0.0,24.625,24.625,24.625,0.0
14403,394-27,intermittent,intermittent,2026-03-01,2026-07-01,4,0.0,25.6875,25.6875,25.6875,0.0
14403,394-27,intermittent,intermittent,2026-03-01,2026-07-01,40,10.5,108.0625,97.5625,97.5625,0.0
14403,394-27,intermittent,intermittent,2026-04-01,2026-05-01,1,10.5,11.25,0.75,0.75,0.0
14403,394-27,intermittent,intermittent,2026-04-01,2026-06-01,2,0.0,5.625,5.625,5.625,0.0
14403,394-27,intermittent,intermittent,2026-04-01,2026-07-01,3,0.0,2.8125,2.8125,2.8125,0.0
14403,394-27,intermittent,intermittent,2026-04-01,2026-08-01,4,20.0,4.21875,-15.78125,15.78125,15.78125
14403,394-27,intermittent,intermittent,2026-04-01,2026-08-01,40,30.5,23.90625,-6.59375,6.59375,6.59375
14403,394-27,intermittent,intermittent,2026-05-01,2026-06-01,1,0.0,5.25,5.25,5.25,0.0
14403,394-27,intermittent,intermittent,2026-05-01,2026-07-01,2,0.0,2.625,2.625,2.625,0.0
14403,394-27,intermittent,intermittent,2026-05-01,2026-08-01,3,20.0,3.9375,-16.0625,16.0625,16.0625
14403,394-27,intermittent,intermittent,2026-05-01,2026-09-01,4,11.0,3.28125,-7.71875,7.71875,7.71875
14403,394-27,intermittent,intermittent,2026-05-01,2026-09-01,40,31.0,15.09375,-15.90625,15.90625,15.90625
14403,394-27,intermittent,intermittent,2026-06-01,2026-07-01,1,0.0,0.0,0.0,0.0,0.0
14403,394-27,intermittent,intermittent,2026-06-01,2026-08-01,2,20.0,0.0,-20.0,20.0,20.0
14403,394-27,intermittent,intermittent,2026-06-01,2026-09-01,3,11.0,0.0,-11.0,11.0,11.0
14403,394-27,intermittent,intermittent,2026-07-01,2026-08-01,1,20.0,0.0,-20.0,20.0,20.0
14403,394-27,intermittent,intermittent,2026-07-01,2026-09-01,2,11.0,0.0,-11.0,11.0,11.0
14403,394-27,intermittent,intermittent,2026-08-01,2026-09-01,1,11.0,0.0,-11.0,11.0,11.0
273,344-06,intermittent,intermittent,2024-01-01,2024-02-01,1,0.0,0.0,0.0,0.0,0.0
273,344-06,intermittent,intermittent,2024-01-01,2024-03-01,2,0.0,0.0,0.0,0.0,0.0
273,344-06,intermittent,intermittent,2024-01-01,2024-04-01,3,0.0,0.0,0.0,0.0,0.0
273,344-06,intermittent,intermittent,2024-01-01,2024-05-01,4,0.0,0.0,0.0,0.0,0.0
273,344-06,intermittent,intermittent,2024-01-01,2024-05-01,40,0.0,0.0,0.0,0.0,0.0
273,344-06,dead_stock,intermittent,2024-02-01,2024-03-01,1,0.0,0.0,0.0,0.0,0.0
273,344-06,dead_stock,intermittent,2024-02-01,2024-04-01,2,0.0,0.0,0.0,0.0,0.0
273,344-06,dead_stock,intermittent,2024-02-01,2024-05-01,3,0.0,0.0,0.0,0.0,0.0
273,344-06,dead_stock,intermittent,2024-02-01,2024-06-01,4,0.0,0.0,0.0,0.0,0.0
273,344-06,dead_stock,intermittent,2024-02-01,2024-06-01,40,0.0,0.0,0.0,0.0,0.0
273,344-06,dead_stock,intermittent,2024-03-01,2024-04-01,1,0.0,0.0,0.0,0.0,0.0
273,344-06,dead_stock,intermittent,2024-03-01,2024-05-01,2,0.0,0.0,0.0,0.0,0.0
273,344-06,dead_stock,intermittent,2024-03-01,2024-06-01,3,0.0,0.0,0.0,0.0,0.0
273,344-06,dead_stock,intermittent,2024-03-01,2024-07-01,4,0.0,0.0,0.0,0.0,0.0
273,344-06,dead_stock,intermittent,2024-03-01,2024-07-01,40,0.0,0.0,0.0,0.0,0.0
273,344-06,dead_stock,intermittent,2024-04-01,2024-05-01,1,0.0,0.0,0.0,0.0,0.0
273,344-06,dead_stock,intermittent,2024-04-01,2024-06-01,2,0.0,0.0,0.0,0.0,0.0
273,344-06,dead_stock,intermittent,2024-04-01,2024-07-01,3,0.0,0.0,0.0,0.0,0.0
273,344-06,dead_stock,intermittent,2024-04-01,2024-08-01,4,0.0,0.0,0.0,0.0,0.0
273,344-06,dead_stock,intermittent,2024-04-01,2024-08-01,40,0.0,0.0,0.0,0.0,0.0
273,344-06,dead_stock,intermittent,2024-05-01,2024-06-01,1,0.0,0.0,0.0,0.0,0.0
273,344-06,dead_stock,intermittent,2024-05-01,2024-07-01,2,0.0,0.0,0.0,0.0,0.0
273,344-06,dead_stock,intermittent,2024-05-01,2024-08-01,3,0.0,0.0,0.0,0.0,0.0
273,344-06,dead_stock,intermittent,2024-05-01,2024-09-01,4,0.0,0.0,0.0,0.0,0.0
273,344-06,dead_stock,intermittent,2024-05-01,2024-09-01,40,0.0,0.0,0.0,0.0,0.0
273,344-06,dead_stock,intermittent,2024-06-01,2024-07-01,1,0.0,0.0,0.0,0.0,0.0
273,344-06,dead_stock,intermittent,2024-06-01,2024-08-01,2,0.0,0.0,0.0,0.0,0.0
273,344-06,dead_stock,intermittent,2024-06-01,2024-09-01,3,0.0,0.0,0.0,0.0,0.0
273,344-06,dead_stock,intermittent,2024-06-01,2024-10-01,4,0.0,0.0,0.0,0.0,0.0
273,344-06,dead_stock,intermittent,2024-06-01,2024-10-01,40,0.0,0.0,0.0,0.0,0.0
273,344-06,dead_stock,intermittent,2024-07-01,2024-08-01,1,0.0,0.0,0.0,0.0,0.0
273,344-06,dead_stock,intermittent,2024-07-01,2024-09-01,2,0.0,0.0,0.0,0.0,0.0
273,344-06,dead_stock,intermittent,2024-07-01,2024-10-01,3,0.0,0.0,0.0,0.0,0.0
273,344-06,dead_stock,intermittent,2024-07-01,2024-11-01,4,0.0,0.0,0.0,0.0,0.0
273,344-06,dead_stock,intermittent,2024-07-01,2024-11-01,40,0.0,0.0,0.0,0.0,0.0
273,344-06,dead_stock,intermittent,2024-08-01,2024-09-01,1,0.0,0.0,0.0,0.0,0.0
273,344-06,dead_stock,intermittent,2024-08-01,2024-10-01,2,0.0,0.0,0.0,0.0,0.0
273,344-06,dead_stock,intermittent,2024-08-01,2024-11-01,3,0.0,0.0,0.0,0.0,0.0
273,344-06,dead_stock,intermittent,2024-08-01,2024-12-01,4,0.0,0.0,0.0,0.0,0.0
273,344-06,dead_stock,intermittent,2024-08-01,2024-12-01,40,0.0,0.0,0.0,0.0,0.0
273,344-06,dead_stock,intermittent,2024-09-01,2024-10-01,1,0.0,0.0,0.0,0.0,0.0
273,344-06,dead_stock,intermittent,2024-09-01,2024-11-01,2,0.0,0.0,0.0,0.0,0.0
273,344-06,dead_stock,intermittent,2024-09-01,2024-12-01,3,0.0,0.0,0.0,0.0,0.0
273,344-06,dead_stock,intermittent,2024-09-01,2025-01-01,4,0.0,0.0,0.0,0.0,0.0
273,344-06,dead_stock,intermittent,2024-09-01,2025-01-01,40,0.0,0.0,0.0,0.0,0.0
273,344-06,dead_stock,intermittent,2024-10-01,2024-11-01,1,0.0,0.0,0.0,0.0,0.0
273,344-06,dead_stock,intermittent,2024-10-01,2024-12-01,2,0.0,0.0,0.0,0.0,0.0
273,344-06,dead_stock,intermittent,2024-10-01,2025-01-01,3,0.0,0.0,0.0,0.0,0.0
273,344-06,dead_stock,intermittent,2024-10-01,2025-02-01,4,0.0,0.0,0.0,0.0,0.0
273,344-06,dead_stock,intermittent,2024-10-01,2025-02-01,40,0.0,0.0,0.0,0.0,0.0
273,344-06,dead_stock,intermittent,2024-11-01,2024-12-01,1,0.0,0.0,0.0,0.0,0.0
273,344-06,dead_stock,intermittent,2024-11-01,2025-01-01,2,0.0,0.0,0.0,0.0,0.0
273,344-06,dead_stock,intermittent,2024-11-01,2025-02-01,3,0.0,0.0,0.0,0.0,0.0
273,344-06,dead_stock,intermittent,2024-11-01,2025-03-01,4,0.0,0.0,0.0,0.0,0.0
273,344-06,dead_stock,intermittent,2024-11-01,2025-03-01,40,0.0,0.0,0.0,0.0,0.0
273,344-06,dead_stock,intermittent,2024-12-01,2025-01-01,1,0.0,0.0,0.0,0.0,0.0
273,344-06,dead_stock,intermittent,2024-12-01,2025-02-01,2,0.0,0.0,0.0,0.0,0.0
273,344-06,dead_stock,intermittent,2024-12-01,2025-03-01,3,0.0,0.0,0.0,0.0,0.0
273,344-06,dead_stock,intermittent,2024-12-01,2025-04-01,4,0.0,0.0,0.0,0.0,0.0
273,344-06,dead_stock,intermittent,2024-12-01,2025-04-01,40,0.0,0.0,0.0,0.0,0.0
273,344-06,dead_stock,intermittent,2025-01-01,2025-02-01,1,0.0,0.0,0.0,0.0,0.0
273,344-06,dead_stock,intermittent,2025-01-01,2025-03-01,2,0.0,0.0,0.0,0.0,0.0
273,344-06,dead_stock,intermittent,2025-01-01,2025-04-01,3,0.0,0.0,0.0,0.0,0.0
273,344-06,dead_stock,intermittent,2025-01-01,2025-05-01,4,0.0,0.0,0.0,0.0,0.0
273,344-06,dead_stock,intermittent,2025-01-01,2025-05-01,40,0.0,0.0,0.0,0.0,0.0
273,344-06,dead_stock,intermittent,2025-02-01,2025-03-01,1,0.0,0.0,0.0,0.0,0.0
273,344-06,dead_stock,intermittent,2025-02-01,2025-04-01,2,0.0,0.0,0.0,0.0,0.0
273,344-06,dead_stock,intermittent,2025-02-01,2025-05-01,3,0.0,0.0,0.0,0.0,0.0
273,344-06,dead_stock,intermittent,2025-02-01,2025-06-01,4,2.0,0.0,-2.0,2.0,2.0
273,344-06,dead_stock,intermittent,2025-02-01,2025-06-01,40,2.0,0.0,-2.0,2.0,2.0
273,344-06,dead_stock,intermittent,2025-03-01,2025-04-01,1,0.0,0.0,0.0,0.0,0.0
273,344-06,dead_stock,intermittent,2025-03-01,2025-05-01,2,0.0,0.0,0.0,0.0,0.0
273,344-06,dead_stock,intermittent,2025-03-01,2025-06-01,3,2.0,0.0,-2.0,2.0,2.0
273,344-06,dead_stock,intermittent,2025-03-01,2025-07-01,4,0.0,0.0,0.0,0.0,0.0
273,344-06,dead_stock,intermittent,2025-03-01,2025-07-01,40,2.0,0.0,-2.0,2.0,2.0
273,344-06,dead_stock,intermittent,2025-04-01,2025-05-01,1,0.0,0.0,0.0,0.0,0.0
273,344-06,dead_stock,intermittent,2025-04-01,2025-06-01,2,2.0,0.0,-2.0,2.0,2.0
273,344-06,dead_stock,intermittent,2025-04-01,2025-07-01,3,0.0,0.0,0.0,0.0,0.0
273,344-06,dead_stock,intermittent,2025-04-01,2025-08-01,4,0.0,0.0,0.0,0.0,0.0
273,344-06,dead_stock,intermittent,2025-04-01,2025-08-01,40,2.0,0.0,-2.0,2.0,2.0
273,344-06,dead_stock,intermittent,2025-05-01,2025-06-01,1,2.0,0.0,-2.0,2.0,2.0
273,344-06,dead_stock,intermittent,2025-05-01,2025-07-01,2,0.0,0.0,0.0,0.0,0.0
273,344-06,dead_stock,intermittent,2025-05-01,2025-08-01,3,0.0,0.0,0.0,0.0,0.0
273,344-06,dead_stock,intermittent,2025-05-01,2025-09-01,4,25.0,0.0,-25.0,25.0,25.0
273,344-06,dead_stock,intermittent,2025-05-01,2025-09-01,40,27.0,0.0,-27.0,27.0,27.0
273,344-06,intermittent,intermittent,2025-06-01,2025-07-01,1,0.0,0.0,0.0,0.0,0.0
273,344-06,intermittent,intermittent,2025-06-01,2025-08-01,2,0.0,0.0,0.0,0.0,0.0
273,344-06,intermittent,intermittent,2025-06-01,2025-09-01,3,25.0,0.0,-25.0,25.0,25.0
273,344-06,intermittent,intermittent,2025-06-01,2025-10-01,4,0.0,0.0,0.0,0.0,0.0
273,344-06,intermittent,intermittent,2025-06-01,2025-10-01,40,25.0,0.0,-25.0,25.0,25.0
273,344-06,intermittent,intermittent,2025-07-01,2025-08-01,1,0.0,0.0,0.0,0.0,0.0
273,344-06,intermittent,intermittent,2025-07-01,2025-09-01,2,25.0,0.0,-25.0,25.0,25.0
273,344-06,intermittent,intermittent,2025-07-01,2025-10-01,3,0.0,0.0,0.0,0.0,0.0
273,344-06,intermittent,intermittent,2025-07-01,2025-11-01,4,7.0,0.0,-7.0,7.0,7.0
273,344-06,intermittent,intermittent,2025-07-01,2025-11-01,40,32.0,0.0,-32.0,32.0,32.0
273,344-06,intermittent,intermittent,2025-08-01,2025-09-01,1,25.0,0.0,-25.0,25.0,25.0
273,344-06,intermittent,intermittent,2025-08-01,2025-10-01,2,0.0,0.0,0.0,0.0,0.0
273,344-06,intermittent,intermittent,2025-08-01,2025-11-01,3,7.0,0.0,-7.0,7.0,7.0
273,344-06,intermittent,intermittent,2025-08-01,2025-12-01,4,0.0,0.0,0.0,0.0,0.0
273,344-06,intermittent,intermittent,2025-08-01,2025-12-01,40,32.0,0.0,-32.0,32.0,32.0
273,344-06,intermittent,intermittent,2025-09-01,2025-10-01,1,0.0,0.0,0.0,0.0,0.0
273,344-06,intermittent,intermittent,2025-09-01,2025-11-01,2,7.0,0.0,-7.0,7.0,7.0
273,344-06,intermittent,intermittent,2025-09-01,2025-12-01,3,0.0,0.0,0.0,0.0,0.0
273,344-06,intermittent,intermittent,2025-09-01,2026-01-01,4,0.0,0.0,0.0,0.0,0.0
273,344-06,intermittent,intermittent,2025-09-01,2026-01-01,40,7.0,0.0,-7.0,7.0,7.0
273,344-06,intermittent,intermittent,2025-10-01,2025-11-01,1,7.0,0.0,-7.0,7.0,7.0
273,344-06,intermittent,intermittent,2025-10-01,2025-12-01,2,0.0,0.0,0.0,0.0,0.0
273,344-06,intermittent,intermittent,2025-10-01,2026-01-01,3,0.0,0.0,0.0,0.0,0.0
273,344-06,intermittent,intermittent,2025-10-01,2026-02-01,4,0.0,0.0,0.0,0.0,0.0
273,344-06,intermittent,intermittent,2025-10-01,2026-02-01,40,7.0,0.0,-7.0,7.0,7.0
273,344-06,intermittent,intermittent,2025-11-01,2025-12-01,1,0.0,3.5,3.5,3.5,0.0
273,344-06,intermittent,intermittent,2025-11-01,2026-01-01,2,0.0,1.75,1.75,1.75,0.0
273,344-06,intermittent,intermittent,2025-11-01,2026-02-01,3,0.0,2.625,2.625,2.625,0.0
273,344-06,intermittent,intermittent,2025-11-01,2026-03-01,4,0.0,2.1875,2.1875,2.1875,0.0
273,344-06,intermittent,intermittent,2025-11-01,2026-03-01,40,0.0,10.0625,10.0625,10.0625,0.0
273,344-06,intermittent,intermittent,2025-12-01,2026-01-01,1,0.0,0.0,0.0,0.0,0.0
273,344-06,intermittent,intermittent,2025-12-01,2026-02-01,2,0.0,0.0,0.0,0.0,0.0
273,344-06,intermittent,intermittent,2025-12-01,2026-03-01,3,0.0,0.0,0.0,0.0,0.0
273,344-06,intermittent,intermittent,2025-12-01,2026-04-01,4,0.0,0.0,0.0,0.0,0.0
273,344-06,intermittent,intermittent,2025-12-01,2026-04-01,40,0.0,0.0,0.0,0.0,0.0
273,344-06,intermittent,intermittent,2026-01-01,2026-02-01,1,0.0,0.0,0.0,0.0,0.0
273,344-06,intermittent,intermittent,2026-01-01,2026-03-01,2,0.0,0.0,0.0,0.0,0.0
273,344-06,intermittent,intermittent,2026-01-01,2026-04-01,3,0.0,0.0,0.0,0.0,0.0
273,344-06,intermittent,intermittent,2026-01-01,2026-05-01,4,0.0,0.0,0.0,0.0,0.0
273,344-06,intermittent,intermittent,2026-01-01,2026-05-01,40,0.0,0.0,0.0,0.0,0.0
273,344-06,intermittent,intermittent,2026-02-01,2026-03-01,1,0.0,0.0,0.0,0.0,0.0
273,344-06,intermittent,intermittent,2026-02-01,2026-04-01,2,0.0,0.0,0.0,0.0,0.0
273,344-06,intermittent,intermittent,2026-02-01,2026-05-01,3,0.0,0.0,0.0,0.0,0.0
273,344-06,intermittent,intermittent,2026-02-01,2026-06-01,4,0.0,0.0,0.0,0.0,0.0
273,344-06,intermittent,intermittent,2026-02-01,2026-06-01,40,0.0,0.0,0.0,0.0,0.0
273,344-06,intermittent,intermittent,2026-03-01,2026-04-01,1,0.0,0.0,0.0,0.0,0.0
273,344-06,intermittent,intermittent,2026-03-01,2026-05-01,2,0.0,0.0,0.0,0.0,0.0
273,344-06,intermittent,intermittent,2026-03-01,2026-06-01,3,0.0,0.0,0.0,0.0,0.0
273,344-06,intermittent,intermittent,2026-03-01,2026-07-01,4,10.5,0.0,-10.5,10.5,10.5
273,344-06,intermittent,intermittent,2026-03-01,2026-07-01,40,10.5,0.0,-10.5,10.5,10.5
273,344-06,intermittent,intermittent,2026-04-01,2026-05-01,1,0.0,0.0,0.0,0.0,0.0
273,344-06,intermittent,intermittent,2026-04-01,2026-06-01,2,0.0,0.0,0.0,0.0,0.0
273,344-06,intermittent,intermittent,2026-04-01,2026-07-01,3,10.5,0.0,-10.5,10.5,10.5
273,344-06,intermittent,intermittent,2026-04-01,2026-08-01,4,0.0,0.0,0.0,0.0,0.0
273,344-06,intermittent,intermittent,2026-04-01,2026-08-01,40,10.5,0.0,-10.5,10.5,10.5
273,344-06,dead_stock,intermittent,2026-05-01,2026-06-01,1,0.0,0.0,0.0,0.0,0.0
273,344-06,dead_stock,intermittent,2026-05-01,2026-07-01,2,10.5,0.0,-10.5,10.5,10.5
273,344-06,dead_stock,intermittent,2026-05-01,2026-08-01,3,0.0,0.0,0.0,0.0,0.0
273,344-06,dead_stock,intermittent,2026-05-01,2026-09-01,4,2.5,0.0,-2.5,2.5,2.5
273,344-06,dead_stock,intermittent,2026-05-01,2026-09-01,40,13.0,0.0,-13.0,13.0,13.0
273,344-06,dead_stock,intermittent,2026-06-01,2026-07-01,1,10.5,0.0,-10.5,10.5,10.5
273,344-06,dead_stock,intermittent,2026-06-01,2026-08-01,2,0.0,0.0,0.0,0.0,0.0
273,344-06,dead_stock,intermittent,2026-06-01,2026-09-01,3,2.5,0.0,-2.5,2.5,2.5
273,344-06,intermittent,intermittent,2026-07-01,2026-08-01,1,0.0,0.0,0.0,0.0,0.0
273,344-06,intermittent,intermittent,2026-07-01,2026-09-01,2,2.5,0.0,-2.5,2.5,2.5
273,344-06,intermittent,intermittent,2026-08-01,2026-09-01,1,2.5,0.0,-2.5,2.5,2.5
176,345-65,intermittent,dead_stock,2023-12-01,2024-01-01,1,0.0,0.0,0.0,0.0,0.0
176,345-65,intermittent,dead_stock,2023-12-01,2024-02-01,2,0.0,0.0,0.0,0.0,0.0
176,345-65,intermittent,dead_stock,2023-12-01,2024-03-01,3,0.0,0.0,0.0,0.0,0.0
176,345-65,intermittent,dead_stock,2023-12-01,2024-04-01,4,0.0,0.0,0.0,0.0,0.0
176,345-65,intermittent,dead_stock,2023-12-01,2024-04-01,40,0.0,0.0,0.0,0.0,0.0
176,345-65,intermittent,dead_stock,2024-01-01,2024-02-01,1,0.0,0.0,0.0,0.0,0.0
176,345-65,intermittent,dead_stock,2024-01-01,2024-03-01,2,0.0,0.0,0.0,0.0,0.0
176,345-65,intermittent,dead_stock,2024-01-01,2024-04-01,3,0.0,0.0,0.0,0.0,0.0
176,345-65,intermittent,dead_stock,2024-01-01,2024-05-01,4,0.0,0.0,0.0,0.0,0.0
176,345-65,intermittent,dead_stock,2024-01-01,2024-05-01,40,0.0,0.0,0.0,0.0,0.0
176,345-65,intermittent,dead_stock,2024-02-01,2024-03-01,1,0.0,0.0,0.0,0.0,0.0
176,345-65,intermittent,dead_stock,2024-02-01,2024-04-01,2,0.0,0.0,0.0,0.0,0.0
176,345-65,intermittent,dead_stock,2024-02-01,2024-05-01,3,0.0,0.0,0.0,0.0,0.0
176,345-65,intermittent,dead_stock,2024-02-01,2024-06-01,4,0.0,0.0,0.0,0.0,0.0
176,345-65,intermittent,dead_stock,2024-02-01,2024-06-01,40,0.0,0.0,0.0,0.0,0.0
176,345-65,intermittent,dead_stock,2024-03-01,2024-04-01,1,0.0,0.0,0.0,0.0,0.0
176,345-65,intermittent,dead_stock,2024-03-01,2024-05-01,2,0.0,0.0,0.0,0.0,0.0
176,345-65,intermittent,dead_stock,2024-03-01,2024-06-01,3,0.0,0.0,0.0,0.0,0.0
176,345-65,intermittent,dead_stock,2024-03-01,2024-07-01,4,0.0,0.0,0.0,0.0,0.0
176,345-65,intermittent,dead_stock,2024-03-01,2024-07-01,40,0.0,0.0,0.0,0.0,0.0
176,345-65,intermittent,dead_stock,2024-04-01,2024-05-01,1,0.0,0.0,0.0,0.0,0.0
176,345-65,intermittent,dead_stock,2024-04-01,2024-06-01,2,0.0,0.0,0.0,0.0,0.0
176,345-65,intermittent,dead_stock,2024-04-01,2024-07-01,3,0.0,0.0,0.0,0.0,0.0
176,345-65,intermittent,dead_stock,2024-04-01,2024-08-01,4,0.0,0.0,0.0,0.0,0.0
176,345-65,intermittent,dead_stock,2024-04-01,2024-08-01,40,0.0,0.0,0.0,0.0,0.0
176,345-65,intermittent,dead_stock,2024-05-01,2024-06-01,1,0.0,0.0,0.0,0.0,0.0
176,345-65,intermittent,dead_stock,2024-05-01,2024-07-01,2,0.0,0.0,0.0,0.0,0.0
176,345-65,intermittent,dead_stock,2024-05-01,2024-08-01,3,0.0,0.0,0.0,0.0,0.0
176,345-65,intermittent,dead_stock,2024-05-01,2024-09-01,4,0.0,0.0,0.0,0.0,0.0
176,345-65,intermittent,dead_stock,2024-05-01,2024-09-01,40,0.0,0.0,0.0,0.0,0.0
176,345-65,dead_stock,dead_stock,2024-06-01,2024-07-01,1,0.0,0.0,0.0,0.0,0.0
176,345-65,dead_stock,dead_stock,2024-06-01,2024-08-01,2,0.0,0.0,0.0,0.0,0.0
176,345-65,dead_stock,dead_stock,2024-06-01,2024-09-01,3,0.0,0.0,0.0,0.0,0.0
176,345-65,dead_stock,dead_stock,2024-06-01,2024-10-01,4,0.0,0.0,0.0,0.0,0.0
176,345-65,dead_stock,dead_stock,2024-06-01,2024-10-01,40,0.0,0.0,0.0,0.0,0.0
176,345-65,dead_stock,dead_stock,2024-07-01,2024-08-01,1,0.0,0.0,0.0,0.0,0.0
176,345-65,dead_stock,dead_stock,2024-07-01,2024-09-01,2,0.0,0.0,0.0,0.0,0.0
176,345-65,dead_stock,dead_stock,2024-07-01,2024-10-01,3,0.0,0.0,0.0,0.0,0.0
176,345-65,dead_stock,dead_stock,2024-07-01,2024-11-01,4,0.0,0.0,0.0,0.0,0.0
176,345-65,dead_stock,dead_stock,2024-07-01,2024-11-01,40,0.0,0.0,0.0,0.0,0.0
176,345-65,dead_stock,dead_stock,2024-08-01,2024-09-01,1,0.0,0.0,0.0,0.0,0.0
176,345-65,dead_stock,dead_stock,2024-08-01,2024-10-01,2,0.0,0.0,0.0,0.0,0.0
176,345-65,dead_stock,dead_stock,2024-08-01,2024-11-01,3,0.0,0.0,0.0,0.0,0.0
176,345-65,dead_stock,dead_stock,2024-08-01,2024-12-01,4,0.0,0.0,0.0,0.0,0.0
176,345-65,dead_stock,dead_stock,2024-08-01,2024-12-01,40,0.0,0.0,0.0,0.0,0.0
176,345-65,dead_stock,dead_stock,2024-09-01,2024-10-01,1,0.0,0.0,0.0,0.0,0.0
176,345-65,dead_stock,dead_stock,2024-09-01,2024-11-01,2,0.0,0.0,0.0,0.0,0.0
176,345-65,dead_stock,dead_stock,2024-09-01,2024-12-01,3,0.0,0.0,0.0,0.0,0.0
176,345-65,dead_stock,dead_stock,2024-09-01,2025-01-01,4,0.0,0.0,0.0,0.0,0.0
176,345-65,dead_stock,dead_stock,2024-09-01,2025-01-01,40,0.0,0.0,0.0,0.0,0.0
176,345-65,dead_stock,dead_stock,2024-10-01,2024-11-01,1,0.0,0.0,0.0,0.0,0.0
176,345-65,dead_stock,dead_stock,2024-10-01,2024-12-01,2,0.0,0.0,0.0,0.0,0.0
176,345-65,dead_stock,dead_stock,2024-10-01,2025-01-01,3,0.0,0.0,0.0,0.0,0.0
176,345-65,dead_stock,dead_stock,2024-10-01,2025-02-01,4,0.0,0.0,0.0,0.0,0.0
176,345-65,dead_stock,dead_stock,2024-10-01,2025-02-01,40,0.0,0.0,0.0,0.0,0.0
176,345-65,dead_stock,dead_stock,2024-11-01,2024-12-01,1,0.0,0.0,0.0,0.0,0.0
176,345-65,dead_stock,dead_stock,2024-11-01,2025-01-01,2,0.0,0.0,0.0,0.0,0.0
176,345-65,dead_stock,dead_stock,2024-11-01,2025-02-01,3,0.0,0.0,0.0,0.0,0.0
176,345-65,dead_stock,dead_stock,2024-11-01,2025-03-01,4,0.0,0.0,0.0,0.0,0.0
176,345-65,dead_stock,dead_stock,2024-11-01,2025-03-01,40,0.0,0.0,0.0,0.0,0.0
176,345-65,dead_stock,dead_stock,2024-12-01,2025-01-01,1,0.0,0.0,0.0,0.0,0.0
176,345-65,dead_stock,dead_stock,2024-12-01,2025-02-01,2,0.0,0.0,0.0,0.0,0.0
176,345-65,dead_stock,dead_stock,2024-12-01,2025-03-01,3,0.0,0.0,0.0,0.0,0.0
176,345-65,dead_stock,dead_stock,2024-12-01,2025-04-01,4,0.0,0.0,0.0,0.0,0.0
176,345-65,dead_stock,dead_stock,2024-12-01,2025-04-01,40,0.0,0.0,0.0,0.0,0.0
176,345-65,dead_stock,dead_stock,2025-01-01,2025-02-01,1,0.0,0.0,0.0,0.0,0.0
176,345-65,dead_stock,dead_stock,2025-01-01,2025-03-01,2,0.0,0.0,0.0,0.0,0.0
176,345-65,dead_stock,dead_stock,2025-01-01,2025-04-01,3,0.0,0.0,0.0,0.0,0.0
176,345-65,dead_stock,dead_stock,2025-01-01,2025-05-01,4,0.0,0.0,0.0,0.0,0.0
176,345-65,dead_stock,dead_stock,2025-01-01,2025-05-01,40,0.0,0.0,0.0,0.0,0.0
176,345-65,dead_stock,dead_stock,2025-02-01,2025-03-01,1,0.0,0.0,0.0,0.0,0.0
176,345-65,dead_stock,dead_stock,2025-02-01,2025-04-01,2,0.0,0.0,0.0,0.0,0.0
176,345-65,dead_stock,dead_stock,2025-02-01,2025-05-01,3,0.0,0.0,0.0,0.0,0.0
176,345-65,dead_stock,dead_stock,2025-02-01,2025-06-01,4,0.0,0.0,0.0,0.0,0.0
176,345-65,dead_stock,dead_stock,2025-02-01,2025-06-01,40,0.0,0.0,0.0,0.0,0.0
176,345-65,dead_stock,dead_stock,2025-03-01,2025-04-01,1,0.0,0.0,0.0,0.0,0.0
176,345-65,dead_stock,dead_stock,2025-03-01,2025-05-01,2,0.0,0.0,0.0,0.0,0.0
176,345-65,dead_stock,dead_stock,2025-03-01,2025-06-01,3,0.0,0.0,0.0,0.0,0.0
176,345-65,dead_stock,dead_stock,2025-03-01,2025-07-01,4,0.0,0.0,0.0,0.0,0.0
176,345-65,dead_stock,dead_stock,2025-03-01,2025-07-01,40,0.0,0.0,0.0,0.0,0.0
176,345-65,dead_stock,dead_stock,2025-04-01,2025-05-01,1,0.0,0.0,0.0,0.0,0.0
176,345-65,dead_stock,dead_stock,2025-04-01,2025-06-01,2,0.0,0.0,0.0,0.0,0.0
176,345-65,dead_stock,dead_stock,2025-04-01,2025-07-01,3,0.0,0.0,0.0,0.0,0.0
176,345-65,dead_stock,dead_stock,2025-04-01,2025-08-01,4,0.0,0.0,0.0,0.0,0.0
176,345-65,dead_stock,dead_stock,2025-04-01,2025-08-01,40,0.0,0.0,0.0,0.0,0.0
176,345-65,dead_stock,dead_stock,2025-05-01,2025-06-01,1,0.0,0.0,0.0,0.0,0.0
176,345-65,dead_stock,dead_stock,2025-05-01,2025-07-01,2,0.0,0.0,0.0,0.0,0.0
176,345-65,dead_stock,dead_stock,2025-05-01,2025-08-01,3,0.0,0.0,0.0,0.0,0.0
176,345-65,dead_stock,dead_stock,2025-05-01,2025-09-01,4,0.0,0.0,0.0,0.0,0.0
176,345-65,dead_stock,dead_stock,2025-05-01,2025-09-01,40,0.0,0.0,0.0,0.0,0.0
176,345-65,dead_stock,dead_stock,2025-06-01,2025-07-01,1,0.0,0.0,0.0,0.0,0.0
176,345-65,dead_stock,dead_stock,2025-06-01,2025-08-01,2,0.0,0.0,0.0,0.0,0.0
176,345-65,dead_stock,dead_stock,2025-06-01,2025-09-01,3,0.0,0.0,0.0,0.0,0.0
176,345-65,dead_stock,dead_stock,2025-06-01,2025-10-01,4,0.0,0.0,0.0,0.0,0.0
176,345-65,dead_stock,dead_stock,2025-06-01,2025-10-01,40,0.0,0.0,0.0,0.0,0.0
176,345-65,dead_stock,dead_stock,2025-07-01,2025-08-01,1,0.0,0.0,0.0,0.0,0.0
176,345-65,dead_stock,dead_stock,2025-07-01,2025-09-01,2,0.0,0.0,0.0,0.0,0.0
176,345-65,dead_stock,dead_stock,2025-07-01,2025-10-01,3,0.0,0.0,0.0,0.0,0.0
176,345-65,dead_stock,dead_stock,2025-07-01,2025-11-01,4,0.0,0.0,0.0,0.0,0.0
176,345-65,dead_stock,dead_stock,2025-07-01,2025-11-01,40,0.0,0.0,0.0,0.0,0.0
176,345-65,dead_stock,dead_stock,2025-08-01,2025-09-01,1,0.0,0.0,0.0,0.0,0.0
176,345-65,dead_stock,dead_stock,2025-08-01,2025-10-01,2,0.0,0.0,0.0,0.0,0.0
176,345-65,dead_stock,dead_stock,2025-08-01,2025-11-01,3,0.0,0.0,0.0,0.0,0.0
176,345-65,dead_stock,dead_stock,2025-08-01,2025-12-01,4,0.0,0.0,0.0,0.0,0.0
176,345-65,dead_stock,dead_stock,2025-08-01,2025-12-01,40,0.0,0.0,0.0,0.0,0.0
176,345-65,dead_stock,dead_stock,2025-09-01,2025-10-01,1,0.0,0.0,0.0,0.0,0.0
176,345-65,dead_stock,dead_stock,2025-09-01,2025-11-01,2,0.0,0.0,0.0,0.0,0.0
176,345-65,dead_stock,dead_stock,2025-09-01,2025-12-01,3,0.0,0.0,0.0,0.0,0.0
176,345-65,dead_stock,dead_stock,2025-09-01,2026-01-01,4,0.0,0.0,0.0,0.0,0.0
176,345-65,dead_stock,dead_stock,2025-09-01,2026-01-01,40,0.0,0.0,0.0,0.0,0.0
176,345-65,dead_stock,dead_stock,2025-10-01,2025-11-01,1,0.0,0.0,0.0,0.0,0.0
176,345-65,dead_stock,dead_stock,2025-10-01,2025-12-01,2,0.0,0.0,0.0,0.0,0.0
176,345-65,dead_stock,dead_stock,2025-10-01,2026-01-01,3,0.0,0.0,0.0,0.0,0.0
176,345-65,dead_stock,dead_stock,2025-10-01,2026-02-01,4,0.0,0.0,0.0,0.0,0.0
176,345-65,dead_stock,dead_stock,2025-10-01,2026-02-01,40,0.0,0.0,0.0,0.0,0.0
176,345-65,dead_stock,dead_stock,2025-11-01,2025-12-01,1,0.0,0.0,0.0,0.0,0.0
176,345-65,dead_stock,dead_stock,2025-11-01,2026-01-01,2,0.0,0.0,0.0,0.0,0.0
176,345-65,dead_stock,dead_stock,2025-11-01,2026-02-01,3,0.0,0.0,0.0,0.0,0.0
176,345-65,dead_stock,dead_stock,2025-11-01,2026-03-01,4,0.0,0.0,0.0,0.0,0.0
176,345-65,dead_stock,dead_stock,2025-11-01,2026-03-01,40,0.0,0.0,0.0,0.0,0.0
176,345-65,dead_stock,dead_stock,2025-12-01,2026-01-01,1,0.0,0.0,0.0,0.0,0.0
176,345-65,dead_stock,dead_stock,2025-12-01,2026-02-01,2,0.0,0.0,0.0,0.0,0.0
176,345-65,dead_stock,dead_stock,2025-12-01,2026-03-01,3,0.0,0.0,0.0,0.0,0.0
176,345-65,dead_stock,dead_stock,2025-12-01,2026-04-01,4,0.0,0.0,0.0,0.0,0.0
176,345-65,dead_stock,dead_stock,2025-12-01,2026-04-01,40,0.0,0.0,0.0,0.0,0.0
176,345-65,dead_stock,dead_stock,2026-01-01,2026-02-01,1,0.0,0.0,0.0,0.0,0.0
176,345-65,dead_stock,dead_stock,2026-01-01,2026-03-01,2,0.0,0.0,0.0,0.0,0.0
176,345-65,dead_stock,dead_stock,2026-01-01,2026-04-01,3,0.0,0.0,0.0,0.0,0.0
176,345-65,dead_stock,dead_stock,2026-01-01,2026-05-01,4,0.0,0.0,0.0,0.0,0.0
176,345-65,dead_stock,dead_stock,2026-01-01,2026-05-01,40,0.0,0.0,0.0,0.0,0.0
176,345-65,dead_stock,dead_stock,2026-02-01,2026-03-01,1,0.0,0.0,0.0,0.0,0.0
176,345-65,dead_stock,dead_stock,2026-02-01,2026-04-01,2,0.0,0.0,0.0,0.0,0.0
176,345-65,dead_stock,dead_stock,2026-02-01,2026-05-01,3,0.0,0.0,0.0,0.0,0.0
176,345-65,dead_stock,dead_stock,2026-02-01,2026-06-01,4,0.0,0.0,0.0,0.0,0.0
176,345-65,dead_stock,dead_stock,2026-02-01,2026-06-01,40,0.0,0.0,0.0,0.0,0.0
176,345-65,dead_stock,dead_stock,2026-03-01,2026-04-01,1,0.0,0.0,0.0,0.0,0.0
176,345-65,dead_stock,dead_stock,2026-03-01,2026-05-01,2,0.0,0.0,0.0,0.0,0.0
176,345-65,dead_stock,dead_stock,2026-03-01,2026-06-01,3,0.0,0.0,0.0,0.0,0.0
176,345-65,dead_stock,dead_stock,2026-03-01,2026-07-01,4,0.0,0.0,0.0,0.0,0.0
176,345-65,dead_stock,dead_stock,2026-03-01,2026-07-01,40,0.0,0.0,0.0,0.0,0.0
176,345-65,dead_stock,dead_stock,2026-04-01,2026-05-01,1,0.0,0.0,0.0,0.0,0.0
176,345-65,dead_stock,dead_stock,2026-04-01,2026-06-01,2,0.0,0.0,0.0,0.0,0.0
176,345-65,dead_stock,dead_stock,2026-04-01,2026-07-01,3,0.0,0.0,0.0,0.0,0.0
176,345-65,dead_stock,dead_stock,2026-04-01,2026-08-01,4,0.0,0.0,0.0,0.0,0.0
176,345-65,dead_stock,dead_stock,2026-04-01,2026-08-01,40,0.0,0.0,0.0,0.0,0.0
176,345-65,dead_stock,dead_stock,2026-05-01,2026-06-01,1,0.0,0.0,0.0,0.0,0.0
176,345-65,dead_stock,dead_stock,2026-05-01,2026-07-01,2,0.0,0.0,0.0,0.0,0.0
176,345-65,dead_stock,dead_stock,2026-05-01,2026-08-01,3,0.0,0.0,0.0,0.0,0.0
176,345-65,dead_stock,dead_stock,2026-05-01,2026-09-01,4,0.0,0.0,0.0,0.0,0.0
176,345-65,dead_stock,dead_stock,2026-05-01,2026-09-01,40,0.0,0.0,0.0,0.0,0.0
176,345-65,dead_stock,dead_stock,2026-06-01,2026-07-01,1,0.0,0.0,0.0,0.0,0.0
176,345-65,dead_stock,dead_stock,2026-06-01,2026-08-01,2,0.0,0.0,0.0,0.0,0.0
176,345-65,dead_stock,dead_stock,2026-06-01,2026-09-01,3,0.0,0.0,0.0,0.0,0.0
176,345-65,dead_stock,dead_stock,2026-07-01,2026-08-01,1,0.0,0.0,0.0,0.0,0.0
176,345-65,dead_stock,dead_stock,2026-07-01,2026-09-01,2,0.0,0.0,0.0,0.0,0.0
176,345-65,dead_stock,dead_stock,2026-08-01,2026-09-01,1,0.0,0.0,0.0,0.0,0.0
15820,407-44,intermittent,intermittent,2024-09-01,2024-10-01,1,6.0,0.0,-6.0,6.0,6.0
15820,407-44,intermittent,intermittent,2024-09-01,2024-11-01,2,0.0,0.0,0.0,0.0,0.0
15820,407-44,intermittent,intermittent,2024-09-01,2024-12-01,3,0.0,0.0,0.0,0.0,0.0
15820,407-44,intermittent,intermittent,2024-09-01,2025-01-01,4,0.0,0.0,0.0,0.0,0.0
15820,407-44,intermittent,intermittent,2024-09-01,2025-01-01,40,6.0,0.0,-6.0,6.0,6.0
15820,407-44,intermittent,intermittent,2024-10-01,2024-11-01,1,0.0,0.5,0.5,0.5,0.0
15820,407-44,intermittent,intermittent,2024-10-01,2024-12-01,2,0.0,0.75,0.75,0.75,0.0
15820,407-44,intermittent,intermittent,2024-10-01,2025-01-01,3,0.0,0.625,0.625,0.625,0.0
15820,407-44,intermittent,intermittent,2024-10-01,2025-02-01,4,4.0,0.5625,-3.4375,3.4375,3.4375
15820,407-44,intermittent,intermittent,2024-10-01,2025-02-01,40,4.0,2.4375,-1.5625,1.5625,1.5625
15820,407-44,intermittent,intermittent,2024-11-01,2024-12-01,1,0.0,0.5,0.5,0.5,0.0
15820,407-44,intermittent,intermittent,2024-11-01,2025-01-01,2,0.0,0.25,0.25,0.25,0.0
15820,407-44,intermittent,intermittent,2024-11-01,2025-02-01,3,4.0,0.125,-3.875,3.875,3.875
15820,407-44,intermittent,intermittent,2024-11-01,2025-03-01,4,4.5,0.1875,-4.3125,4.3125,4.3125
15820,407-44,intermittent,intermittent,2024-11-01,2025-03-01,40,8.5,1.0625,-7.4375,7.4375,7.4375
15820,407-44,intermittent,intermittent,2024-12-01,2025-01-01,1,0.0,0.0,0.0,0.0,0.0
15820,407-44,intermittent,intermittent,2024-12-01,2025-02-01,2,4.0,0.0,-4.0,4.0,4.0
15820,407-44,intermittent,intermittent,2024-12-01,2025-03-01,3,4.5,0.0,-4.5,4.5,4.5
15820,407-44,intermittent,intermittent,2024-12-01,2025-04-01,4,2.0,0.0,-2.0,2.0,2.0
15820,407-44,intermittent,intermittent,2024-12-01,2025-04-01,40,10.5,0.0,-10.5,10.5,10.5
15820,407-44,intermittent,intermittent,2025-01-01,2025-02-01,1,4.0,0.0,-4.0,4.0,4.0
15820,407-44,intermittent,intermittent,2025-01-01,2025-03-01,2,4.5,0.0,-4.5,4.5,4.5
15820,407-44,intermittent,intermittent,2025-01-01,2025-04-01,3,2.0,0.0,-2.0,2.0,2.0
15820,407-44,intermittent,intermittent,2025-01-01,2025-05-01,4,0.0,0.0,0.0,0.0,0.0
15820,407-44,intermittent,intermittent,2025-01-01,2025-05-01,40,10.5,0.0,-10.5,10.5,10.5
15820,407-44,intermittent,intermittent,2025-02-01,2025-03-01,1,4.5,0.0,-4.5,4.5,4.5
15820,407-44,intermittent,intermittent,2025-02-01,2025-04-01,2,2.0,0.0,-2.0,2.0,2.0
15820,407-44,intermittent,intermittent,2025-02-01,2025-05-01,3,0.0,0.0,0.0,0.0,0.0
15820,407-44,intermittent,intermittent,2025-02-01,2025-06-01,4,0.0,0.0,0.0,0.0,0.0
15820,407-44,intermittent,intermittent,2025-02-01,2025-06-01,40,6.5,0.0,-6.5,6.5,6.5
15820,407-44,intermittent,intermittent,2025-03-01,2025-04-01,1,2.0,2.0,0.0,0.0,0.0
15820,407-44,intermittent,intermittent,2025-03-01,2025-05-01,2,0.0,3.0,3.0,3.0,0.0
15820,407-44,intermittent,intermittent,2025-03-01,2025-06-01,3,0.0,2.5,2.5,2.5,0.0
15820,407-44,intermittent,intermittent,2025-03-01,2025-07-01,4,0.0,2.25,2.25,2.25,0.0
15820,407-44,intermittent,intermittent,2025-03-01,2025-07-01,40,2.0,9.75,7.75,7.75,0.0
15820,407-44,intermittent,intermittent,2025-04-01,2025-05-01,1,0.0,3.0,3.0,3.0,0.0
15820,407-44,intermittent,intermittent,2025-04-01,2025-06-01,2,0.0,2.5,2.5,2.5,0.0
15820,407-44,intermittent,intermittent,2025-04-01,2025-07-01,3,0.0,2.25,2.25,2.25,0.0
15820,407-44,intermittent,intermittent,2025-04-01,2025-08-01,4,0.0,2.375,2.375,2.375,0.0
15820,407-44,intermittent,intermittent,2025-04-01,2025-08-01,40,0.0,10.125,10.125,10.125,0.0
15820,407-44,intermittent,intermittent,2025-05-01,2025-06-01,1,0.0,1.0,1.0,1.0,0.0
15820,407-44,intermittent,intermittent,2025-05-01,2025-07-01,2,0.0,0.5,0.5,0.5,0.0
15820,407-44,intermittent,intermittent,2025-05-01,2025-08-01,3,0.0,0.25,0.25,0.25,0.0
15820,407-44,intermittent,intermittent,2025-05-01,2025-09-01,4,0.0,0.375,0.375,0.375,0.0
15820,407-44,intermittent,intermittent,2025-05-01,2025-09-01,40,0.0,2.125,2.125,2.125,0.0
15820,407-44,intermittent,intermittent,2025-06-01,2025-07-01,1,0.0,0.0,0.0,0.0,0.0
15820,407-44,intermittent,intermittent,2025-06-01,2025-08-01,2,0.0,0.0,0.0,0.0,0.0
15820,407-44,intermittent,intermittent,2025-06-01,2025-09-01,3,0.0,0.0,0.0,0.0,0.0
15820,407-44,intermittent,intermittent,2025-06-01,2025-10-01,4,0.0,0.0,0.0,0.0,0.0
15820,407-44,intermittent,intermittent,2025-06-01,2025-10-01,40,0.0,0.0,0.0,0.0,0.0
15820,407-44,intermittent,intermittent,2025-07-01,2025-08-01,1,0.0,0.0,0.0,0.0,0.0
15820,407-44,intermittent,intermittent,2025-07-01,2025-09-01,2,0.0,0.0,0.0,0.0,0.0
15820,407-44,intermittent,intermittent,2025-07-01,2025-10-01,3,0.0,0.0,0.0,0.0,0.0
15820,407-44,intermittent,intermittent,2025-07-01,2025-11-01,4,0.0,0.0,0.0,0.0,0.0
15820,407-44,intermittent,intermittent,2025-07-01,2025-11-01,40,0.0,0.0,0.0,0.0,0.0
15820,407-44,intermittent,intermittent,2025-08-01,2025-09-01,1,0.0,0.0,0.0,0.0,0.0
15820,407-44,intermittent,intermittent,2025-08-01,2025-10-01,2,0.0,0.0,0.0,0.0,0.0
15820,407-44,intermittent,intermittent,2025-08-01,2025-11-01,3,0.0,0.0,0.0,0.0,0.0
15820,407-44,intermittent,intermittent,2025-08-01,2025-12-01,4,0.0,0.0,0.0,0.0,0.0
15820,407-44,intermittent,intermittent,2025-08-01,2025-12-01,40,0.0,0.0,0.0,0.0,0.0
15820,407-44,intermittent,intermittent,2025-09-01,2025-10-01,1,0.0,0.0,0.0,0.0,0.0
15820,407-44,intermittent,intermittent,2025-09-01,2025-11-01,2,0.0,0.0,0.0,0.0,0.0
15820,407-44,intermittent,intermittent,2025-09-01,2025-12-01,3,0.0,0.0,0.0,0.0,0.0
15820,407-44,intermittent,intermittent,2025-09-01,2026-01-01,4,0.0,0.0,0.0,0.0,0.0
15820,407-44,intermittent,intermittent,2025-09-01,2026-01-01,40,0.0,0.0,0.0,0.0,0.0
15820,407-44,dead_stock,intermittent,2025-10-01,2025-11-01,1,0.0,0.0,0.0,0.0,0.0
15820,407-44,dead_stock,intermittent,2025-10-01,2025-12-01,2,0.0,0.0,0.0,0.0,0.0
15820,407-44,dead_stock,intermittent,2025-10-01,2026-01-01,3,0.0,0.0,0.0,0.0,0.0
15820,407-44,dead_stock,intermittent,2025-10-01,2026-02-01,4,0.0,0.0,0.0,0.0,0.0
15820,407-44,dead_stock,intermittent,2025-10-01,2026-02-01,40,0.0,0.0,0.0,0.0,0.0
15820,407-44,dead_stock,intermittent,2025-11-01,2025-12-01,1,0.0,0.0,0.0,0.0,0.0
15820,407-44,dead_stock,intermittent,2025-11-01,2026-01-01,2,0.0,0.0,0.0,0.0,0.0
15820,407-44,dead_stock,intermittent,2025-11-01,2026-02-01,3,0.0,0.0,0.0,0.0,0.0
15820,407-44,dead_stock,intermittent,2025-11-01,2026-03-01,4,0.0,0.0,0.0,0.0,0.0
15820,407-44,dead_stock,intermittent,2025-11-01,2026-03-01,40,0.0,0.0,0.0,0.0,0.0
15820,407-44,dead_stock,intermittent,2025-12-01,2026-01-01,1,0.0,0.0,0.0,0.0,0.0
15820,407-44,dead_stock,intermittent,2025-12-01,2026-02-01,2,0.0,0.0,0.0,0.0,0.0
15820,407-44,dead_stock,intermittent,2025-12-01,2026-03-01,3,0.0,0.0,0.0,0.0,0.0
15820,407-44,dead_stock,intermittent,2025-12-01,2026-04-01,4,0.0,0.0,0.0,0.0,0.0
15820,407-44,dead_stock,intermittent,2025-12-01,2026-04-01,40,0.0,0.0,0.0,0.0,0.0
15820,407-44,dead_stock,intermittent,2026-01-01,2026-02-01,1,0.0,0.0,0.0,0.0,0.0
15820,407-44,dead_stock,intermittent,2026-01-01,2026-03-01,2,0.0,0.0,0.0,0.0,0.0
15820,407-44,dead_stock,intermittent,2026-01-01,2026-04-01,3,0.0,0.0,0.0,0.0,0.0
15820,407-44,dead_stock,intermittent,2026-01-01,2026-05-01,4,1.0,0.0,-1.0,1.0,1.0
15820,407-44,dead_stock,intermittent,2026-01-01,2026-05-01,40,1.0,0.0,-1.0,1.0,1.0
15820,407-44,dead_stock,intermittent,2026-02-01,2026-03-01,1,0.0,0.0,0.0,0.0,0.0
15820,407-44,dead_stock,intermittent,2026-02-01,2026-04-01,2,0.0,0.0,0.0,0.0,0.0
15820,407-44,dead_stock,intermittent,2026-02-01,2026-05-01,3,1.0,0.0,-1.0,1.0,1.0
15820,407-44,dead_stock,intermittent,2026-02-01,2026-06-01,4,0.0,0.0,0.0,0.0,0.0
15820,407-44,dead_stock,intermittent,2026-02-01,2026-06-01,40,1.0,0.0,-1.0,1.0,1.0
15820,407-44,dead_stock,intermittent,2026-03-01,2026-04-01,1,0.0,0.0,0.0,0.0,0.0
15820,407-44,dead_stock,intermittent,2026-03-01,2026-05-01,2,1.0,0.0,-1.0,1.0,1.0
15820,407-44,dead_stock,intermittent,2026-03-01,2026-06-01,3,0.0,0.0,0.0,0.0,0.0
15820,407-44,dead_stock,intermittent,2026-03-01,2026-07-01,4,2.4,0.0,-2.4,2.4,2.4
15820,407-44,dead_stock,intermittent,2026-03-01,2026-07-01,40,3.4,0.0,-3.4,3.4,3.4
15820,407-44,dead_stock,intermittent,2026-04-01,2026-05-01,1,1.0,0.0,-1.0,1.0,1.0
15820,407-44,dead_stock,intermittent,2026-04-01,2026-06-01,2,0.0,0.0,0.0,0.0,0.0
15820,407-44,dead_stock,intermittent,2026-04-01,2026-07-01,3,2.4,0.0,-2.4,2.4,2.4
15820,407-44,dead_stock,intermittent,2026-04-01,2026-08-01,4,0.0,0.0,0.0,0.0,0.0
15820,407-44,dead_stock,intermittent,2026-04-01,2026-08-01,40,3.4,0.0,-3.4,3.4,3.4
15820,407-44,intermittent,intermittent,2026-05-01,2026-06-01,1,0.0,0.0,0.0,0.0,0.0
15820,407-44,intermittent,intermittent,2026-05-01,2026-07-01,2,2.4,0.0,-2.4,2.4,2.4
15820,407-44,intermittent,intermittent,2026-05-01,2026-08-01,3,0.0,0.0,0.0,0.0,0.0
15820,407-44,intermittent,intermittent,2026-05-01,2026-09-01,4,0.0,0.0,0.0,0.0,0.0
15820,407-44,intermittent,intermittent,2026-05-01,2026-09-01,40,2.4,0.0,-2.4,2.4,2.4
15820,407-44,intermittent,intermittent,2026-06-01,2026-07-01,1,2.4,0.0,-2.4,2.4,2.4
15820,407-44,intermittent,intermittent,2026-06-01,2026-08-01,2,0.0,0.0,0.0,0.0,0.0
15820,407-44,intermittent,intermittent,2026-06-01,2026-09-01,3,0.0,0.0,0.0,0.0,0.0
15820,407-44,intermittent,intermittent,2026-07-01,2026-08-01,1,0.0,0.5,0.5,0.5,0.0
15820,407-44,intermittent,intermittent,2026-07-01,2026-09-01,2,0.0,0.25,0.25,0.25,0.0
15820,407-44,intermittent,intermittent,2026-08-01,2026-09-01,1,0.0,0.0,0.0,0.0,0.0
790,324-53,intermittent,dead_stock,2023-11-01,2023-12-01,1,52.0,0.0,-52.0,52.0,52.0
790,324-53,intermittent,dead_stock,2023-11-01,2024-01-01,2,0.0,0.0,0.0,0.0,0.0
790,324-53,intermittent,dead_stock,2023-11-01,2024-02-01,3,0.0,0.0,0.0,0.0,0.0
790,324-53,intermittent,dead_stock,2023-11-01,2024-03-01,4,0.0,0.0,0.0,0.0,0.0
790,324-53,intermittent,dead_stock,2023-11-01,2024-03-01,40,52.0,0.0,-52.0,52.0,52.0
790,324-53,intermittent,dead_stock,2023-12-01,2024-01-01,1,0.0,10.5,10.5,10.5,0.0
790,324-53,intermittent,dead_stock,2023-12-01,2024-02-01,2,0.0,15.75,15.75,15.75,0.0
790,324-53,intermittent,dead_stock,2023-12-01,2024-03-01,3,0.0,13.125,13.125,13.125,0.0
790,324-53,intermittent,dead_stock,2023-12-01,2024-04-01,4,0.0,11.8125,11.8125,11.8125,0.0
790,324-53,intermittent,dead_stock,2023-12-01,2024-04-01,40,0.0,51.1875,51.1875,51.1875,0.0
790,324-53,intermittent,dead_stock,2024-01-01,2024-02-01,1,0.0,10.5,10.5,10.5,0.0
790,324-53,intermittent,dead_stock,2024-01-01,2024-03-01,2,0.0,5.25,5.25,5.25,0.0
790,324-53,intermittent,dead_stock,2024-01-01,2024-04-01,3,0.0,2.625,2.625,2.625,0.0
790,324-53,intermittent,dead_stock,2024-01-01,2024-05-01,4,0.0,3.9375,3.9375,3.9375,0.0
790,324-53,intermittent,dead_stock,2024-01-01,2024-05-01,40,0.0,22.3125,22.3125,22.3125,0.0
790,324-53,intermittent,dead_stock,2024-02-01,2024-03-01,1,0.0,0.0,0.0,0.0,0.0
790,324-53,intermittent,dead_stock,2024-02-01,2024-04-01,2,0.0,0.0,0.0,0.0,0.0
790,324-53,intermittent,dead_stock,2024-02-01,2024-05-01,3,0.0,0.0,0.0,0.0,0.0
790,324-53,intermittent,dead_stock,2024-02-01,2024-06-01,4,0.0,0.0,0.0,0.0,0.0
790,324-53,intermittent,dead_stock,2024-02-01,2024-06-01,40,0.0,0.0,0.0,0.0,0.0
790,324-53,intermittent,dead_stock,2024-03-01,2024-04-01,1,0.0,0.0,0.0,0.0,0.0
790,324-53,intermittent,dead_stock,2024-03-01,2024-05-01,2,0.0,0.0,0.0,0.0,0.0
790,324-53,intermittent,dead_stock,2024-03-01,2024-06-01,3,0.0,0.0,0.0,0.0,0.0
790,324-53,intermittent,dead_stock,2024-03-01,2024-07-01,4,0.0,0.0,0.0,0.0,0.0
790,324-53,intermittent,dead_stock,2024-03-01,2024-07-01,40,0.0,0.0,0.0,0.0,0.0
790,324-53,intermittent,dead_stock,2024-04-01,2024-05-01,1,0.0,0.0,0.0,0.0,0.0
790,324-53,intermittent,dead_stock,2024-04-01,2024-06-01,2,0.0,0.0,0.0,0.0,0.0
790,324-53,intermittent,dead_stock,2024-04-01,2024-07-01,3,0.0,0.0,0.0,0.0,0.0
790,324-53,intermittent,dead_stock,2024-04-01,2024-08-01,4,0.0,0.0,0.0,0.0,0.0
790,324-53,intermittent,dead_stock,2024-04-01,2024-08-01,40,0.0,0.0,0.0,0.0,0.0
790,324-53,intermittent,dead_stock,2024-05-01,2024-06-01,1,0.0,0.0,0.0,0.0,0.0
790,324-53,intermittent,dead_stock,2024-05-01,2024-07-01,2,0.0,0.0,0.0,0.0,0.0
790,324-53,intermittent,dead_stock,2024-05-01,2024-08-01,3,0.0,0.0,0.0,0.0,0.0
790,324-53,intermittent,dead_stock,2024-05-01,2024-09-01,4,0.0,0.0,0.0,0.0,0.0
790,324-53,intermittent,dead_stock,2024-05-01,2024-09-01,40,0.0,0.0,0.0,0.0,0.0
790,324-53,dead_stock,dead_stock,2024-06-01,2024-07-01,1,0.0,0.0,0.0,0.0,0.0
790,324-53,dead_stock,dead_stock,2024-06-01,2024-08-01,2,0.0,0.0,0.0,0.0,0.0
790,324-53,dead_stock,dead_stock,2024-06-01,2024-09-01,3,0.0,0.0,0.0,0.0,0.0
790,324-53,dead_stock,dead_stock,2024-06-01,2024-10-01,4,18.0,0.0,-18.0,18.0,18.0
790,324-53,dead_stock,dead_stock,2024-06-01,2024-10-01,40,18.0,0.0,-18.0,18.0,18.0
790,324-53,dead_stock,dead_stock,2024-07-01,2024-08-01,1,0.0,0.0,0.0,0.0,0.0
790,324-53,dead_stock,dead_stock,2024-07-01,2024-09-01,2,0.0,0.0,0.0,0.0,0.0
790,324-53,dead_stock,dead_stock,2024-07-01,2024-10-01,3,18.0,0.0,-18.0,18.0,18.0
790,324-53,dead_stock,dead_stock,2024-07-01,2024-11-01,4,0.0,0.0,0.0,0.0,0.0
790,324-53,dead_stock,dead_stock,2024-07-01,2024-11-01,40,18.0,0.0,-18.0,18.0,18.0
790,324-53,dead_stock,dead_stock,2024-08-01,2024-09-01,1,0.0,0.0,0.0,0.0,0.0
790,324-53,dead_stock,dead_stock,2024-08-01,2024-10-01,2,18.0,0.0,-18.0,18.0,18.0
790,324-53,dead_stock,dead_stock,2024-08-01,2024-11-01,3,0.0,0.0,0.0,0.0,0.0
790,324-53,dead_stock,dead_stock,2024-08-01,2024-12-01,4,0.0,0.0,0.0,0.0,0.0
790,324-53,dead_stock,dead_stock,2024-08-01,2024-12-01,40,18.0,0.0,-18.0,18.0,18.0
790,324-53,dead_stock,dead_stock,2024-09-01,2024-10-01,1,18.0,0.0,-18.0,18.0,18.0
790,324-53,dead_stock,dead_stock,2024-09-01,2024-11-01,2,0.0,0.0,0.0,0.0,0.0
790,324-53,dead_stock,dead_stock,2024-09-01,2024-12-01,3,0.0,0.0,0.0,0.0,0.0
790,324-53,dead_stock,dead_stock,2024-09-01,2025-01-01,4,0.0,0.0,0.0,0.0,0.0
790,324-53,dead_stock,dead_stock,2024-09-01,2025-01-01,40,18.0,0.0,-18.0,18.0,18.0
790,324-53,intermittent,dead_stock,2024-10-01,2024-11-01,1,0.0,0.0,0.0,0.0,0.0
790,324-53,intermittent,dead_stock,2024-10-01,2024-12-01,2,0.0,0.0,0.0,0.0,0.0
790,324-53,intermittent,dead_stock,2024-10-01,2025-01-01,3,0.0,0.0,0.0,0.0,0.0
790,324-53,intermittent,dead_stock,2024-10-01,2025-02-01,4,0.0,0.0,0.0,0.0,0.0
790,324-53,intermittent,dead_stock,2024-10-01,2025-02-01,40,0.0,0.0,0.0,0.0,0.0
790,324-53,intermittent,dead_stock,2024-11-01,2024-12-01,1,0.0,0.0,0.0,0.0,0.0
790,324-53,intermittent,dead_stock,2024-11-01,2025-01-01,2,0.0,0.0,0.0,0.0,0.0
790,324-53,intermittent,dead_stock,2024-11-01,2025-02-01,3,0.0,0.0,0.0,0.0,0.0
790,324-53,intermittent,dead_stock,2024-11-01,2025-03-01,4,0.0,0.0,0.0,0.0,0.0
790,324-53,intermittent,dead_stock,2024-11-01,2025-03-01,40,0.0,0.0,0.0,0.0,0.0
790,324-53,intermittent,dead_stock,2024-12-01,2025-01-01,1,0.0,0.0,0.0,0.0,0.0
790,324-53,intermittent,dead_stock,2024-12-01,2025-02-01,2,0.0,0.0,0.0,0.0,0.0
790,324-53,intermittent,dead_stock,2024-12-01,2025-03-01,3,0.0,0.0,0.0,0.0,0.0
790,324-53,intermittent,dead_stock,2024-12-01,2025-04-01,4,0.0,0.0,0.0,0.0,0.0
790,324-53,intermittent,dead_stock,2024-12-01,2025-04-01,40,0.0,0.0,0.0,0.0,0.0
790,324-53,intermittent,dead_stock,2025-01-01,2025-02-01,1,0.0,0.0,0.0,0.0,0.0
790,324-53,intermittent,dead_stock,2025-01-01,2025-03-01,2,0.0,0.0,0.0,0.0,0.0
790,324-53,intermittent,dead_stock,2025-01-01,2025-04-01,3,0.0,0.0,0.0,0.0,0.0
790,324-53,intermittent,dead_stock,2025-01-01,2025-05-01,4,0.0,0.0,0.0,0.0,0.0
790,324-53,intermittent,dead_stock,2025-01-01,2025-05-01,40,0.0,0.0,0.0,0.0,0.0
790,324-53,intermittent,dead_stock,2025-02-01,2025-03-01,1,0.0,0.0,0.0,0.0,0.0
790,324-53,intermittent,dead_stock,2025-02-01,2025-04-01,2,0.0,0.0,0.0,0.0,0.0
790,324-53,intermittent,dead_stock,2025-02-01,2025-05-01,3,0.0,0.0,0.0,0.0,0.0
790,324-53,intermittent,dead_stock,2025-02-01,2025-06-01,4,0.0,0.0,0.0,0.0,0.0
790,324-53,intermittent,dead_stock,2025-02-01,2025-06-01,40,0.0,0.0,0.0,0.0,0.0
790,324-53,intermittent,dead_stock,2025-03-01,2025-04-01,1,0.0,0.0,0.0,0.0,0.0
790,324-53,intermittent,dead_stock,2025-03-01,2025-05-01,2,0.0,0.0,0.0,0.0,0.0
790,324-53,intermittent,dead_stock,2025-03-01,2025-06-01,3,0.0,0.0,0.0,0.0,0.0
790,324-53,intermittent,dead_stock,2025-03-01,2025-07-01,4,0.0,0.0,0.0,0.0,0.0
790,324-53,intermittent,dead_stock,2025-03-01,2025-07-01,40,0.0,0.0,0.0,0.0,0.0
790,324-53,dead_stock,dead_stock,2025-04-01,2025-05-01,1,0.0,0.0,0.0,0.0,0.0
790,324-53,dead_stock,dead_stock,2025-04-01,2025-06-01,2,0.0,0.0,0.0,0.0,0.0
790,324-53,dead_stock,dead_stock,2025-04-01,2025-07-01,3,0.0,0.0,0.0,0.0,0.0
790,324-53,dead_stock,dead_stock,2025-04-01,2025-08-01,4,0.0,0.0,0.0,0.0,0.0
790,324-53,dead_stock,dead_stock,2025-04-01,2025-08-01,40,0.0,0.0,0.0,0.0,0.0
790,324-53,dead_stock,dead_stock,2025-05-01,2025-06-01,1,0.0,0.0,0.0,0.0,0.0
790,324-53,dead_stock,dead_stock,2025-05-01,2025-07-01,2,0.0,0.0,0.0,0.0,0.0
790,324-53,dead_stock,dead_stock,2025-05-01,2025-08-01,3,0.0,0.0,0.0,0.0,0.0
790,324-53,dead_stock,dead_stock,2025-05-01,2025-09-01,4,0.0,0.0,0.0,0.0,0.0
790,324-53,dead_stock,dead_stock,2025-05-01,2025-09-01,40,0.0,0.0,0.0,0.0,0.0
790,324-53,dead_stock,dead_stock,2025-06-01,2025-07-01,1,0.0,0.0,0.0,0.0,0.0
790,324-53,dead_stock,dead_stock,2025-06-01,2025-08-01,2,0.0,0.0,0.0,0.0,0.0
790,324-53,dead_stock,dead_stock,2025-06-01,2025-09-01,3,0.0,0.0,0.0,0.0,0.0
790,324-53,dead_stock,dead_stock,2025-06-01,2025-10-01,4,0.0,0.0,0.0,0.0,0.0
790,324-53,dead_stock,dead_stock,2025-06-01,2025-10-01,40,0.0,0.0,0.0,0.0,0.0
790,324-53,dead_stock,dead_stock,2025-07-01,2025-08-01,1,0.0,0.0,0.0,0.0,0.0
790,324-53,dead_stock,dead_stock,2025-07-01,2025-09-01,2,0.0,0.0,0.0,0.0,0.0
790,324-53,dead_stock,dead_stock,2025-07-01,2025-10-01,3,0.0,0.0,0.0,0.0,0.0
790,324-53,dead_stock,dead_stock,2025-07-01,2025-11-01,4,0.0,0.0,0.0,0.0,0.0
790,324-53,dead_stock,dead_stock,2025-07-01,2025-11-01,40,0.0,0.0,0.0,0.0,0.0
790,324-53,dead_stock,dead_stock,2025-08-01,2025-09-01,1,0.0,0.0,0.0,0.0,0.0
790,324-53,dead_stock,dead_stock,2025-08-01,2025-10-01,2,0.0,0.0,0.0,0.0,0.0
790,324-53,dead_stock,dead_stock,2025-08-01,2025-11-01,3,0.0,0.0,0.0,0.0,0.0
790,324-53,dead_stock,dead_stock,2025-08-01,2025-12-01,4,0.0,0.0,0.0,0.0,0.0
790,324-53,dead_stock,dead_stock,2025-08-01,2025-12-01,40,0.0,0.0,0.0,0.0,0.0
790,324-53,dead_stock,dead_stock,2025-09-01,2025-10-01,1,0.0,0.0,0.0,0.0,0.0
790,324-53,dead_stock,dead_stock,2025-09-01,2025-11-01,2,0.0,0.0,0.0,0.0,0.0
790,324-53,dead_stock,dead_stock,2025-09-01,2025-12-01,3,0.0,0.0,0.0,0.0,0.0
790,324-53,dead_stock,dead_stock,2025-09-01,2026-01-01,4,0.0,0.0,0.0,0.0,0.0
790,324-53,dead_stock,dead_stock,2025-09-01,2026-01-01,40,0.0,0.0,0.0,0.0,0.0
790,324-53,dead_stock,dead_stock,2025-10-01,2025-11-01,1,0.0,0.0,0.0,0.0,0.0
790,324-53,dead_stock,dead_stock,2025-10-01,2025-12-01,2,0.0,0.0,0.0,0.0,0.0
790,324-53,dead_stock,dead_stock,2025-10-01,2026-01-01,3,0.0,0.0,0.0,0.0,0.0
790,324-53,dead_stock,dead_stock,2025-10-01,2026-02-01,4,0.0,0.0,0.0,0.0,0.0
790,324-53,dead_stock,dead_stock,2025-10-01,2026-02-01,40,0.0,0.0,0.0,0.0,0.0
790,324-53,dead_stock,dead_stock,2025-11-01,2025-12-01,1,0.0,0.0,0.0,0.0,0.0
790,324-53,dead_stock,dead_stock,2025-11-01,2026-01-01,2,0.0,0.0,0.0,0.0,0.0
790,324-53,dead_stock,dead_stock,2025-11-01,2026-02-01,3,0.0,0.0,0.0,0.0,0.0
790,324-53,dead_stock,dead_stock,2025-11-01,2026-03-01,4,0.0,0.0,0.0,0.0,0.0
790,324-53,dead_stock,dead_stock,2025-11-01,2026-03-01,40,0.0,0.0,0.0,0.0,0.0
790,324-53,dead_stock,dead_stock,2025-12-01,2026-01-01,1,0.0,0.0,0.0,0.0,0.0
790,324-53,dead_stock,dead_stock,2025-12-01,2026-02-01,2,0.0,0.0,0.0,0.0,0.0
790,324-53,dead_stock,dead_stock,2025-12-01,2026-03-01,3,0.0,0.0,0.0,0.0,0.0
790,324-53,dead_stock,dead_stock,2025-12-01,2026-04-01,4,0.0,0.0,0.0,0.0,0.0
790,324-53,dead_stock,dead_stock,2025-12-01,2026-04-01,40,0.0,0.0,0.0,0.0,0.0
790,324-53,dead_stock,dead_stock,2026-01-01,2026-02-01,1,0.0,0.0,0.0,0.0,0.0
790,324-53,dead_stock,dead_stock,2026-01-01,2026-03-01,2,0.0,0.0,0.0,0.0,0.0
790,324-53,dead_stock,dead_stock,2026-01-01,2026-04-01,3,0.0,0.0,0.0,0.0,0.0
790,324-53,dead_stock,dead_stock,2026-01-01,2026-05-01,4,0.0,0.0,0.0,0.0,0.0
790,324-53,dead_stock,dead_stock,2026-01-01,2026-05-01,40,0.0,0.0,0.0,0.0,0.0
790,324-53,dead_stock,dead_stock,2026-02-01,2026-03-01,1,0.0,0.0,0.0,0.0,0.0
790,324-53,dead_stock,dead_stock,2026-02-01,2026-04-01,2,0.0,0.0,0.0,0.0,0.0
790,324-53,dead_stock,dead_stock,2026-02-01,2026-05-01,3,0.0,0.0,0.0,0.0,0.0
790,324-53,dead_stock,dead_stock,2026-02-01,2026-06-01,4,0.0,0.0,0.0,0.0,0.0
790,324-53,dead_stock,dead_stock,2026-02-01,2026-06-01,40,0.0,0.0,0.0,0.0,0.0
790,324-53,dead_stock,dead_stock,2026-03-01,2026-04-01,1,0.0,0.0,0.0,0.0,0.0
790,324-53,dead_stock,dead_stock,2026-03-01,2026-05-01,2,0.0,0.0,0.0,0.0,0.0
790,324-53,dead_stock,dead_stock,2026-03-01,2026-06-01,3,0.0,0.0,0.0,0.0,0.0
790,324-53,dead_stock,dead_stock,2026-03-01,2026-07-01,4,0.0,0.0,0.0,0.0,0.0
790,324-53,dead_stock,dead_stock,2026-03-01,2026-07-01,40,0.0,0.0,0.0,0.0,0.0
790,324-53,dead_stock,dead_stock,2026-04-01,2026-05-01,1,0.0,0.0,0.0,0.0,0.0
790,324-53,dead_stock,dead_stock,2026-04-01,2026-06-01,2,0.0,0.0,0.0,0.0,0.0
790,324-53,dead_stock,dead_stock,2026-04-01,2026-07-01,3,0.0,0.0,0.0,0.0,0.0
790,324-53,dead_stock,dead_stock,2026-04-01,2026-08-01,4,0.0,0.0,0.0,0.0,0.0
790,324-53,dead_stock,dead_stock,2026-04-01,2026-08-01,40,0.0,0.0,0.0,0.0,0.0
790,324-53,dead_stock,dead_stock,2026-05-01,2026-06-01,1,0.0,0.0,0.0,0.0,0.0
790,324-53,dead_stock,dead_stock,2026-05-01,2026-07-01,2,0.0,0.0,0.0,0.0,0.0
790,324-53,dead_stock,dead_stock,2026-05-01,2026-08-01,3,0.0,0.0,0.0,0.0,0.0
790,324-53,dead_stock,dead_stock,2026-05-01,2026-09-01,4,0.0,0.0,0.0,0.0,0.0
790,324-53,dead_stock,dead_stock,2026-05-01,2026-09-01,40,0.0,0.0,0.0,0.0,0.0
790,324-53,dead_stock,dead_stock,2026-06-01,2026-07-01,1,0.0,0.0,0.0,0.0,0.0
790,324-53,dead_stock,dead_stock,2026-06-01,2026-08-01,2,0.0,0.0,0.0,0.0,0.0
790,324-53,dead_stock,dead_stock,2026-06-01,2026-09-01,3,0.0,0.0,0.0,0.0,0.0
790,324-53,dead_stock,dead_stock,2026-07-01,2026-08-01,1,0.0,0.0,0.0,0.0,0.0
790,324-53,dead_stock,dead_stock,2026-07-01,2026-09-01,2,0.0,0.0,0.0,0.0,0.0
790,324-53,dead_stock,dead_stock,2026-08-01,2026-09-01,1,0.0,0.0,0.0,0.0,0.0
576,1104-15,intermittent,intermittent,2023-11-01,2023-12-01,1,0.0,0.0,0.0,0.0,0.0
576,1104-15,intermittent,intermittent,2023-11-01,2024-01-01,2,0.0,0.0,0.0,0.0,0.0
576,1104-15,intermittent,intermittent,2023-11-01,2024-02-01,3,0.0,0.0,0.0,0.0,0.0
576,1104-15,intermittent,intermittent,2023-11-01,2024-03-01,4,0.0,0.0,0.0,0.0,0.0
576,1104-15,intermittent,intermittent,2023-11-01,2024-03-01,40,0.0,0.0,0.0,0.0,0.0
576,1104-15,intermittent,intermittent,2023-12-01,2024-01-01,1,0.0,0.0,0.0,0.0,0.0
576,1104-15,intermittent,intermittent,2023-12-01,2024-02-01,2,0.0,0.0,0.0,0.0,0.0
576,1104-15,intermittent,intermittent,2023-12-01,2024-03-01,3,0.0,0.0,0.0,0.0,0.0
576,1104-15,intermittent,intermittent,2023-12-01,2024-04-01,4,0.0,0.0,0.0,0.0,0.0
576,1104-15,intermittent,intermittent,2023-12-01,2024-04-01,40,0.0,0.0,0.0,0.0,0.0
576,1104-15,dead_stock,intermittent,2024-01-01,2024-02-01,1,0.0,0.0,0.0,0.0,0.0
576,1104-15,dead_stock,intermittent,2024-01-01,2024-03-01,2,0.0,0.0,0.0,0.0,0.0
576,1104-15,dead_stock,intermittent,2024-01-01,2024-04-01,3,0.0,0.0,0.0,0.0,0.0
576,1104-15,dead_stock,intermittent,2024-01-01,2024-05-01,4,0.0,0.0,0.0,0.0,0.0
576,1104-15,dead_stock,intermittent,2024-01-01,2024-05-01,40,0.0,0.0,0.0,0.0,0.0
576,1104-15,dead_stock,intermittent,2024-02-01,2024-03-01,1,0.0,0.0,0.0,0.0,0.0
576,1104-15,dead_stock,intermittent,2024-02-01,2024-04-01,2,0.0,0.0,0.0,0.0,0.0
576,1104-15,dead_stock,intermittent,2024-02-01,2024-05-01,3,0.0,0.0,0.0,0.0,0.0
576,1104-15,dead_stock,intermittent,2024-02-01,2024-06-01,4,0.0,0.0,0.0,0.0,0.0
576,1104-15,dead_stock,intermittent,2024-02-01,2024-06-01,40,0.0,0.0,0.0,0.0,0.0
576,1104-15,dead_stock,intermittent,2024-03-01,2024-04-01,1,0.0,0.0,0.0,0.0,0.0
576,1104-15,dead_stock,intermittent,2024-03-01,2024-05-01,2,0.0,0.0,0.0,0.0,0.0
576,1104-15,dead_stock,intermittent,2024-03-01,2024-06-01,3,0.0,0.0,0.0,0.0,0.0
576,1104-15,dead_stock,intermittent,2024-03-01,2024-07-01,4,0.0,0.0,0.0,0.0,0.0
576,1104-15,dead_stock,intermittent,2024-03-01,2024-07-01,40,0.0,0.0,0.0,0.0,0.0
576,1104-15,dead_stock,intermittent,2024-04-01,2024-05-01,1,0.0,0.0,0.0,0.0,0.0
576,1104-15,dead_stock,intermittent,2024-04-01,2024-06-01,2,0.0,0.0,0.0,0.0,0.0
576,1104-15,dead_stock,intermittent,2024-04-01,2024-07-01,3,0.0,0.0,0.0,0.0,0.0
576,1104-15,dead_stock,intermittent,2024-04-01,2024-08-01,4,59.0,0.0,-59.0,59.0,59.0
576,1104-15,dead_stock,intermittent,2024-04-01,2024-08-01,40,59.0,0.0,-59.0,59.0,59.0
576,1104-15,dead_stock,intermittent,2024-05-01,2024-06-01,1,0.0,0.0,0.0,0.0,0.0
576,1104-15,dead_stock,intermittent,2024-05-01,2024-07-01,2,0.0,0.0,0.0,0.0,0.0
576,1104-15,dead_stock,intermittent,2024-05-01,2024-08-01,3,59.0,0.0,-59.0,59.0,59.0
576,1104-15,dead_stock,intermittent,2024-05-01,2024-09-01,4,0.0,0.0,0.0,0.0,0.0
576,1104-15,dead_stock,intermittent,2024-05-01,2024-09-01,40,59.0,0.0,-59.0,59.0,59.0
576,1104-15,dead_stock,intermittent,2024-06-01,2024-07-01,1,0.0,0.0,0.0,0.0,0.0
576,1104-15,dead_stock,intermittent,2024-06-01,2024-08-01,2,59.0,0.0,-59.0,59.0,59.0
576,1104-15,dead_stock,intermittent,2024-06-01,2024-09-01,3,0.0,0.0,0.0,0.0,0.0
576,1104-15,dead_stock,intermittent,2024-06-01,2024-10-01,4,0.0,0.0,0.0,0.0,0.0
576,1104-15,dead_stock,intermittent,2024-06-01,2024-10-01,40,59.0,0.0,-59.0,59.0,59.0
576,1104-15,dead_stock,intermittent,2024-07-01,2024-08-01,1,59.0,0.0,-59.0,59.0,59.0
576,1104-15,dead_stock,intermittent,2024-07-01,2024-09-01,2,0.0,0.0,0.0,0.0,0.0
576,1104-15,dead_stock,intermittent,2024-07-01,2024-10-01,3,0.0,0.0,0.0,0.0,0.0
576,1104-15,dead_stock,intermittent,2024-07-01,2024-11-01,4,0.0,0.0,0.0,0.0,0.0
576,1104-15,dead_stock,intermittent,2024-07-01,2024-11-01,40,59.0,0.0,-59.0,59.0,59.0
576,1104-15,intermittent,intermittent,2024-08-01,2024-09-01,1,0.0,0.0,0.0,0.0,0.0
576,1104-15,intermittent,intermittent,2024-08-01,2024-10-01,2,0.0,0.0,0.0,0.0,0.0
576,1104-15,intermittent,intermittent,2024-08-01,2024-11-01,3,0.0,0.0,0.0,0.0,0.0
576,1104-15,intermittent,intermittent,2024-08-01,2024-12-01,4,0.0,0.0,0.0,0.0,0.0
576,1104-15,intermittent,intermittent,2024-08-01,2024-12-01,40,0.0,0.0,0.0,0.0,0.0
576,1104-15,intermittent,intermittent,2024-09-01,2024-10-01,1,0.0,0.0,0.0,0.0,0.0
576,1104-15,intermittent,intermittent,2024-09-01,2024-11-01,2,0.0,0.0,0.0,0.0,0.0
576,1104-15,intermittent,intermittent,2024-09-01,2024-12-01,3,0.0,0.0,0.0,0.0,0.0
576,1104-15,intermittent,intermittent,2024-09-01,2025-01-01,4,0.0,0.0,0.0,0.0,0.0
576,1104-15,intermittent,intermittent,2024-09-01,2025-01-01,40,0.0,0.0,0.0,0.0,0.0
576,1104-15,intermittent,intermittent,2024-10-01,2024-11-01,1,0.0,0.0,0.0,0.0,0.0
576,1104-15,intermittent,intermittent,2024-10-01,2024-12-01,2,0.0,0.0,0.0,0.0,0.0
576,1104-15,intermittent,intermittent,2024-10-01,2025-01-01,3,0.0,0.0,0.0,0.0,0.0
576,1104-15,intermittent,intermittent,2024-10-01,2025-02-01,4,0.0,0.0,0.0,0.0,0.0
576,1104-15,intermittent,intermittent,2024-10-01,2025-02-01,40,0.0,0.0,0.0,0.0,0.0
576,1104-15,intermittent,intermittent,2024-11-01,2024-12-01,1,0.0,0.0,0.0,0.0,0.0
576,1104-15,intermittent,intermittent,2024-11-01,2025-01-01,2,0.0,0.0,0.0,0.0,0.0
576,1104-15,intermittent,intermittent,2024-11-01,2025-02-01,3,0.0,0.0,0.0,0.0,0.0
576,1104-15,intermittent,intermittent,2024-11-01,2025-03-01,4,0.0,0.0,0.0,0.0,0.0
576,1104-15,intermittent,intermittent,2024-11-01,2025-03-01,40,0.0,0.0,0.0,0.0,0.0
576,1104-15,intermittent,intermittent,2024-12-01,2025-01-01,1,0.0,0.0,0.0,0.0,0.0
576,1104-15,intermittent,intermittent,2024-12-01,2025-02-01,2,0.0,0.0,0.0,0.0,0.0
576,1104-15,intermittent,intermittent,2024-12-01,2025-03-01,3,0.0,0.0,0.0,0.0,0.0
576,1104-15,intermittent,intermittent,2024-12-01,2025-04-01,4,0.0,0.0,0.0,0.0,0.0
576,1104-15,intermittent,intermittent,2024-12-01,2025-04-01,40,0.0,0.0,0.0,0.0,0.0
576,1104-15,intermittent,intermittent,2025-01-01,2025-02-01,1,0.0,0.0,0.0,0.0,0.0
576,1104-15,intermittent,intermittent,2025-01-01,2025-03-01,2,0.0,0.0,0.0,0.0,0.0
576,1104-15,intermittent,intermittent,2025-01-01,2025-04-01,3,0.0,0.0,0.0,0.0,0.0
576,1104-15,intermittent,intermittent,2025-01-01,2025-05-01,4,0.0,0.0,0.0,0.0,0.0
576,1104-15,intermittent,intermittent,2025-01-01,2025-05-01,40,0.0,0.0,0.0,0.0,0.0
576,1104-15,dead_stock,intermittent,2025-02-01,2025-03-01,1,0.0,0.0,0.0,0.0,0.0
576,1104-15,dead_stock,intermittent,2025-02-01,2025-04-01,2,0.0,0.0,0.0,0.0,0.0
576,1104-15,dead_stock,intermittent,2025-02-01,2025-05-01,3,0.0,0.0,0.0,0.0,0.0
576,1104-15,dead_stock,intermittent,2025-02-01,2025-06-01,4,0.0,0.0,0.0,0.0,0.0
576,1104-15,dead_stock,intermittent,2025-02-01,2025-06-01,40,0.0,0.0,0.0,0.0,0.0
576,1104-15,dead_stock,intermittent,2025-03-01,2025-04-01,1,0.0,0.0,0.0,0.0,0.0
576,1104-15,dead_stock,intermittent,2025-03-01,2025-05-01,2,0.0,0.0,0.0,0.0,0.0
576,1104-15,dead_stock,intermittent,2025-03-01,2025-06-01,3,0.0,0.0,0.0,0.0,0.0
576,1104-15,dead_stock,intermittent,2025-03-01,2025-07-01,4,0.0,0.0,0.0,0.0,0.0
576,1104-15,dead_stock,intermittent,2025-03-01,2025-07-01,40,0.0,0.0,0.0,0.0,0.0
576,1104-15,dead_stock,intermittent,2025-04-01,2025-05-01,1,0.0,0.0,0.0,0.0,0.0
576,1104-15,dead_stock,intermittent,2025-04-01,2025-06-01,2,0.0,0.0,0.0,0.0,0.0
576,1104-15,dead_stock,intermittent,2025-04-01,2025-07-01,3,0.0,0.0,0.0,0.0,0.0
576,1104-15,dead_stock,intermittent,2025-04-01,2025-08-01,4,0.0,0.0,0.0,0.0,0.0
576,1104-15,dead_stock,intermittent,2025-04-01,2025-08-01,40,0.0,0.0,0.0,0.0,0.0
576,1104-15,dead_stock,intermittent,2025-05-01,2025-06-01,1,0.0,0.0,0.0,0.0,0.0
576,1104-15,dead_stock,intermittent,2025-05-01,2025-07-01,2,0.0,0.0,0.0,0.0,0.0
576,1104-15,dead_stock,intermittent,2025-05-01,2025-08-01,3,0.0,0.0,0.0,0.0,0.0
576,1104-15,dead_stock,intermittent,2025-05-01,2025-09-01,4,0.0,0.0,0.0,0.0,0.0
576,1104-15,dead_stock,intermittent,2025-05-01,2025-09-01,40,0.0,0.0,0.0,0.0,0.0
576,1104-15,dead_stock,intermittent,2025-06-01,2025-07-01,1,0.0,0.0,0.0,0.0,0.0
576,1104-15,dead_stock,intermittent,2025-06-01,2025-08-01,2,0.0,0.0,0.0,0.0,0.0
576,1104-15,dead_stock,intermittent,2025-06-01,2025-09-01,3,0.0,0.0,0.0,0.0,0.0
576,1104-15,dead_stock,intermittent,2025-06-01,2025-10-01,4,0.0,0.0,0.0,0.0,0.0
576,1104-15,dead_stock,intermittent,2025-06-01,2025-10-01,40,0.0,0.0,0.0,0.0,0.0
576,1104-15,dead_stock,intermittent,2025-07-01,2025-08-01,1,0.0,0.0,0.0,0.0,0.0
576,1104-15,dead_stock,intermittent,2025-07-01,2025-09-01,2,0.0,0.0,0.0,0.0,0.0
576,1104-15,dead_stock,intermittent,2025-07-01,2025-10-01,3,0.0,0.0,0.0,0.0,0.0
576,1104-15,dead_stock,intermittent,2025-07-01,2025-11-01,4,0.0,0.0,0.0,0.0,0.0
576,1104-15,dead_stock,intermittent,2025-07-01,2025-11-01,40,0.0,0.0,0.0,0.0,0.0
576,1104-15,dead_stock,intermittent,2025-08-01,2025-09-01,1,0.0,0.0,0.0,0.0,0.0
576,1104-15,dead_stock,intermittent,2025-08-01,2025-10-01,2,0.0,0.0,0.0,0.0,0.0
576,1104-15,dead_stock,intermittent,2025-08-01,2025-11-01,3,0.0,0.0,0.0,0.0,0.0
576,1104-15,dead_stock,intermittent,2025-08-01,2025-12-01,4,0.0,0.0,0.0,0.0,0.0
576,1104-15,dead_stock,intermittent,2025-08-01,2025-12-01,40,0.0,0.0,0.0,0.0,0.0
576,1104-15,dead_stock,intermittent,2025-09-01,2025-10-01,1,0.0,0.0,0.0,0.0,0.0
576,1104-15,dead_stock,intermittent,2025-09-01,2025-11-01,2,0.0,0.0,0.0,0.0,0.0
576,1104-15,dead_stock,intermittent,2025-09-01,2025-12-01,3,0.0,0.0,0.0,0.0,0.0
576,1104-15,dead_stock,intermittent,2025-09-01,2026-01-01,4,0.0,0.0,0.0,0.0,0.0
576,1104-15,dead_stock,intermittent,2025-09-01,2026-01-01,40,0.0,0.0,0.0,0.0,0.0
576,1104-15,dead_stock,intermittent,2025-10-01,2025-11-01,1,0.0,0.0,0.0,0.0,0.0
576,1104-15,dead_stock,intermittent,2025-10-01,2025-12-01,2,0.0,0.0,0.0,0.0,0.0
576,1104-15,dead_stock,intermittent,2025-10-01,2026-01-01,3,0.0,0.0,0.0,0.0,0.0
576,1104-15,dead_stock,intermittent,2025-10-01,2026-02-01,4,0.0,0.0,0.0,0.0,0.0
576,1104-15,dead_stock,intermittent,2025-10-01,2026-02-01,40,0.0,0.0,0.0,0.0,0.0
576,1104-15,dead_stock,intermittent,2025-11-01,2025-12-01,1,0.0,0.0,0.0,0.0,0.0
576,1104-15,dead_stock,intermittent,2025-11-01,2026-01-01,2,0.0,0.0,0.0,0.0,0.0
576,1104-15,dead_stock,intermittent,2025-11-01,2026-02-01,3,0.0,0.0,0.0,0.0,0.0
576,1104-15,dead_stock,intermittent,2025-11-01,2026-03-01,4,0.0,0.0,0.0,0.0,0.0
576,1104-15,dead_stock,intermittent,2025-11-01,2026-03-01,40,0.0,0.0,0.0,0.0,0.0
576,1104-15,dead_stock,intermittent,2025-12-01,2026-01-01,1,0.0,0.0,0.0,0.0,0.0
576,1104-15,dead_stock,intermittent,2025-12-01,2026-02-01,2,0.0,0.0,0.0,0.0,0.0
576,1104-15,dead_stock,intermittent,2025-12-01,2026-03-01,3,0.0,0.0,0.0,0.0,0.0
576,1104-15,dead_stock,intermittent,2025-12-01,2026-04-01,4,0.0,0.0,0.0,0.0,0.0
576,1104-15,dead_stock,intermittent,2025-12-01,2026-04-01,40,0.0,0.0,0.0,0.0,0.0
576,1104-15,dead_stock,intermittent,2026-01-01,2026-02-01,1,0.0,0.0,0.0,0.0,0.0
576,1104-15,dead_stock,intermittent,2026-01-01,2026-03-01,2,0.0,0.0,0.0,0.0,0.0
576,1104-15,dead_stock,intermittent,2026-01-01,2026-04-01,3,0.0,0.0,0.0,0.0,0.0
576,1104-15,dead_stock,intermittent,2026-01-01,2026-05-01,4,0.0,0.0,0.0,0.0,0.0
576,1104-15,dead_stock,intermittent,2026-01-01,2026-05-01,40,0.0,0.0,0.0,0.0,0.0
576,1104-15,dead_stock,intermittent,2026-02-01,2026-03-01,1,0.0,0.0,0.0,0.0,0.0
576,1104-15,dead_stock,intermittent,2026-02-01,2026-04-01,2,0.0,0.0,0.0,0.0,0.0
576,1104-15,dead_stock,intermittent,2026-02-01,2026-05-01,3,0.0,0.0,0.0,0.0,0.0
576,1104-15,dead_stock,intermittent,2026-02-01,2026-06-01,4,3.0,0.0,-3.0,3.0,3.0
576,1104-15,dead_stock,intermittent,2026-02-01,2026-06-01,40,3.0,0.0,-3.0,3.0,3.0
576,1104-15,dead_stock,intermittent,2026-03-01,2026-04-01,1,0.0,0.0,0.0,0.0,0.0
576,1104-15,dead_stock,intermittent,2026-03-01,2026-05-01,2,0.0,0.0,0.0,0.0,0.0
576,1104-15,dead_stock,intermittent,2026-03-01,2026-06-01,3,3.0,0.0,-3.0,3.0,3.0
576,1104-15,dead_stock,intermittent,2026-03-01,2026-07-01,4,0.0,0.0,0.0,0.0,0.0
576,1104-15,dead_stock,intermittent,2026-03-01,2026-07-01,40,3.0,0.0,-3.0,3.0,3.0
576,1104-15,dead_stock,intermittent,2026-04-01,2026-05-01,1,0.0,0.0,0.0,0.0,0.0
576,1104-15,dead_stock,intermittent,2026-04-01,2026-06-01,2,3.0,0.0,-3.0,3.0,3.0
576,1104-15,dead_stock,intermittent,2026-04-01,2026-07-01,3,0.0,0.0,0.0,0.0,0.0
576,1104-15,dead_stock,intermittent,2026-04-01,2026-08-01,4,0.0,0.0,0.0,0.0,0.0
576,1104-15,dead_stock,intermittent,2026-04-01,2026-08-01,40,3.0,0.0,-3.0,3.0,3.0
576,1104-15,dead_stock,intermittent,2026-05-01,2026-06-01,1,3.0,0.0,-3.0,3.0,3.0
576,1104-15,dead_stock,intermittent,2026-05-01,2026-07-01,2,0.0,0.0,0.0,0.0,0.0
576,1104-15,dead_stock,intermittent,2026-05-01,2026-08-01,3,0.0,0.0,0.0,0.0,0.0
576,1104-15,dead_stock,intermittent,2026-05-01,2026-09-01,4,0.0,0.0,0.0,0.0,0.0
576,1104-15,dead_stock,intermittent,2026-05-01,2026-09-01,40,3.0,0.0,-3.0,3.0,3.0
576,1104-15,intermittent,intermittent,2026-06-01,2026-07-01,1,0.0,0.0,0.0,0.0,0.0
576,1104-15,intermittent,intermittent,2026-06-01,2026-08-01,2,0.0,0.0,0.0,0.0,0.0
576,1104-15,intermittent,intermittent,2026-06-01,2026-09-01,3,0.0,0.0,0.0,0.0,0.0
576,1104-15,intermittent,intermittent,2026-07-01,2026-08-01,1,0.0,0.0,0.0,0.0,0.0
576,1104-15,intermittent,intermittent,2026-07-01,2026-09-01,2,0.0,0.0,0.0,0.0,0.0
576,1104-15,intermittent,intermittent,2026-08-01,2026-09-01,1,0.0,0.0,0.0,0.0,0.0
292,344-25,intermittent,dead_stock,2024-02-01,2024-03-01,1,0.0,0.0,0.0,0.0,0.0
292,344-25,intermittent,dead_stock,2024-02-01,2024-04-01,2,0.0,0.0,0.0,0.0,0.0
292,344-25,intermittent,dead_stock,2024-02-01,2024-05-01,3,0.0,0.0,0.0,0.0,0.0
292,344-25,intermittent,dead_stock,2024-02-01,2024-06-01,4,0.0,0.0,0.0,0.0,0.0
292,344-25,intermittent,dead_stock,2024-02-01,2024-06-01,40,0.0,0.0,0.0,0.0,0.0
292,344-25,intermittent,dead_stock,2024-03-01,2024-04-01,1,0.0,0.0,0.0,0.0,0.0
292,344-25,intermittent,dead_stock,2024-03-01,2024-05-01,2,0.0,0.0,0.0,0.0,0.0
292,344-25,intermittent,dead_stock,2024-03-01,2024-06-01,3,0.0,0.0,0.0,0.0,0.0
292,344-25,intermittent,dead_stock,2024-03-01,2024-07-01,4,0.0,0.0,0.0,0.0,0.0
292,344-25,intermittent,dead_stock,2024-03-01,2024-07-01,40,0.0,0.0,0.0,0.0,0.0
292,344-25,dead_stock,dead_stock,2024-04-01,2024-05-01,1,0.0,0.0,0.0,0.0,0.0
292,344-25,dead_stock,dead_stock,2024-04-01,2024-06-01,2,0.0,0.0,0.0,0.0,0.0
292,344-25,dead_stock,dead_stock,2024-04-01,2024-07-01,3,0.0,0.0,0.0,0.0,0.0
292,344-25,dead_stock,dead_stock,2024-04-01,2024-08-01,4,0.0,0.0,0.0,0.0,0.0
292,344-25,dead_stock,dead_stock,2024-04-01,2024-08-01,40,0.0,0.0,0.0,0.0,0.0
292,344-25,dead_stock,dead_stock,2024-05-01,2024-06-01,1,0.0,0.0,0.0,0.0,0.0
292,344-25,dead_stock,dead_stock,2024-05-01,2024-07-01,2,0.0,0.0,0.0,0.0,0.0
292,344-25,dead_stock,dead_stock,2024-05-01,2024-08-01,3,0.0,0.0,0.0,0.0,0.0
292,344-25,dead_stock,dead_stock,2024-05-01,2024-09-01,4,0.0,0.0,0.0,0.0,0.0
292,344-25,dead_stock,dead_stock,2024-05-01,2024-09-01,40,0.0,0.0,0.0,0.0,0.0
292,344-25,dead_stock,dead_stock,2024-06-01,2024-07-01,1,0.0,0.0,0.0,0.0,0.0
292,344-25,dead_stock,dead_stock,2024-06-01,2024-08-01,2,0.0,0.0,0.0,0.0,0.0
292,344-25,dead_stock,dead_stock,2024-06-01,2024-09-01,3,0.0,0.0,0.0,0.0,0.0
292,344-25,dead_stock,dead_stock,2024-06-01,2024-10-01,4,0.0,0.0,0.0,0.0,0.0
292,344-25,dead_stock,dead_stock,2024-06-01,2024-10-01,40,0.0,0.0,0.0,0.0,0.0
292,344-25,dead_stock,dead_stock,2024-07-01,2024-08-01,1,0.0,0.0,0.0,0.0,0.0
292,344-25,dead_stock,dead_stock,2024-07-01,2024-09-01,2,0.0,0.0,0.0,0.0,0.0
292,344-25,dead_stock,dead_stock,2024-07-01,2024-10-01,3,0.0,0.0,0.0,0.0,0.0
292,344-25,dead_stock,dead_stock,2024-07-01,2024-11-01,4,0.0,0.0,0.0,0.0,0.0
292,344-25,dead_stock,dead_stock,2024-07-01,2024-11-01,40,0.0,0.0,0.0,0.0,0.0
292,344-25,dead_stock,dead_stock,2024-08-01,2024-09-01,1,0.0,0.0,0.0,0.0,0.0
292,344-25,dead_stock,dead_stock,2024-08-01,2024-10-01,2,0.0,0.0,0.0,0.0,0.0
292,344-25,dead_stock,dead_stock,2024-08-01,2024-11-01,3,0.0,0.0,0.0,0.0,0.0
292,344-25,dead_stock,dead_stock,2024-08-01,2024-12-01,4,0.0,0.0,0.0,0.0,0.0
292,344-25,dead_stock,dead_stock,2024-08-01,2024-12-01,40,0.0,0.0,0.0,0.0,0.0
292,344-25,dead_stock,dead_stock,2024-09-01,2024-10-01,1,0.0,0.0,0.0,0.0,0.0
292,344-25,dead_stock,dead_stock,2024-09-01,2024-11-01,2,0.0,0.0,0.0,0.0,0.0
292,344-25,dead_stock,dead_stock,2024-09-01,2024-12-01,3,0.0,0.0,0.0,0.0,0.0
292,344-25,dead_stock,dead_stock,2024-09-01,2025-01-01,4,0.0,0.0,0.0,0.0,0.0
292,344-25,dead_stock,dead_stock,2024-09-01,2025-01-01,40,0.0,0.0,0.0,0.0,0.0
292,344-25,dead_stock,dead_stock,2024-10-01,2024-11-01,1,0.0,0.0,0.0,0.0,0.0
292,344-25,dead_stock,dead_stock,2024-10-01,2024-12-01,2,0.0,0.0,0.0,0.0,0.0
292,344-25,dead_stock,dead_stock,2024-10-01,2025-01-01,3,0.0,0.0,0.0,0.0,0.0
292,344-25,dead_stock,dead_stock,2024-10-01,2025-02-01,4,0.0,0.0,0.0,0.0,0.0
292,344-25,dead_stock,dead_stock,2024-10-01,2025-02-01,40,0.0,0.0,0.0,0.0,0.0
292,344-25,dead_stock,dead_stock,2024-11-01,2024-12-01,1,0.0,0.0,0.0,0.0,0.0
292,344-25,dead_stock,dead_stock,2024-11-01,2025-01-01,2,0.0,0.0,0.0,0.0,0.0
292,344-25,dead_stock,dead_stock,2024-11-01,2025-02-01,3,0.0,0.0,0.0,0.0,0.0
292,344-25,dead_stock,dead_stock,2024-11-01,2025-03-01,4,0.0,0.0,0.0,0.0,0.0
292,344-25,dead_stock,dead_stock,2024-11-01,2025-03-01,40,0.0,0.0,0.0,0.0,0.0
292,344-25,dead_stock,dead_stock,2024-12-01,2025-01-01,1,0.0,0.0,0.0,0.0,0.0
292,344-25,dead_stock,dead_stock,2024-12-01,2025-02-01,2,0.0,0.0,0.0,0.0,0.0
292,344-25,dead_stock,dead_stock,2024-12-01,2025-03-01,3,0.0,0.0,0.0,0.0,0.0
292,344-25,dead_stock,dead_stock,2024-12-01,2025-04-01,4,0.0,0.0,0.0,0.0,0.0
292,344-25,dead_stock,dead_stock,2024-12-01,2025-04-01,40,0.0,0.0,0.0,0.0,0.0
292,344-25,dead_stock,dead_stock,2025-01-01,2025-02-01,1,0.0,0.0,0.0,0.0,0.0
292,344-25,dead_stock,dead_stock,2025-01-01,2025-03-01,2,0.0,0.0,0.0,0.0,0.0
292,344-25,dead_stock,dead_stock,2025-01-01,2025-04-01,3,0.0,0.0,0.0,0.0,0.0
292,344-25,dead_stock,dead_stock,2025-01-01,2025-05-01,4,0.0,0.0,0.0,0.0,0.0
292,344-25,dead_stock,dead_stock,2025-01-01,2025-05-01,40,0.0,0.0,0.0,0.0,0.0
292,344-25,dead_stock,dead_stock,2025-02-01,2025-03-01,1,0.0,0.0,0.0,0.0,0.0
292,344-25,dead_stock,dead_stock,2025-02-01,2025-04-01,2,0.0,0.0,0.0,0.0,0.0
292,344-25,dead_stock,dead_stock,2025-02-01,2025-05-01,3,0.0,0.0,0.0,0.0,0.0
292,344-25,dead_stock,dead_stock,2025-02-01,2025-06-01,4,0.0,0.0,0.0,0.0,0.0
292,344-25,dead_stock,dead_stock,2025-02-01,2025-06-01,40,0.0,0.0,0.0,0.0,0.0
292,344-25,dead_stock,dead_stock,2025-03-01,2025-04-01,1,0.0,0.0,0.0,0.0,0.0
292,344-25,dead_stock,dead_stock,2025-03-01,2025-05-01,2,0.0,0.0,0.0,0.0,0.0
292,344-25,dead_stock,dead_stock,2025-03-01,2025-06-01,3,0.0,0.0,0.0,0.0,0.0
292,344-25,dead_stock,dead_stock,2025-03-01,2025-07-01,4,0.0,0.0,0.0,0.0,0.0
292,344-25,dead_stock,dead_stock,2025-03-01,2025-07-01,40,0.0,0.0,0.0,0.0,0.0
292,344-25,dead_stock,dead_stock,2025-04-01,2025-05-01,1,0.0,0.0,0.0,0.0,0.0
292,344-25,dead_stock,dead_stock,2025-04-01,2025-06-01,2,0.0,0.0,0.0,0.0,0.0
292,344-25,dead_stock,dead_stock,2025-04-01,2025-07-01,3,0.0,0.0,0.0,0.0,0.0
292,344-25,dead_stock,dead_stock,2025-04-01,2025-08-01,4,0.0,0.0,0.0,0.0,0.0
292,344-25,dead_stock,dead_stock,2025-04-01,2025-08-01,40,0.0,0.0,0.0,0.0,0.0
292,344-25,dead_stock,dead_stock,2025-05-01,2025-06-01,1,0.0,0.0,0.0,0.0,0.0
292,344-25,dead_stock,dead_stock,2025-05-01,2025-07-01,2,0.0,0.0,0.0,0.0,0.0
292,344-25,dead_stock,dead_stock,2025-05-01,2025-08-01,3,0.0,0.0,0.0,0.0,0.0
292,344-25,dead_stock,dead_stock,2025-05-01,2025-09-01,4,0.0,0.0,0.0,0.0,0.0
292,344-25,dead_stock,dead_stock,2025-05-01,2025-09-01,40,0.0,0.0,0.0,0.0,0.0
292,344-25,dead_stock,dead_stock,2025-06-01,2025-07-01,1,0.0,0.0,0.0,0.0,0.0
292,344-25,dead_stock,dead_stock,2025-06-01,2025-08-01,2,0.0,0.0,0.0,0.0,0.0
292,344-25,dead_stock,dead_stock,2025-06-01,2025-09-01,3,0.0,0.0,0.0,0.0,0.0
292,344-25,dead_stock,dead_stock,2025-06-01,2025-10-01,4,0.0,0.0,0.0,0.0,0.0
292,344-25,dead_stock,dead_stock,2025-06-01,2025-10-01,40,0.0,0.0,0.0,0.0,0.0
292,344-25,dead_stock,dead_stock,2025-07-01,2025-08-01,1,0.0,0.0,0.0,0.0,0.0
292,344-25,dead_stock,dead_stock,2025-07-01,2025-09-01,2,0.0,0.0,0.0,0.0,0.0
292,344-25,dead_stock,dead_stock,2025-07-01,2025-10-01,3,0.0,0.0,0.0,0.0,0.0
292,344-25,dead_stock,dead_stock,2025-07-01,2025-11-01,4,0.0,0.0,0.0,0.0,0.0
292,344-25,dead_stock,dead_stock,2025-07-01,2025-11-01,40,0.0,0.0,0.0,0.0,0.0
292,344-25,dead_stock,dead_stock,2025-08-01,2025-09-01,1,0.0,0.0,0.0,0.0,0.0
292,344-25,dead_stock,dead_stock,2025-08-01,2025-10-01,2,0.0,0.0,0.0,0.0,0.0
292,344-25,dead_stock,dead_stock,2025-08-01,2025-11-01,3,0.0,0.0,0.0,0.0,0.0
292,344-25,dead_stock,dead_stock,2025-08-01,2025-12-01,4,268.0,0.0,-268.0,268.0,268.0
292,344-25,dead_stock,dead_stock,2025-08-01,2025-12-01,40,268.0,0.0,-268.0,268.0,268.0
292,344-25,dead_stock,dead_stock,2025-09-01,2025-10-01,1,0.0,0.0,0.0,0.0,0.0
292,344-25,dead_stock,dead_stock,2025-09-01,2025-11-01,2,0.0,0.0,0.0,0.0,0.0
292,344-25,dead_stock,dead_stock,2025-09-01,2025-12-01,3,268.0,0.0,-268.0,268.0,268.0
292,344-25,dead_stock,dead_stock,2025-09-01,2026-01-01,4,50.0,0.0,-50.0,50.0,50.0
292,344-25,dead_stock,dead_stock,2025-09-01,2026-01-01,40,318.0,0.0,-318.0,318.0,318.0
292,344-25,dead_stock,dead_stock,2025-10-01,2025-11-01,1,0.0,0.0,0.0,0.0,0.0
292,344-25,dead_stock,dead_stock,2025-10-01,2025-12-01,2,268.0,0.0,-268.0,268.0,268.0
292,344-25,dead_stock,dead_stock,2025-10-01,2026-01-01,3,50.0,0.0,-50.0,50.0,50.0
292,344-25,dead_stock,dead_stock,2025-10-01,2026-02-01,4,6.0,0.0,-6.0,6.0,6.0
292,344-25,dead_stock,dead_stock,2025-10-01,2026-02-01,40,324.0,0.0,-324.0,324.0,324.0
292,344-25,dead_stock,dead_stock,2025-11-01,2025-12-01,1,268.0,0.0,-268.0,268.0,268.0
292,344-25,dead_stock,dead_stock,2025-11-01,2026-01-01,2,50.0,0.0,-50.0,50.0,50.0
292,344-25,dead_stock,dead_stock,2025-11-01,2026-02-01,3,6.0,0.0,-6.0,6.0,6.0
292,344-25,dead_stock,dead_stock,2025-11-01,2026-03-01,4,0.0,0.0,0.0,0.0,0.0
292,344-25,dead_stock,dead_stock,2025-11-01,2026-03-01,40,324.0,0.0,-324.0,324.0,324.0
292,344-25,intermittent,dead_stock,2025-12-01,2026-01-01,1,50.0,0.0,-50.0,50.0,50.0
292,344-25,intermittent,dead_stock,2025-12-01,2026-02-01,2,6.0,0.0,-6.0,6.0,6.0
292,344-25,intermittent,dead_stock,2025-12-01,2026-03-01,3,0.0,0.0,0.0,0.0,0.0
292,344-25,intermittent,dead_stock,2025-12-01,2026-04-01,4,0.0,0.0,0.0,0.0,0.0
292,344-25,intermittent,dead_stock,2025-12-01,2026-04-01,40,56.0,0.0,-56.0,56.0,56.0
292,344-25,intermittent,dead_stock,2026-01-01,2026-02-01,1,6.0,25.0,19.0,19.0,0.0
292,344-25,intermittent,dead_stock,2026-01-01,2026-03-01,2,0.0,37.5,37.5,37.5,0.0
292,344-25,intermittent,dead_stock,2026-01-01,2026-04-01,3,0.0,31.25,31.25,31.25,0.0
292,344-25,intermittent,dead_stock,2026-01-01,2026-05-01,4,0.0,28.125,28.125,28.125,0.0
292,344-25,intermittent,dead_stock,2026-01-01,2026-05-01,40,6.0,121.875,115.875,115.875,0.0
292,344-25,intermittent,dead_stock,2026-02-01,2026-03-01,1,0.0,28.0,28.0,28.0,0.0
292,344-25,intermittent,dead_stock,2026-02-01,2026-04-01,2,0.0,17.0,17.0,17.0,0.0
292,344-25,intermittent,dead_stock,2026-02-01,2026-05-01,3,0.0,11.5,11.5,11.5,0.0
292,344-25,intermittent,dead_stock,2026-02-01,2026-06-01,4,0.0,14.25,14.25,14.25,0.0
292,344-25,intermittent,dead_stock,2026-02-01,2026-06-01,40,0.0,70.75,70.75,70.75,0.0
292,344-25,intermittent,dead_stock,2026-03-01,2026-04-01,1,0.0,3.0,3.0,3.0,0.0
292,344-25,intermittent,dead_stock,2026-03-01,2026-05-01,2,0.0,1.5,1.5,1.5,0.0
292,344-25,intermittent,dead_stock,2026-03-01,2026-06-01,3,0.0,0.75,0.75,0.75,0.0
292,344-25,intermittent,dead_stock,2026-03-01,2026-07-01,4,0.0,1.125,1.125,1.125,0.0
292,344-25,intermittent,dead_stock,2026-03-01,2026-07-01,40,0.0,6.375,6.375,6.375,0.0
292,344-25,intermittent,dead_stock,2026-04-01,2026-05-01,1,0.0,0.0,0.0,0.0,0.0
292,344-25,intermittent,dead_stock,2026-04-01,2026-06-01,2,0.0,0.0,0.0,0.0,0.0
292,344-25,intermittent,dead_stock,2026-04-01,2026-07-01,3,0.0,0.0,0.0,0.0,0.0
292,344-25,intermittent,dead_stock,2026-04-01,2026-08-01,4,0.0,0.0,0.0,0.0,0.0
292,344-25,intermittent,dead_stock,2026-04-01,2026-08-01,40,0.0,0.0,0.0,0.0,0.0
292,344-25,intermittent,dead_stock,2026-05-01,2026-06-01,1,0.0,0.0,0.0,0.0,0.0
292,344-25,intermittent,dead_stock,2026-05-01,2026-07-01,2,0.0,0.0,0.0,0.0,0.0
292,344-25,intermittent,dead_stock,2026-05-01,2026-08-01,3,0.0,0.0,0.0,0.0,0.0
292,344-25,intermittent,dead_stock,2026-05-01,2026-09-01,4,0.0,0.0,0.0,0.0,0.0
292,344-25,intermittent,dead_stock,2026-05-01,2026-09-01,40,0.0,0.0,0.0,0.0,0.0
292,344-25,intermittent,dead_stock,2026-06-01,2026-07-01,1,0.0,0.0,0.0,0.0,0.0
292,344-25,intermittent,dead_stock,2026-06-01,2026-08-01,2,0.0,0.0,0.0,0.0,0.0
292,344-25,intermittent,dead_stock,2026-06-01,2026-09-01,3,0.0,0.0,0.0,0.0,0.0
292,344-25,intermittent,dead_stock,2026-07-01,2026-08-01,1,0.0,0.0,0.0,0.0,0.0
292,344-25,intermittent,dead_stock,2026-07-01,2026-09-01,2,0.0,0.0,0.0,0.0,0.0
292,344-25,dead_stock,dead_stock,2026-08-01,2026-09-01,1,0.0,0.0,0.0,0.0,0.0
5761,362-26,intermittent,dead_stock,2024-02-01,2024-03-01,1,0.0,0.0,0.0,0.0,0.0
5761,362-26,intermittent,dead_stock,2024-02-01,2024-04-01,2,0.0,0.0,0.0,0.0,0.0
5761,362-26,intermittent,dead_stock,2024-02-01,2024-05-01,3,0.0,0.0,0.0,0.0,0.0
5761,362-26,intermittent,dead_stock,2024-02-01,2024-06-01,4,0.0,0.0,0.0,0.0,0.0
5761,362-26,intermittent,dead_stock,2024-02-01,2024-06-01,40,0.0,0.0,0.0,0.0,0.0
5761,362-26,intermittent,dead_stock,2024-03-01,2024-04-01,1,0.0,0.0,0.0,0.0,0.0
5761,362-26,intermittent,dead_stock,2024-03-01,2024-05-01,2,0.0,0.0,0.0,0.0,0.0
5761,362-26,intermittent,dead_stock,2024-03-01,2024-06-01,3,0.0,0.0,0.0,0.0,0.0
5761,362-26,intermittent,dead_stock,2024-03-01,2024-07-01,4,0.0,0.0,0.0,0.0,0.0
5761,362-26,intermittent,dead_stock,2024-03-01,2024-07-01,40,0.0,0.0,0.0,0.0,0.0
5761,362-26,intermittent,dead_stock,2024-04-01,2024-05-01,1,0.0,0.0,0.0,0.0,0.0
5761,362-26,intermittent,dead_stock,2024-04-01,2024-06-01,2,0.0,0.0,0.0,0.0,0.0
5761,362-26,intermittent,dead_stock,2024-04-01,2024-07-01,3,0.0,0.0,0.0,0.0,0.0
5761,362-26,intermittent,dead_stock,2024-04-01,2024-08-01,4,0.0,0.0,0.0,0.0,0.0
5761,362-26,intermittent,dead_stock,2024-04-01,2024-08-01,40,0.0,0.0,0.0,0.0,0.0
5761,362-26,intermittent,dead_stock,2024-05-01,2024-06-01,1,0.0,0.0,0.0,0.0,0.0
5761,362-26,intermittent,dead_stock,2024-05-01,2024-07-01,2,0.0,0.0,0.0,0.0,0.0
5761,362-26,intermittent,dead_stock,2024-05-01,2024-08-01,3,0.0,0.0,0.0,0.0,0.0
5761,362-26,intermittent,dead_stock,2024-05-01,2024-09-01,4,0.0,0.0,0.0,0.0,0.0
5761,362-26,intermittent,dead_stock,2024-05-01,2024-09-01,40,0.0,0.0,0.0,0.0,0.0
5761,362-26,dead_stock,dead_stock,2024-06-01,2024-07-01,1,0.0,0.0,0.0,0.0,0.0
5761,362-26,dead_stock,dead_stock,2024-06-01,2024-08-01,2,0.0,0.0,0.0,0.0,0.0
5761,362-26,dead_stock,dead_stock,2024-06-01,2024-09-01,3,0.0,0.0,0.0,0.0,0.0
5761,362-26,dead_stock,dead_stock,2024-06-01,2024-10-01,4,0.0,0.0,0.0,0.0,0.0
5761,362-26,dead_stock,dead_stock,2024-06-01,2024-10-01,40,0.0,0.0,0.0,0.0,0.0
5761,362-26,dead_stock,dead_stock,2024-07-01,2024-08-01,1,0.0,0.0,0.0,0.0,0.0
5761,362-26,dead_stock,dead_stock,2024-07-01,2024-09-01,2,0.0,0.0,0.0,0.0,0.0
5761,362-26,dead_stock,dead_stock,2024-07-01,2024-10-01,3,0.0,0.0,0.0,0.0,0.0
5761,362-26,dead_stock,dead_stock,2024-07-01,2024-11-01,4,0.0,0.0,0.0,0.0,0.0
5761,362-26,dead_stock,dead_stock,2024-07-01,2024-11-01,40,0.0,0.0,0.0,0.0,0.0
5761,362-26,dead_stock,dead_stock,2024-08-01,2024-09-01,1,0.0,0.0,0.0,0.0,0.0
5761,362-26,dead_stock,dead_stock,2024-08-01,2024-10-01,2,0.0,0.0,0.0,0.0,0.0
5761,362-26,dead_stock,dead_stock,2024-08-01,2024-11-01,3,0.0,0.0,0.0,0.0,0.0
5761,362-26,dead_stock,dead_stock,2024-08-01,2024-12-01,4,0.0,0.0,0.0,0.0,0.0
5761,362-26,dead_stock,dead_stock,2024-08-01,2024-12-01,40,0.0,0.0,0.0,0.0,0.0
5761,362-26,dead_stock,dead_stock,2024-09-01,2024-10-01,1,0.0,0.0,0.0,0.0,0.0
5761,362-26,dead_stock,dead_stock,2024-09-01,2024-11-01,2,0.0,0.0,0.0,0.0,0.0
5761,362-26,dead_stock,dead_stock,2024-09-01,2024-12-01,3,0.0,0.0,0.0,0.0,0.0
5761,362-26,dead_stock,dead_stock,2024-09-01,2025-01-01,4,0.0,0.0,0.0,0.0,0.0
5761,362-26,dead_stock,dead_stock,2024-09-01,2025-01-01,40,0.0,0.0,0.0,0.0,0.0
5761,362-26,dead_stock,dead_stock,2024-10-01,2024-11-01,1,0.0,0.0,0.0,0.0,0.0
5761,362-26,dead_stock,dead_stock,2024-10-01,2024-12-01,2,0.0,0.0,0.0,0.0,0.0
5761,362-26,dead_stock,dead_stock,2024-10-01,2025-01-01,3,0.0,0.0,0.0,0.0,0.0
5761,362-26,dead_stock,dead_stock,2024-10-01,2025-02-01,4,0.0,0.0,0.0,0.0,0.0
5761,362-26,dead_stock,dead_stock,2024-10-01,2025-02-01,40,0.0,0.0,0.0,0.0,0.0
5761,362-26,dead_stock,dead_stock,2024-11-01,2024-12-01,1,0.0,0.0,0.0,0.0,0.0
5761,362-26,dead_stock,dead_stock,2024-11-01,2025-01-01,2,0.0,0.0,0.0,0.0,0.0
5761,362-26,dead_stock,dead_stock,2024-11-01,2025-02-01,3,0.0,0.0,0.0,0.0,0.0
5761,362-26,dead_stock,dead_stock,2024-11-01,2025-03-01,4,0.0,0.0,0.0,0.0,0.0
5761,362-26,dead_stock,dead_stock,2024-11-01,2025-03-01,40,0.0,0.0,0.0,0.0,0.0
5761,362-26,dead_stock,dead_stock,2024-12-01,2025-01-01,1,0.0,0.0,0.0,0.0,0.0
5761,362-26,dead_stock,dead_stock,2024-12-01,2025-02-01,2,0.0,0.0,0.0,0.0,0.0
5761,362-26,dead_stock,dead_stock,2024-12-01,2025-03-01,3,0.0,0.0,0.0,0.0,0.0
5761,362-26,dead_stock,dead_stock,2024-12-01,2025-04-01,4,0.0,0.0,0.0,0.0,0.0
5761,362-26,dead_stock,dead_stock,2024-12-01,2025-04-01,40,0.0,0.0,0.0,0.0,0.0
5761,362-26,dead_stock,dead_stock,2025-01-01,2025-02-01,1,0.0,0.0,0.0,0.0,0.0
5761,362-26,dead_stock,dead_stock,2025-01-01,2025-03-01,2,0.0,0.0,0.0,0.0,0.0
5761,362-26,dead_stock,dead_stock,2025-01-01,2025-04-01,3,0.0,0.0,0.0,0.0,0.0
5761,362-26,dead_stock,dead_stock,2025-01-01,2025-05-01,4,0.0,0.0,0.0,0.0,0.0
5761,362-26,dead_stock,dead_stock,2025-01-01,2025-05-01,40,0.0,0.0,0.0,0.0,0.0
5761,362-26,dead_stock,dead_stock,2025-02-01,2025-03-01,1,0.0,0.0,0.0,0.0,0.0
5761,362-26,dead_stock,dead_stock,2025-02-01,2025-04-01,2,0.0,0.0,0.0,0.0,0.0
5761,362-26,dead_stock,dead_stock,2025-02-01,2025-05-01,3,0.0,0.0,0.0,0.0,0.0
5761,362-26,dead_stock,dead_stock,2025-02-01,2025-06-01,4,0.0,0.0,0.0,0.0,0.0
5761,362-26,dead_stock,dead_stock,2025-02-01,2025-06-01,40,0.0,0.0,0.0,0.0,0.0
5761,362-26,dead_stock,dead_stock,2025-03-01,2025-04-01,1,0.0,0.0,0.0,0.0,0.0
5761,362-26,dead_stock,dead_stock,2025-03-01,2025-05-01,2,0.0,0.0,0.0,0.0,0.0
5761,362-26,dead_stock,dead_stock,2025-03-01,2025-06-01,3,0.0,0.0,0.0,0.0,0.0
5761,362-26,dead_stock,dead_stock,2025-03-01,2025-07-01,4,0.0,0.0,0.0,0.0,0.0
5761,362-26,dead_stock,dead_stock,2025-03-01,2025-07-01,40,0.0,0.0,0.0,0.0,0.0
5761,362-26,dead_stock,dead_stock,2025-04-01,2025-05-01,1,0.0,0.0,0.0,0.0,0.0
5761,362-26,dead_stock,dead_stock,2025-04-01,2025-06-01,2,0.0,0.0,0.0,0.0,0.0
5761,362-26,dead_stock,dead_stock,2025-04-01,2025-07-01,3,0.0,0.0,0.0,0.0,0.0
5761,362-26,dead_stock,dead_stock,2025-04-01,2025-08-01,4,0.0,0.0,0.0,0.0,0.0
5761,362-26,dead_stock,dead_stock,2025-04-01,2025-08-01,40,0.0,0.0,0.0,0.0,0.0
5761,362-26,dead_stock,dead_stock,2025-05-01,2025-06-01,1,0.0,0.0,0.0,0.0,0.0
5761,362-26,dead_stock,dead_stock,2025-05-01,2025-07-01,2,0.0,0.0,0.0,0.0,0.0
5761,362-26,dead_stock,dead_stock,2025-05-01,2025-08-01,3,0.0,0.0,0.0,0.0,0.0
5761,362-26,dead_stock,dead_stock,2025-05-01,2025-09-01,4,0.0,0.0,0.0,0.0,0.0
5761,362-26,dead_stock,dead_stock,2025-05-01,2025-09-01,40,0.0,0.0,0.0,0.0,0.0
5761,362-26,dead_stock,dead_stock,2025-06-01,2025-07-01,1,0.0,0.0,0.0,0.0,0.0
5761,362-26,dead_stock,dead_stock,2025-06-01,2025-08-01,2,0.0,0.0,0.0,0.0,0.0
5761,362-26,dead_stock,dead_stock,2025-06-01,2025-09-01,3,0.0,0.0,0.0,0.0,0.0
5761,362-26,dead_stock,dead_stock,2025-06-01,2025-10-01,4,0.0,0.0,0.0,0.0,0.0
5761,362-26,dead_stock,dead_stock,2025-06-01,2025-10-01,40,0.0,0.0,0.0,0.0,0.0
5761,362-26,dead_stock,dead_stock,2025-07-01,2025-08-01,1,0.0,0.0,0.0,0.0,0.0
5761,362-26,dead_stock,dead_stock,2025-07-01,2025-09-01,2,0.0,0.0,0.0,0.0,0.0
5761,362-26,dead_stock,dead_stock,2025-07-01,2025-10-01,3,0.0,0.0,0.0,0.0,0.0
5761,362-26,dead_stock,dead_stock,2025-07-01,2025-11-01,4,0.0,0.0,0.0,0.0,0.0
5761,362-26,dead_stock,dead_stock,2025-07-01,2025-11-01,40,0.0,0.0,0.0,0.0,0.0
5761,362-26,dead_stock,dead_stock,2025-08-01,2025-09-01,1,0.0,0.0,0.0,0.0,0.0
5761,362-26,dead_stock,dead_stock,2025-08-01,2025-10-01,2,0.0,0.0,0.0,0.0,0.0
5761,362-26,dead_stock,dead_stock,2025-08-01,2025-11-01,3,0.0,0.0,0.0,0.0,0.0
5761,362-26,dead_stock,dead_stock,2025-08-01,2025-12-01,4,0.0,0.0,0.0,0.0,0.0
5761,362-26,dead_stock,dead_stock,2025-08-01,2025-12-01,40,0.0,0.0,0.0,0.0,0.0
5761,362-26,dead_stock,dead_stock,2025-09-01,2025-10-01,1,0.0,0.0,0.0,0.0,0.0
5761,362-26,dead_stock,dead_stock,2025-09-01,2025-11-01,2,0.0,0.0,0.0,0.0,0.0
5761,362-26,dead_stock,dead_stock,2025-09-01,2025-12-01,3,0.0,0.0,0.0,0.0,0.0
5761,362-26,dead_stock,dead_stock,2025-09-01,2026-01-01,4,0.0,0.0,0.0,0.0,0.0
5761,362-26,dead_stock,dead_stock,2025-09-01,2026-01-01,40,0.0,0.0,0.0,0.0,0.0
5761,362-26,dead_stock,dead_stock,2025-10-01,2025-11-01,1,0.0,0.0,0.0,0.0,0.0
5761,362-26,dead_stock,dead_stock,2025-10-01,2025-12-01,2,0.0,0.0,0.0,0.0,0.0
5761,362-26,dead_stock,dead_stock,2025-10-01,2026-01-01,3,0.0,0.0,0.0,0.0,0.0
5761,362-26,dead_stock,dead_stock,2025-10-01,2026-02-01,4,0.0,0.0,0.0,0.0,0.0
5761,362-26,dead_stock,dead_stock,2025-10-01,2026-02-01,40,0.0,0.0,0.0,0.0,0.0
5761,362-26,dead_stock,dead_stock,2025-11-01,2025-12-01,1,0.0,0.0,0.0,0.0,0.0
5761,362-26,dead_stock,dead_stock,2025-11-01,2026-01-01,2,0.0,0.0,0.0,0.0,0.0
5761,362-26,dead_stock,dead_stock,2025-11-01,2026-02-01,3,0.0,0.0,0.0,0.0,0.0
5761,362-26,dead_stock,dead_stock,2025-11-01,2026-03-01,4,0.0,0.0,0.0,0.0,0.0
5761,362-26,dead_stock,dead_stock,2025-11-01,2026-03-01,40,0.0,0.0,0.0,0.0,0.0
5761,362-26,dead_stock,dead_stock,2025-12-01,2026-01-01,1,0.0,0.0,0.0,0.0,0.0
5761,362-26,dead_stock,dead_stock,2025-12-01,2026-02-01,2,0.0,0.0,0.0,0.0,0.0
5761,362-26,dead_stock,dead_stock,2025-12-01,2026-03-01,3,0.0,0.0,0.0,0.0,0.0
5761,362-26,dead_stock,dead_stock,2025-12-01,2026-04-01,4,0.0,0.0,0.0,0.0,0.0
5761,362-26,dead_stock,dead_stock,2025-12-01,2026-04-01,40,0.0,0.0,0.0,0.0,0.0
5761,362-26,dead_stock,dead_stock,2026-01-01,2026-02-01,1,0.0,0.0,0.0,0.0,0.0
5761,362-26,dead_stock,dead_stock,2026-01-01,2026-03-01,2,0.0,0.0,0.0,0.0,0.0
5761,362-26,dead_stock,dead_stock,2026-01-01,2026-04-01,3,0.0,0.0,0.0,0.0,0.0
5761,362-26,dead_stock,dead_stock,2026-01-01,2026-05-01,4,0.0,0.0,0.0,0.0,0.0
5761,362-26,dead_stock,dead_stock,2026-01-01,2026-05-01,40,0.0,0.0,0.0,0.0,0.0
5761,362-26,dead_stock,dead_stock,2026-02-01,2026-03-01,1,0.0,0.0,0.0,0.0,0.0
5761,362-26,dead_stock,dead_stock,2026-02-01,2026-04-01,2,0.0,0.0,0.0,0.0,0.0
5761,362-26,dead_stock,dead_stock,2026-02-01,2026-05-01,3,0.0,0.0,0.0,0.0,0.0
5761,362-26,dead_stock,dead_stock,2026-02-01,2026-06-01,4,0.0,0.0,0.0,0.0,0.0
5761,362-26,dead_stock,dead_stock,2026-02-01,2026-06-01,40,0.0,0.0,0.0,0.0,0.0
5761,362-26,dead_stock,dead_stock,2026-03-01,2026-04-01,1,0.0,0.0,0.0,0.0,0.0
5761,362-26,dead_stock,dead_stock,2026-03-01,2026-05-01,2,0.0,0.0,0.0,0.0,0.0
5761,362-26,dead_stock,dead_stock,2026-03-01,2026-06-01,3,0.0,0.0,0.0,0.0,0.0
5761,362-26,dead_stock,dead_stock,2026-03-01,2026-07-01,4,0.0,0.0,0.0,0.0,0.0
5761,362-26,dead_stock,dead_stock,2026-03-01,2026-07-01,40,0.0,0.0,0.0,0.0,0.0
5761,362-26,dead_stock,dead_stock,2026-04-01,2026-05-01,1,0.0,0.0,0.0,0.0,0.0
5761,362-26,dead_stock,dead_stock,2026-04-01,2026-06-01,2,0.0,0.0,0.0,0.0,0.0
5761,362-26,dead_stock,dead_stock,2026-04-01,2026-07-01,3,0.0,0.0,0.0,0.0,0.0
5761,362-26,dead_stock,dead_stock,2026-04-01,2026-08-01,4,0.0,0.0,0.0,0.0,0.0
5761,362-26,dead_stock,dead_stock,2026-04-01,2026-08-01,40,0.0,0.0,0.0,0.0,0.0
5761,362-26,dead_stock,dead_stock,2026-05-01,2026-06-01,1,0.0,0.0,0.0,0.0,0.0
5761,362-26,dead_stock,dead_stock,2026-05-01,2026-07-01,2,0.0,0.0,0.0,0.0,0.0
5761,362-26,dead_stock,dead_stock,2026-05-01,2026-08-01,3,0.0,0.0,0.0,0.0,0.0
5761,362-26,dead_stock,dead_stock,2026-05-01,2026-09-01,4,0.0,0.0,0.0,0.0,0.0
5761,362-26,dead_stock,dead_stock,2026-05-01,2026-09-01,40,0.0,0.0,0.0,0.0,0.0
5761,362-26,dead_stock,dead_stock,2026-06-01,2026-07-01,1,0.0,0.0,0.0,0.0,0.0
5761,362-26,dead_stock,dead_stock,2026-06-01,2026-08-01,2,0.0,0.0,0.0,0.0,0.0
5761,362-26,dead_stock,dead_stock,2026-06-01,2026-09-01,3,0.0,0.0,0.0,0.0,0.0
5761,362-26,dead_stock,dead_stock,2026-07-01,2026-08-01,1,0.0,0.0,0.0,0.0,0.0
5761,362-26,dead_stock,dead_stock,2026-07-01,2026-09-01,2,0.0,0.0,0.0,0.0,0.0
5761,362-26,dead_stock,dead_stock,2026-08-01,2026-09-01,1,0.0,0.0,0.0,0.0,0.0
1552,201-11 CC,fast_moving,falling,2023-11-01,2023-12-01,1,353.0,35.5,-317.5,317.5,317.5
1552,201-11 CC,fast_moving,falling,2023-11-01,2024-01-01,2,151.0,41.0,-110.0,110.0,110.0
1552,201-11 CC,fast_moving,falling,2023-11-01,2024-02-01,3,68.5,38.25,-30.25,30.25,30.25
1552,201-11 CC,fast_moving,falling,2023-11-01,2024-03-01,4,85.5,36.875,-48.625,48.625,48.625
1552,201-11 CC,fast_moving,falling,2023-11-01,2024-03-01,40,658.0,151.625,-506.375,506.375,506.375
1552,201-11 CC,fast_moving,falling,2023-12-01,2024-01-01,1,151.0,91.0,-60.0,60.0,60.0
1552,201-11 CC,fast_moving,falling,2023-12-01,2024-02-01,2,68.5,68.75,0.25,0.25,0.0
1552,201-11 CC,fast_moving,falling,2023-12-01,2024-03-01,3,85.5,79.875,-5.625,5.625,5.625
1552,201-11 CC,fast_moving,falling,2023-12-01,2024-04-01,4,90.0,74.3125,-15.6875,15.6875,15.6875
1552,201-11 CC,fast_moving,falling,2023-12-01,2024-04-01,40,395.0,313.9375,-81.0625,81.0625,81.0625
1552,201-11 CC,fast_moving,falling,2024-01-01,2024-02-01,1,68.5,98.75,30.25,30.25,0.0
1552,201-11 CC,fast_moving,falling,2024-01-01,2024-03-01,2,85.5,124.875,39.375,39.375,0.0
1552,201-11 CC,fast_moving,falling,2024-01-01,2024-04-01,3,90.0,111.8125,21.8125,21.8125,0.0
1552,201-11 CC,fast_moving,falling,2024-01-01,2024-05-01,4,59.5,105.28125,45.78125,45.78125,0.0
1552,201-11 CC,fast_moving,falling,2024-01-01,2024-05-01,40,303.5,440.71875,137.21875,137.21875,0.0
1552,201-11 CC,fast_moving,falling,2024-02-01,2024-03-01,1,85.5,109.75,24.25,24.25,0.0
1552,201-11 CC,fast_moving,falling,2024-02-01,2024-04-01,2,90.0,89.125,-0.875,0.875,0.875
1552,201-11 CC,fast_moving,falling,2024-02-01,2024-05-01,3,59.5,78.8125,19.3125,19.3125,0.0
1552,201-11 CC,fast_moving,falling,2024-02-01,2024-06-01,4,31.0,83.96875,52.96875,52.96875,0.0
1552,201-11 CC,fast_moving,falling,2024-02-01,2024-06-01,40,266.0,361.65625,95.65625,95.65625,0.0
1552,201-11 CC,fast_moving,falling,2024-03-01,2024-04-01,1,90.0,77.0,-13.0,13.0,13.0
1552,201-11 CC,fast_moving,falling,2024-03-01,2024-05-01,2,59.5,72.75,13.25,13.25,0.0
1552,201-11 CC,fast_moving,falling,2024-03-01,2024-06-01,3,31.0,74.875,43.875,43.875,0.0
1552,201-11 CC,fast_moving,falling,2024-03-01,2024-07-01,4,1091.5,73.8125,-1017.6875,1017.6875,1017.6875
1552,201-11 CC,fast_moving,falling,2024-03-01,2024-07-01,40,1272.0,298.4375,-973.5625,973.5625,973.5625
1552,201-11 CC,fast_moving,falling,2024-04-01,2024-05-01,1,59.5,77.0,17.5,17.5,0.0
1552,201-11 CC,fast_moving,falling,2024-04-01,2024-06-01,2,31.0,81.25,50.25,50.25,0.0
1552,201-11 CC,fast_moving,falling,2024-04-01,2024-07-01,3,1091.5,79.125,-1012.375,1012.375,1012.375
1552,201-11 CC,fast_moving,falling,2024-04-01,2024-08-01,4,419.0,78.0625,-340.9375,340.9375,340.9375
1552,201-11 CC,fast_moving,falling,2024-04-01,2024-08-01,40,1601.0,315.4375,-1285.5625,1285.5625,1285.5625
1552,201-11 CC,fast_moving,falling,2024-05-01,2024-06-01,1,31.0,72.5,41.5,41.5,0.0
1552,201-11 CC,fast_moving,falling,2024-05-01,2024-07-01,2,1091.5,66.0,-1025.5,1025.5,1025.5
1552,201-11 CC,fast_moving,falling,2024-05-01,2024-08-01,3,419.0,62.75,-356.25,356.25,356.25
1552,201-11 CC,fast_moving,falling,2024-05-01,2024-09-01,4,8.5,64.375,55.875,55.875,0.0
1552,201-11 CC,fast_moving,falling,2024-05-01,2024-09-01,40,1550.0,265.625,-1284.375,1284.375,1284.375
1552,201-11 CC,fast_moving,falling,2024-06-01,2024-07-01,1,1091.5,45.25,-1046.25,1046.25,1046.25
1552,201-11 CC,fast_moving,falling,2024-06-01,2024-08-01,2,419.0,38.125,-380.875,380.875,380.875
1552,201-11 CC,fast_moving,falling,2024-06-01,2024-09-01,3,8.5,34.5625,26.0625,26.0625,0.0
1552,201-11 CC,fast_moving,falling,2024-06-01,2024-10-01,4,16.0,36.34375,20.34375,20.34375,0.0
1552,201-11 CC,fast_moving,falling,2024-06-01,2024-10-01,40,1535.0,154.28125,-1380.71875,1380.71875,1380.71875
1552,201-11 CC,fast_moving,falling,2024-07-01,2024-08-01,1,419.0,45.25,-373.75,373.75,373.75
1552,201-11 CC,fast_moving,falling,2024-07-01,2024-09-01,2,8.5,38.125,29.625,29.625,0.0
1552,201-11 CC,fast_moving,falling,2024-07-01,2024-10-01,3,16.0,41.6875,25.6875,25.6875,0.0
1552,201-11 CC,fast_moving,falling,2024-07-01,2024-11-01,4,31.5,39.90625,8.40625,8.40625,0.0
1552,201-11 CC,fast_moving,falling,2024-07-01,2024-11-01,40,475.0,164.96875,-310.03125,310.03125,310.03125
1552,201-11 CC,fast_moving,falling,2024-08-01,2024-09-01,1,8.5,225.0,216.5,216.5,0.0
1552,201-11 CC,fast_moving,falling,2024-08-01,2024-10-01,2,16.0,322.0,306.0,306.0,0.0
1552,201-11 CC,fast_moving,falling,2024-08-01,2024-11-01,3,31.5,273.5,242.0,242.0,0.0
1552,201-11 CC,fast_moving,falling,2024-08-01,2024-12-01,4,4.0,249.25,245.25,245.25,0.0
1552,201-11 CC,fast_moving,falling,2024-08-01,2024-12-01,40,60.0,1069.75,1009.75,1009.75,0.0
1552,201-11 CC,fast_moving,falling,2024-09-01,2024-10-01,1,16.0,213.75,197.75,197.75,0.0
1552,201-11 CC,fast_moving,falling,2024-09-01,2024-11-01,2,31.5,111.125,79.625,79.625,0.0
1552,201-11 CC,fast_moving,falling,2024-09-01,2024-12-01,3,4.0,59.8125,55.8125,55.8125,0.0
1552,201-11 CC,fast_moving,falling,2024-09-01,2025-01-01,4,0.0,85.46875,85.46875,85.46875,0.0
1552,201-11 CC,fast_moving,falling,2024-09-01,2025-01-01,40,51.5,470.15625,418.65625,418.65625,0.0
1552,201-11 CC,fast_moving,falling,2024-10-01,2024-11-01,1,31.5,12.25,-19.25,19.25,19.25
1552,201-11 CC,fast_moving,falling,2024-10-01,2024-12-01,2,4.0,10.375,6.375,6.375,0.0
1552,201-11 CC,fast_moving,falling,2024-10-01,2025-01-01,3,0.0,11.3125,11.3125,11.3125,0.0
1552,201-11 CC,fast_moving,falling,2024-10-01,2025-02-01,4,0.0,10.84375,10.84375,10.84375,0.0
1552,201-11 CC,fast_moving,falling,2024-10-01,2025-02-01,40,35.5,44.78125,9.28125,9.28125,0.0
1552,201-11 CC,fast_moving,falling,2024-11-01,2024-12-01,1,4.0,12.25,8.25,8.25,0.0
1552,201-11 CC,fast_moving,falling,2024-11-01,2025-01-01,2,0.0,14.125,14.125,14.125,0.0
1552,201-11 CC,fast_moving,falling,2024-11-01,2025-02-01,3,0.0,13.1875,13.1875,13.1875,0.0
1552,201-11 CC,fast_moving,falling,2024-11-01,2025-03-01,4,103.0,12.71875,-90.28125,90.28125,90.28125
1552,201-11 CC,fast_moving,falling,2024-11-01,2025-03-01,40,107.0,52.28125,-54.71875,54.71875,54.71875
1552,201-11 CC,fast_moving,falling,2024-12-01,2025-01-01,1,0.0,10.0,10.0,10.0,0.0
1552,201-11 CC,fast_moving,falling,2024-12-01,2025-02-01,2,0.0,7.0,7.0,7.0,0.0
1552,201-11 CC,fast_moving,falling,2024-12-01,2025-03-01,3,103.0,5.5,-97.5,97.5,97.5
1552,201-11 CC,fast_moving,falling,2024-12-01,2025-04-01,4,2.0,6.25,4.25,4.25,0.0
1552,201-11 CC,fast_moving,falling,2024-12-01,2025-04-01,40,105.0,28.75,-76.25,76.25,76.25
1552,201-11 CC,fast_moving,falling,2025-01-01,2025-02-01,1,0.0,2.0,2.0,2.0,0.0
1552,201-11 CC,fast_moving,falling,2025-01-01,2025-03-01,2,103.0,1.0,-102.0,102.0,102.0
1552,201-11 CC,fast_moving,falling,2025-01-01,2025-04-01,3,2.0,0.5,-1.5,1.5,1.5
1552,201-11 CC,fast_moving,falling,2025-01-01,2025-05-01,4,25.5,0.75,-24.75,24.75,24.75
1552,201-11 CC,fast_moving,falling,2025-01-01,2025-05-01,40,130.5,4.25,-126.25,126.25,126.25
1552,201-11 CC,falling,falling,2025-02-01,2025-03-01,1,103.0,0.0,-103.0,103.0,103.0
1552,201-11 CC,falling,falling,2025-02-01,2025-04-01,2,2.0,0.0,-2.0,2.0,2.0
1552,201-11 CC,falling,falling,2025-02-01,2025-05-01,3,25.5,0.0,-25.5,25.5,25.5
1552,201-11 CC,falling,falling,2025-02-01,2025-06-01,4,135.5,0.0,-135.5,135.5,135.5
1552,201-11 CC,falling,falling,2025-02-01,2025-06-01,40,266.0,0.0,-266.0,266.0,266.0
1552,201-11 CC,falling,falling,2025-03-01,2025-04-01,1,2.0,0.0,-2.0,2.0,2.0
1552,201-11 CC,falling,falling,2025-03-01,2025-05-01,2,25.5,0.0,-25.5,25.5,25.5
1552,201-11 CC,falling,falling,2025-03-01,2025-06-01,3,135.5,0.0,-135.5,135.5,135.5
1552,201-11 CC,falling,falling,2025-03-01,2025-07-01,4,38.5,0.0,-38.5,38.5,38.5
1552,201-11 CC,falling,falling,2025-03-01,2025-07-01,40,201.5,0.0,-201.5,201.5,201.5
1552,201-11 CC,falling,falling,2025-04-01,2025-05-01,1,25.5,1.0,-24.5,24.5,24.5
1552,201-11 CC,falling,falling,2025-04-01,2025-06-01,2,135.5,1.5,-134.0,134.0,134.0
1552,201-11 CC,falling,falling,2025-04-01,2025-07-01,3,38.5,1.25,-37.25,37.25,37.25
1552,201-11 CC,falling,falling,2025-04-01,2025-08-01,4,254.0,1.125,-252.875,252.875,252.875
1552,201-11 CC,falling,falling,2025-04-01,2025-08-01,40,453.5,4.875,-448.625,448.625,448.625
1552,201-11 CC,falling,falling,2025-05-01,2025-06-01,1,135.5,13.75,-121.75,121.75,121.75
1552,201-11 CC,falling,falling,2025-05-01,2025-07-01,2,38.5,7.875,-30.625,30.625,30.625
1552,201-11 CC,falling,falling,2025-05-01,2025-08-01,3,254.0,10.8125,-243.1875,243.1875,243.1875
1552,201-11 CC,falling,falling,2025-05-01,2025-09-01,4,307.0,9.34375,-297.65625,297.65625,297.65625
1552,201-11 CC,falling,falling,2025-05-01,2025-09-01,40,735.0,41.78125,-693.21875,693.21875,693.21875
1552,201-11 CC,fast_moving,falling,2025-06-01,2025-07-01,1,38.5,13.75,-24.75,24.75,24.75
1552,201-11 CC,fast_moving,falling,2025-06-01,2025-08-01,2,254.0,19.625,-234.375,234.375,234.375
1552,201-11 CC,fast_moving,falling,2025-06-01,2025-09-01,3,307.0,16.6875,-290.3125,290.3125,290.3125
1552,201-11 CC,fast_moving,falling,2025-06-01,2025-10-01,4,165.0,15.21875,-149.78125,149.78125,149.78125
1552,201-11 CC,fast_moving,falling,2025-06-01,2025-10-01,40,764.5,65.28125,-699.21875,699.21875,699.21875
1552,201-11 CC,fast_moving,falling,2025-07-01,2025-08-01,1,254.0,32.0,-222.0,222.0,222.0
1552,201-11 CC,fast_moving,falling,2025-07-01,2025-09-01,2,307.0,35.25,-271.75,271.75,271.75
1552,201-11 CC,fast_moving,falling,2025-07-01,2025-10-01,3,165.0,33.625,-131.375,131.375,131.375
1552,201-11 CC,fast_moving,falling,2025-07-01,2025-11-01,4,77.0,32.8125,-44.1875,44.1875,44.1875
1552,201-11 CC,fast_moving,falling,2025-07-01,2025-11-01,40,803.0,133.6875,-669.3125,669.3125,669.3125
1552,201-11 CC,fast_moving,falling,2025-08-01,2025-09-01,1,307.0,87.0,-220.0,220.0,220.0
1552,201-11 CC,fast_moving,falling,2025-08-01,2025-10-01,2,165.0,62.75,-102.25,102.25,102.25
1552,201-11 CC,fast_moving,falling,2025-08-01,2025-11-01,3,77.0,74.875,-2.125,2.125,2.125
1552,201-11 CC,fast_moving,falling,2025-08-01,2025-12-01,4,61.5,68.8125,7.3125,7.3125,0.0
1552,201-11 CC,fast_moving,falling,2025-08-01,2025-12-01,40,610.5,293.4375,-317.0625,317.0625,317.0625
1552,201-11 CC,fast_moving,falling,2025-09-01,2025-10-01,1,165.0,146.25,-18.75,18.75,18.75
1552,201-11 CC,fast_moving,falling,2025-09-01,2025-11-01,2,77.0,200.125,123.125,123.125,0.0
1552,201-11 CC,fast_moving,falling,2025-09-01,2025-12-01,3,61.5,173.1875,111.6875,111.6875,0.0
1552,201-11 CC,fast_moving,falling,2025-09-01,2026-01-01,4,62.0,159.71875,97.71875,97.71875,0.0
1552,201-11 CC,fast_moving,falling,2025-09-01,2026-01-01,40,365.5,679.28125,313.78125,313.78125,0.0
1552,201-11 CC,fast_moving,falling,2025-10-01,2025-11-01,1,77.0,209.5,132.5,132.5,0.0
1552,201-11 CC,fast_moving,falling,2025-10-01,2025-12-01,2,61.5,187.25,125.75,125.75,0.0
1552,201-11 CC,fast_moving,falling,2025-10-01,2026-01-01,3,62.0,176.125,114.125,114.125,0.0
1552,201-11 CC,fast_moving,falling,2025-10-01,2026-02-01,4,104.5,181.6875,77.1875,77.1875,0.0
1552,201-11 CC,fast_moving,falling,2025-10-01,2026-02-01,40,305.0,754.5625,449.5625,449.5625,0.0
1552,201-11 CC,fast_moving,falling,2025-11-01,2025-12-01,1,61.5,121.0,59.5,59.5,0.0
1552,201-11 CC,fast_moving,falling,2025-11-01,2026-01-01,2,62.0,99.0,37.0,37.0,0.0
1552,201-11 CC,fast_moving,falling,2025-11-01,2026-02-01,3,104.5,88.0,-16.5,16.5,16.5
1552,201-11 CC,fast_moving,falling,2025-11-01,2026-03-01,4,5.0,93.5,88.5,88.5,0.0
1552,201-11 CC,fast_moving,falling,2025-11-01,2026-03-01,40,233.0,401.5,168.5,168.5,0.0
1552,201-11 CC,fast_moving,falling,2025-12-01,2026-01-01,1,62.0,69.25,7.25,7.25,0.0
1552,201-11 CC,fast_moving,falling,2025-12-01,2026-02-01,2,104.5,65.375,-39.125,39.125,39.125
1552,201-11 CC,fast_moving,falling,2025-12-01,2026-03-01,3,5.0,63.4375,58.4375,58.4375,0.0
1552,201-11 CC,fast_moving,falling,2025-12-01,2026-04-01,4,33.0,64.40625,31.40625,31.40625,0.0
1552,201-11 CC,fast_moving,falling,2025-12-01,2026-04-01,40,204.5,262.46875,57.96875,57.96875,0.0
1552,201-11 CC,fast_moving,falling,2026-01-01,2026-02-01,1,104.5,61.75,-42.75,42.75,42.75
1552,201-11 CC,fast_moving,falling,2026-01-01,2026-03-01,2,5.0,61.625,56.625,56.625,0.0
1552,201-11 CC,fast_moving,falling,2026-01-01,2026-04-01,3,33.0,61.6875,28.6875,28.6875,0.0
1552,201-11 CC,fast_moving,falling,2026-01-01,2026-05-01,4,0.0,61.65625,61.65625,61.65625,0.0
1552,201-11 CC,fast_moving,falling,2026-01-01,2026-05-01,40,142.5,246.71875,104.21875,104.21875,0.0
1552,201-11 CC,fast_moving,falling,2026-02-01,2026-03-01,1,5.0,61.75,56.75,56.75,0.0
1552,201-11 CC,fast_moving,falling,2026-02-01,2026-04-01,2,33.0,61.875,28.875,28.875,0.0
1552,201-11 CC,fast_moving,falling,2026-02-01,2026-05-01,3,0.0,61.8125,61.8125,61.8125,0.0
1552,201-11 CC,fast_moving,falling,2026-02-01,2026-06-01,4,0.0,61.78125,61.78125,61.78125,0.0
1552,201-11 CC,fast_moving,falling,2026-02-01,2026-06-01,40,38.0,247.21875,209.21875,209.21875,0.0
1552,201-11 CC,fast_moving,falling,2026-03-01,2026-04-01,1,33.0,33.5,0.5,0.5,0.0
1552,201-11 CC,fast_moving,falling,2026-03-01,2026-05-01,2,0.0,19.25,19.25,19.25,0.0
1552,201-11 CC,fast_moving,falling,2026-03-01,2026-06-01,3,0.0,12.125,12.125,12.125,0.0
1552,201-11 CC,fast_moving,falling,2026-03-01,2026-07-01,4,56.5,15.6875,-40.8125,40.8125,40.8125
1552,201-11 CC,fast_moving,falling,2026-03-01,2026-07-01,40,89.5,80.5625,-8.9375,8.9375,8.9375
1552,201-11 CC,fast_moving,falling,2026-04-01,2026-05-01,1,0.0,19.0,19.0,19.0,0.0
1552,201-11 CC,fast_moving,falling,2026-04-01,2026-06-01,2,0.0,12.0,12.0,12.0,0.0
1552,201-11 CC,fast_moving,falling,2026-04-01,2026-07-01,3,56.5,15.5,-41.0,41.0,41.0
1552,201-11 CC,fast_moving,falling,2026-04-01,2026-08-01,4,32.0,13.75,-18.25,18.25,18.25
1552,201-11 CC,fast_moving,falling,2026-04-01,2026-08-01,40,88.5,60.25,-28.25,28.25,28.25
1552,201-11 CC,fast_moving,falling,2026-05-01,2026-06-01,1,0.0,2.5,2.5,2.5,0.0
1552,201-11 CC,fast_moving,falling,2026-05-01,2026-07-01,2,56.5,1.25,-55.25,55.25,55.25
1552,201-11 CC,fast_moving,falling,2026-05-01,2026-08-01,3,32.0,0.625,-31.375,31.375,31.375
1552,201-11 CC,fast_moving,falling,2026-05-01,2026-09-01,4,88.0,0.9375,-87.0625,87.0625,87.0625
1552,201-11 CC,fast_moving,falling,2026-05-01,2026-09-01,40,176.5,5.3125,-171.1875,171.1875,171.1875
1552,201-11 CC,falling,falling,2026-06-01,2026-07-01,1,56.5,0.0,-56.5,56.5,56.5
1552,201-11 CC,falling,falling,2026-06-01,2026-08-01,2,32.0,0.0,-32.0,32.0,32.0
1552,201-11 CC,falling,falling,2026-06-01,2026-09-01,3,88.0,0.0,-88.0,88.0,88.0
1552,201-11 CC,falling,falling,2026-07-01,2026-08-01,1,32.0,0.0,-32.0,32.0,32.0
1552,201-11 CC,falling,falling,2026-07-01,2026-09-01,2,88.0,0.0,-88.0,88.0,88.0
1552,201-11 CC,falling,falling,2026-08-01,2026-09-01,1,88.0,16.0,-72.0,72.0,72.0
6127,367-13,stable/normal,dead_stock,2023-11-01,2023-12-01,1,0.0,20.5,20.5,20.5,0.0
6127,367-13,stable/normal,dead_stock,2023-11-01,2024-01-01,2,13.5,10.25,-3.25,3.25,3.25
6127,367-13,stable/normal,dead_stock,2023-11-01,2024-02-01,3,8.0,15.375,7.375,7.375,0.0
6127,367-13,stable/normal,dead_stock,2023-11-01,2024-03-01,4,2.0,12.8125,10.8125,10.8125,0.0
6127,367-13,stable/normal,dead_stock,2023-11-01,2024-03-01,40,23.5,58.9375,35.4375,35.4375,0.0
6127,367-13,falling,dead_stock,2023-12-01,2024-01-01,1,13.5,0.0,-13.5,13.5,13.5
6127,367-13,falling,dead_stock,2023-12-01,2024-02-01,2,8.0,0.0,-8.0,8.0,8.0
6127,367-13,falling,dead_stock,2023-12-01,2024-03-01,3,2.0,0.0,-2.0,2.0,2.0
6127,367-13,falling,dead_stock,2023-12-01,2024-04-01,4,19.5,0.0,-19.5,19.5,19.5
6127,367-13,falling,dead_stock,2023-12-01,2024-04-01,40,43.0,0.0,-43.0,43.0,43.0
6127,367-13,falling,dead_stock,2024-01-01,2024-02-01,1,8.0,6.75,-1.25,1.25,1.25
6127,367-13,falling,dead_stock,2024-01-01,2024-03-01,2,2.0,3.375,1.375,1.375,0.0
6127,367-13,falling,dead_stock,2024-01-01,2024-04-01,3,19.5,5.0625,-14.4375,14.4375,14.4375
6127,367-13,falling,dead_stock,2024-01-01,2024-05-01,4,0.0,4.21875,4.21875,4.21875,0.0
6127,367-13,falling,dead_stock,2024-01-01,2024-05-01,40,29.5,19.40625,-10.09375,10.09375,10.09375
6127,367-13,falling,dead_stock,2024-02-01,2024-03-01,1,2.0,4.0,2.0,2.0,0.0
6127,367-13,falling,dead_stock,2024-02-01,2024-04-01,2,19.5,6.0,-13.5,13.5,13.5
6127,367-13,falling,dead_stock,2024-02-01,2024-05-01,3,0.0,5.0,5.0,5.0,0.0
6127,367-13,falling,dead_stock,2024-02-01,2024-06-01,4,30.0,4.5,-25.5,25.5,25.5
6127,367-13,falling,dead_stock,2024-02-01,2024-06-01,40,51.5,19.5,-32.0,32.0,32.0
6127,367-13,falling,dead_stock,2024-03-01,2024-04-01,1,19.5,5.0,-14.5,14.5,14.5
6127,367-13,falling,dead_stock,2024-03-01,2024-05-01,2,0.0,3.5,3.5,3.5,0.0
6127,367-13,falling,dead_stock,2024-03-01,2024-06-01,3,30.0,2.75,-27.25,27.25,27.25
6127,367-13,falling,dead_stock,2024-03-01,2024-07-01,4,0.0,3.125,3.125,3.125,0.0
6127,367-13,falling,dead_stock,2024-03-01,2024-07-01,40,49.5,14.375,-35.125,35.125,35.125
6127,367-13,falling,dead_stock,2024-04-01,2024-05-01,1,0.0,5.0,5.0,5.0,0.0
6127,367-13,falling,dead_stock,2024-04-01,2024-06-01,2,30.0,3.5,-26.5,26.5,26.5
6127,367-13,falling,dead_stock,2024-04-01,2024-07-01,3,0.0,4.25,4.25,4.25,0.0
6127,367-13,falling,dead_stock,2024-04-01,2024-08-01,4,0.0,3.875,3.875,3.875,0.0
6127,367-13,falling,dead_stock,2024-04-01,2024-08-01,40,30.0,16.625,-13.375,13.375,13.375
6127,367-13,falling,dead_stock,2024-05-01,2024-06-01,1,30.0,1.0,-29.0,29.0,29.0
6127,367-13,falling,dead_stock,2024-05-01,2024-07-01,2,0.0,0.5,0.5,0.5,0.0
6127,367-13,falling,dead_stock,2024-05-01,2024-08-01,3,0.0,0.25,0.25,0.25,0.0
6127,367-13,falling,dead_stock,2024-05-01,2024-09-01,4,0.0,0.375,0.375,0.375,0.0
6127,367-13,falling,dead_stock,2024-05-01,2024-09-01,40,30.0,2.125,-27.875,27.875,27.875
6127,367-13,falling,dead_stock,2024-06-01,2024-07-01,1,0.0,9.75,9.75,9.75,0.0
6127,367-13,falling,dead_stock,2024-06-01,2024-08-01,2,0.0,4.875,4.875,4.875,0.0
6127,367-13,falling,dead_stock,2024-06-01,2024-09-01,3,0.0,7.3125,7.3125,7.3125,0.0
6127,367-13,falling,dead_stock,2024-06-01,2024-10-01,4,0.0,6.09375,6.09375,6.09375,0.0
6127,367-13,falling,dead_stock,2024-06-01,2024-10-01,40,0.0,28.03125,28.03125,28.03125,0.0
6127,367-13,falling,dead_stock,2024-07-01,2024-08-01,1,0.0,0.0,0.0,0.0,0.0
6127,367-13,falling,dead_stock,2024-07-01,2024-09-01,2,0.0,0.0,0.0,0.0,0.0
6127,367-13,falling,dead_stock,2024-07-01,2024-10-01,3,0.0,0.0,0.0,0.0,0.0
6127,367-13,falling,dead_stock,2024-07-01,2024-11-01,4,0.0,0.0,0.0,0.0,0.0
6127,367-13,falling,dead_stock,2024-07-01,2024-11-01,40,0.0,0.0,0.0,0.0,0.0
6127,367-13,intermittent,dead_stock,2024-08-01,2024-09-01,1,0.0,0.0,0.0,0.0,0.0
6127,367-13,intermittent,dead_stock,2024-08-01,2024-10-01,2,0.0,0.0,0.0,0.0,0.0
6127,367-13,intermittent,dead_stock,2024-08-01,2024-11-01,3,0.0,0.0,0.0,0.0,0.0
6127,367-13,intermittent,dead_stock,2024-08-01,2024-12-01,4,23.0,0.0,-23.0,23.0,23.0
6127,367-13,intermittent,dead_stock,2024-08-01,2024-12-01,40,23.0,0.0,-23.0,23.0,23.0
6127,367-13,intermittent,dead_stock,2024-09-01,2024-10-01,1,0.0,0.0,0.0,0.0,0.0
6127,367-13,intermittent,dead_stock,2024-09-01,2024-11-01,2,0.0,0.0,0.0,0.0,0.0
6127,367-13,intermittent,dead_stock,2024-09-01,2024-12-01,3,23.0,0.0,-23.0,23.0,23.0
6127,367-13,intermittent,dead_stock,2024-09-01,2025-01-01,4,12.0,0.0,-12.0,12.0,12.0
6127,367-13,intermittent,dead_stock,2024-09-01,2025-01-01,40,35.0,0.0,-35.0,35.0,35.0
6127,367-13,intermittent,dead_stock,2024-10-01,2024-11-01,1,0.0,0.0,0.0,0.0,0.0
6127,367-13,intermittent,dead_stock,2024-10-01,2024-12-01,2,23.0,0.0,-23.0,23.0,23.0
6127,367-13,intermittent,dead_stock,2024-10-01,2025-01-01,3,12.0,0.0,-12.0,12.0,12.0
6127,367-13,intermittent,dead_stock,2024-10-01,2025-02-01,4,7.0,0.0,-7.0,7.0,7.0
6127,367-13,intermittent,dead_stock,2024-10-01,2025-02-01,40,42.0,0.0,-42.0,42.0,42.0
6127,367-13,intermittent,dead_stock,2024-11-01,2024-12-01,1,23.0,0.0,-23.0,23.0,23.0
6127,367-13,intermittent,dead_stock,2024-11-01,2025-01-01,2,12.0,0.0,-12.0,12.0,12.0
6127,367-13,intermittent,dead_stock,2024-11-01,2025-02-01,3,7.0,0.0,-7.0,7.0,7.0
6127,367-13,intermittent,dead_stock,2024-11-01,2025-03-01,4,66.5,0.0,-66.5,66.5,66.5
6127,367-13,intermittent,dead_stock,2024-11-01,2025-03-01,40,108.5,0.0,-108.5,108.5,108.5
6127,367-13,intermittent,dead_stock,2024-12-01,2025-01-01,1,12.0,0.0,-12.0,12.0,12.0
6127,367-13,intermittent,dead_stock,2024-12-01,2025-02-01,2,7.0,0.0,-7.0,7.0,7.0
6127,367-13,intermittent,dead_stock,2024-12-01,2025-03-01,3,66.5,0.0,-66.5,66.5,66.5
6127,367-13,intermittent,dead_stock,2024-12-01,2025-04-01,4,0.0,0.0,0.0,0.0,0.0
6127,367-13,intermittent,dead_stock,2024-12-01,2025-04-01,40,85.5,0.0,-85.5,85.5,85.5
6127,367-13,intermittent,dead_stock,2025-01-01,2025-02-01,1,7.0,6.0,-1.0,1.0,1.0
6127,367-13,intermittent,dead_stock,2025-01-01,2025-03-01,2,66.5,9.0,-57.5,57.5,57.5
6127,367-13,intermittent,dead_stock,2025-01-01,2025-04-01,3,0.0,7.5,7.5,7.5,0.0
6127,367-13,intermittent,dead_stock,2025-01-01,2025-05-01,4,0.0,6.75,6.75,6.75,0.0
6127,367-13,intermittent,dead_stock,2025-01-01,2025-05-01,40,73.5,29.25,-44.25,44.25,44.25
6127,367-13,intermittent,dead_stock,2025-02-01,2025-03-01,1,66.5,9.5,-57.0,57.0,57.0
6127,367-13,intermittent,dead_stock,2025-02-01,2025-04-01,2,0.0,8.25,8.25,8.25,0.0
6127,367-13,intermittent,dead_stock,2025-02-01,2025-05-01,3,0.0,7.625,7.625,7.625,0.0
6127,367-13,intermittent,dead_stock,2025-02-01,2025-06-01,4,0.0,7.9375,7.9375,7.9375,0.0
6127,367-13,intermittent,dead_stock,2025-02-01,2025-06-01,40,66.5,33.3125,-33.1875,33.1875,33.1875
6127,367-13,intermittent,dead_stock,2025-03-01,2025-04-01,1,0.0,9.5,9.5,9.5,0.0
6127,367-13,intermittent,dead_stock,2025-03-01,2025-05-01,2,0.0,8.25,8.25,8.25,0.0
6127,367-13,intermittent,dead_stock,2025-03-01,2025-06-01,3,0.0,8.875,8.875,8.875,0.0
6127,367-13,intermittent,dead_stock,2025-03-01,2025-07-01,4,0.0,8.5625,8.5625,8.5625,0.0
6127,367-13,intermittent,dead_stock,2025-03-01,2025-07-01,40,0.0,35.1875,35.1875,35.1875,0.0
6127,367-13,intermittent,dead_stock,2025-04-01,2025-05-01,1,0.0,3.5,3.5,3.5,0.0
6127,367-13,intermittent,dead_stock,2025-04-01,2025-06-01,2,0.0,1.75,1.75,1.75,0.0
6127,367-13,intermittent,dead_stock,2025-04-01,2025-07-01,3,0.0,0.875,0.875,0.875,0.0
6127,367-13,intermittent,dead_stock,2025-04-01,2025-08-01,4,0.0,1.3125,1.3125,1.3125,0.0
6127,367-13,intermittent,dead_stock,2025-04-01,2025-08-01,40,0.0,7.4375,7.4375,7.4375,0.0
6127,367-13,intermittent,dead_stock,2025-05-01,2025-06-01,1,0.0,0.0,0.0,0.0,0.0
6127,367-13,intermittent,dead_stock,2025-05-01,2025-07-01,2,0.0,0.0,0.0,0.0,0.0
6127,367-13,intermittent,dead_stock,2025-05-01,2025-08-01,3,0.0,0.0,0.0,0.0,0.0
6127,367-13,intermittent,dead_stock,2025-05-01,2025-09-01,4,0.0,0.0,0.0,0.0,0.0
6127,367-13,intermittent,dead_stock,2025-05-01,2025-09-01,40,0.0,0.0,0.0,0.0,0.0
6127,367-13,intermittent,dead_stock,2025-06-01,2025-07-01,1,0.0,0.0,0.0,0.0,0.0
6127,367-13,intermittent,dead_stock,2025-06-01,2025-08-01,2,0.0,0.0,0.0,0.0,0.0
6127,367-13,intermittent,dead_stock,2025-06-01,2025-09-01,3,0.0,0.0,0.0,0.0,0.0
6127,367-13,intermittent,dead_stock,2025-06-01,2025-10-01,4,0.0,0.0,0.0,0.0,0.0
6127,367-13,intermittent,dead_stock,2025-06-01,2025-10-01,40,0.0,0.0,0.0,0.0,0.0
6127,367-13,intermittent,dead_stock,2025-07-01,2025-08-01,1,0.0,0.0,0.0,0.0,0.0
6127,367-13,intermittent,dead_stock,2025-07-01,2025-09-01,2,0.0,0.0,0.0,0.0,0.0
6127,367-13,intermittent,dead_stock,2025-07-01,2025-10-01,3,0.0,0.0,0.0,0.0,0.0
6127,367-13,intermittent,dead_stock,2025-07-01,2025-11-01,4,13.0,0.0,-13.0,13.0,13.0
6127,367-13,intermittent,dead_stock,2025-07-01,2025-11-01,40,13.0,0.0,-13.0,13.0,13.0
6127,367-13,intermittent,dead_stock,2025-08-01,2025-09-01,1,0.0,0.0,0.0,0.0,0.0
6127,367-13,intermittent,dead_stock,2025-08-01,2025-10-01,2,0.0,0.0,0.0,0.0,0.0
6127,367-13,intermittent,dead_stock,2025-08-01,2025-11-01,3,13.0,0.0,-13.0,13.0,13.0
6127,367-13,intermittent,dead_stock,2025-08-01,2025-12-01,4,0.0,0.0,0.0,0.0,0.0
6127,367-13,intermittent,dead_stock,2025-08-01,2025-12-01,40,13.0,0.0,-13.0,13.0,13.0
6127,367-13,dead_stock,dead_stock,2025-09-01,2025-10-01,1,0.0,0.0,0.0,0.0,0.0
6127,367-13,dead_stock,dead_stock,2025-09-01,2025-11-01,2,13.0,0.0,-13.0,13.0,13.0
6127,367-13,dead_stock,dead_stock,2025-09-01,2025-12-01,3,0.0,0.0,0.0,0.0,0.0
6127,367-13,dead_stock,dead_stock,2025-09-01,2026-01-01,4,0.0,0.0,0.0,0.0,0.0
6127,367-13,dead_stock,dead_stock,2025-09-01,2026-01-01,40,13.0,0.0,-13.0,13.0,13.0
6127,367-13,dead_stock,dead_stock,2025-10-01,2025-11-01,1,13.0,0.0,-13.0,13.0,13.0
6127,367-13,dead_stock,dead_stock,2025-10-01,2025-12-01,2,0.0,0.0,0.0,0.0,0.0
6127,367-13,dead_stock,dead_stock,2025-10-01,2026-01-01,3,0.0,0.0,0.0,0.0,0.0
6127,367-13,dead_stock,dead_stock,2025-10-01,2026-02-01,4,0.0,0.0,0.0,0.0,0.0
6127,367-13,dead_stock,dead_stock,2025-10-01,2026-02-01,40,13.0,0.0,-13.0,13.0,13.0
6127,367-13,intermittent,dead_stock,2025-11-01,2025-12-01,1,0.0,0.0,0.0,0.0,0.0
6127,367-13,intermittent,dead_stock,2025-11-01,2026-01-01,2,0.0,0.0,0.0,0.0,0.0
6127,367-13,intermittent,dead_stock,2025-11-01,2026-02-01,3,0.0,0.0,0.0,0.0,0.0
6127,367-13,intermittent,dead_stock,2025-11-01,2026-03-01,4,0.0,0.0,0.0,0.0,0.0
6127,367-13,intermittent,dead_stock,2025-11-01,2026-03-01,40,0.0,0.0,0.0,0.0,0.0
6127,367-13,intermittent,dead_stock,2025-12-01,2026-01-01,1,0.0,0.0,0.0,0.0,0.0
6127,367-13,intermittent,dead_stock,2025-12-01,2026-02-01,2,0.0,0.0,0.0,0.0,0.0
6127,367-13,intermittent,dead_stock,2025-12-01,2026-03-01,3,0.0,0.0,0.0,0.0,0.0
6127,367-13,intermittent,dead_stock,2025-12-01,2026-04-01,4,0.0,0.0,0.0,0.0,0.0
6127,367-13,intermittent,dead_stock,2025-12-01,2026-04-01,40,0.0,0.0,0.0,0.0,0.0
6127,367-13,intermittent,dead_stock,2026-01-01,2026-02-01,1,0.0,0.0,0.0,0.0,0.0
6127,367-13,intermittent,dead_stock,2026-01-01,2026-03-01,2,0.0,0.0,0.0,0.0,0.0
6127,367-13,intermittent,dead_stock,2026-01-01,2026-04-01,3,0.0,0.0,0.0,0.0,0.0
6127,367-13,intermittent,dead_stock,2026-01-01,2026-05-01,4,0.0,0.0,0.0,0.0,0.0
6127,367-13,intermittent,dead_stock,2026-01-01,2026-05-01,40,0.0,0.0,0.0,0.0,0.0
6127,367-13,intermittent,dead_stock,2026-02-01,2026-03-01,1,0.0,0.0,0.0,0.0,0.0
6127,367-13,intermittent,dead_stock,2026-02-01,2026-04-01,2,0.0,0.0,0.0,0.0,0.0
6127,367-13,intermittent,dead_stock,2026-02-01,2026-05-01,3,0.0,0.0,0.0,0.0,0.0
6127,367-13,intermittent,dead_stock,2026-02-01,2026-06-01,4,0.0,0.0,0.0,0.0,0.0
6127,367-13,intermittent,dead_stock,2026-02-01,2026-06-01,40,0.0,0.0,0.0,0.0,0.0
6127,367-13,intermittent,dead_stock,2026-03-01,2026-04-01,1,0.0,0.0,0.0,0.0,0.0
6127,367-13,intermittent,dead_stock,2026-03-01,2026-05-01,2,0.0,0.0,0.0,0.0,0.0
6127,367-13,intermittent,dead_stock,2026-03-01,2026-06-01,3,0.0,0.0,0.0,0.0,0.0
6127,367-13,intermittent,dead_stock,2026-03-01,2026-07-01,4,0.0,0.0,0.0,0.0,0.0
6127,367-13,intermittent,dead_stock,2026-03-01,2026-07-01,40,0.0,0.0,0.0,0.0,0.0
6127,367-13,intermittent,dead_stock,2026-04-01,2026-05-01,1,0.0,0.0,0.0,0.0,0.0
6127,367-13,intermittent,dead_stock,2026-04-01,2026-06-01,2,0.0,0.0,0.0,0.0,0.0
6127,367-13,intermittent,dead_stock,2026-04-01,2026-07-01,3,0.0,0.0,0.0,0.0,0.0
6127,367-13,intermittent,dead_stock,2026-04-01,2026-08-01,4,0.0,0.0,0.0,0.0,0.0
6127,367-13,intermittent,dead_stock,2026-04-01,2026-08-01,40,0.0,0.0,0.0,0.0,0.0
6127,367-13,dead_stock,dead_stock,2026-05-01,2026-06-01,1,0.0,0.0,0.0,0.0,0.0
6127,367-13,dead_stock,dead_stock,2026-05-01,2026-07-01,2,0.0,0.0,0.0,0.0,0.0
6127,367-13,dead_stock,dead_stock,2026-05-01,2026-08-01,3,0.0,0.0,0.0,0.0,0.0
6127,367-13,dead_stock,dead_stock,2026-05-01,2026-09-01,4,0.0,0.0,0.0,0.0,0.0
6127,367-13,dead_stock,dead_stock,2026-05-01,2026-09-01,40,0.0,0.0,0.0,0.0,0.0
6127,367-13,dead_stock,dead_stock,2026-06-01,2026-07-01,1,0.0,0.0,0.0,0.0,0.0
6127,367-13,dead_stock,dead_stock,2026-06-01,2026-08-01,2,0.0,0.0,0.0,0.0,0.0
6127,367-13,dead_stock,dead_stock,2026-06-01,2026-09-01,3,0.0,0.0,0.0,0.0,0.0
6127,367-13,dead_stock,dead_stock,2026-07-01,2026-08-01,1,0.0,0.0,0.0,0.0,0.0
6127,367-13,dead_stock,dead_stock,2026-07-01,2026-09-01,2,0.0,0.0,0.0,0.0,0.0
6127,367-13,dead_stock,dead_stock,2026-08-01,2026-09-01,1,0.0,0.0,0.0,0.0,0.0
5230,355-38,intermittent,dead_stock,2023-11-01,2023-12-01,1,0.0,0.0,0.0,0.0,0.0
5230,355-38,intermittent,dead_stock,2023-11-01,2024-01-01,2,18.5,0.0,-18.5,18.5,18.5
5230,355-38,intermittent,dead_stock,2023-11-01,2024-02-01,3,0.0,0.0,0.0,0.0,0.0
5230,355-38,intermittent,dead_stock,2023-11-01,2024-03-01,4,0.0,0.0,0.0,0.0,0.0
5230,355-38,intermittent,dead_stock,2023-11-01,2024-03-01,40,18.5,0.0,-18.5,18.5,18.5
5230,355-38,intermittent,dead_stock,2023-12-01,2024-01-01,1,18.5,0.0,-18.5,18.5,18.5
5230,355-38,intermittent,dead_stock,2023-12-01,2024-02-01,2,0.0,0.0,0.0,0.0,0.0
5230,355-38,intermittent,dead_stock,2023-12-01,2024-03-01,3,0.0,0.0,0.0,0.0,0.0
5230,355-38,intermittent,dead_stock,2023-12-01,2024-04-01,4,0.0,0.0,0.0,0.0,0.0
5230,355-38,intermittent,dead_stock,2023-12-01,2024-04-01,40,18.5,0.0,-18.5,18.5,18.5
5230,355-38,intermittent,dead_stock,2024-01-01,2024-02-01,1,0.0,0.0,0.0,0.0,0.0
5230,355-38,intermittent,dead_stock,2024-01-01,2024-03-01,2,0.0,0.0,0.0,0.0,0.0
5230,355-38,intermittent,dead_stock,2024-01-01,2024-04-01,3,0.0,0.0,0.0,0.0,0.0
5230,355-38,intermittent,dead_stock,2024-01-01,2024-05-01,4,24.0,0.0,-24.0,24.0,24.0
5230,355-38,intermittent,dead_stock,2024-01-01,2024-05-01,40,24.0,0.0,-24.0,24.0,24.0
5230,355-38,intermittent,dead_stock,2024-02-01,2024-03-01,1,0.0,0.0,0.0,0.0,0.0
5230,355-38,intermittent,dead_stock,2024-02-01,2024-04-01,2,0.0,0.0,0.0,0.0,0.0
5230,355-38,intermittent,dead_stock,2024-02-01,2024-05-01,3,24.0,0.0,-24.0,24.0,24.0
5230,355-38,intermittent,dead_stock,2024-02-01,2024-06-01,4,0.0,0.0,0.0,0.0,0.0
5230,355-38,intermittent,dead_stock,2024-02-01,2024-06-01,40,24.0,0.0,-24.0,24.0,24.0
5230,355-38,intermittent,dead_stock,2024-03-01,2024-04-01,1,0.0,0.0,0.0,0.0,0.0
5230,355-38,intermittent,dead_stock,2024-03-01,2024-05-01,2,24.0,0.0,-24.0,24.0,24.0
5230,355-38,intermittent,dead_stock,2024-03-01,2024-06-01,3,0.0,0.0,0.0,0.0,0.0
5230,355-38,intermittent,dead_stock,2024-03-01,2024-07-01,4,0.0,0.0,0.0,0.0,0.0
5230,355-38,intermittent,dead_stock,2024-03-01,2024-07-01,40,24.0,0.0,-24.0,24.0,24.0
5230,355-38,intermittent,dead_stock,2024-04-01,2024-05-01,1,24.0,0.0,-24.0,24.0,24.0
5230,355-38,intermittent,dead_stock,2024-04-01,2024-06-01,2,0.0,0.0,0.0,0.0,0.0
5230,355-38,intermittent,dead_stock,2024-04-01,2024-07-01,3,0.0,0.0,0.0,0.0,0.0
5230,355-38,intermittent,dead_stock,2024-04-01,2024-08-01,4,0.0,0.0,0.0,0.0,0.0
5230,355-38,intermittent,dead_stock,2024-04-01,2024-08-01,40,24.0,0.0,-24.0,24.0,24.0
5230,355-38,intermittent,dead_stock,2024-05-01,2024-06-01,1,0.0,0.0,0.0,0.0,0.0
5230,355-38,intermittent,dead_stock,2024-05-01,2024-07-01,2,0.0,0.0,0.0,0.0,0.0
5230,355-38,intermittent,dead_stock,2024-05-01,2024-08-01,3,0.0,0.0,0.0,0.0,0.0
5230,355-38,intermittent,dead_stock,2024-05-01,2024-09-01,4,0.0,0.0,0.0,0.0,0.0
5230,355-38,intermittent,dead_stock,2024-05-01,2024-09-01,40,0.0,0.0,0.0,0.0,0.0
5230,355-38,intermittent,dead_stock,2024-06-01,2024-07-01,1,0.0,0.0,0.0,0.0,0.0
5230,355-38,intermittent,dead_stock,2024-06-01,2024-08-01,2,0.0,0.0,0.0,0.0,0.0
5230,355-38,intermittent,dead_stock,2024-06-01,2024-09-01,3,0.0,0.0,0.0,0.0,0.0
5230,355-38,intermittent,dead_stock,2024-06-01,2024-10-01,4,0.0,0.0,0.0,0.0,0.0
5230,355-38,intermittent,dead_stock,2024-06-01,2024-10-01,40,0.0,0.0,0.0,0.0,0.0
5230,355-38,intermittent,dead_stock,2024-07-01,2024-08-01,1,0.0,0.0,0.0,0.0,0.0
5230,355-38,intermittent,dead_stock,2024-07-01,2024-09-01,2,0.0,0.0,0.0,0.0,0.0
5230,355-38,intermittent,dead_stock,2024-07-01,2024-10-01,3,0.0,0.0,0.0,0.0,0.0
5230,355-38,intermittent,dead_stock,2024-07-01,2024-11-01,4,0.0,0.0,0.0,0.0,0.0
5230,355-38,intermittent,dead_stock,2024-07-01,2024-11-01,40,0.0,0.0,0.0,0.0,0.0
5230,355-38,intermittent,dead_stock,2024-08-01,2024-09-01,1,0.0,0.0,0.0,0.0,0.0
5230,355-38,intermittent,dead_stock,2024-08-01,2024-10-01,2,0.0,0.0,0.0,0.0,0.0
5230,355-38,intermittent,dead_stock,2024-08-01,2024-11-01,3,0.0,0.0,0.0,0.0,0.0
5230,355-38,intermittent,dead_stock,2024-08-01,2024-12-01,4,0.0,0.0,0.0,0.0,0.0
5230,355-38,intermittent,dead_stock,2024-08-01,2024-12-01,40,0.0,0.0,0.0,0.0,0.0
5230,355-38,intermittent,dead_stock,2024-09-01,2024-10-01,1,0.0,0.0,0.0,0.0,0.0
5230,355-38,intermittent,dead_stock,2024-09-01,2024-11-01,2,0.0,0.0,0.0,0.0,0.0
5230,355-38,intermittent,dead_stock,2024-09-01,2024-12-01,3,0.0,0.0,0.0,0.0,0.0
5230,355-38,intermittent,dead_stock,2024-09-01,2025-01-01,4,0.0,0.0,0.0,0.0,0.0
5230,355-38,intermittent,dead_stock,2024-09-01,2025-01-01,40,0.0,0.0,0.0,0.0,0.0
5230,355-38,intermittent,dead_stock,2024-10-01,2024-11-01,1,0.0,0.0,0.0,0.0,0.0
5230,355-38,intermittent,dead_stock,2024-10-01,2024-12-01,2,0.0,0.0,0.0,0.0,0.0
5230,355-38,intermittent,dead_stock,2024-10-01,2025-01-01,3,0.0,0.0,0.0,0.0,0.0
5230,355-38,intermittent,dead_stock,2024-10-01,2025-02-01,4,0.0,0.0,0.0,0.0,0.0
5230,355-38,intermittent,dead_stock,2024-10-01,2025-02-01,40,0.0,0.0,0.0,0.0,0.0
5230,355-38,dead_stock,dead_stock,2024-11-01,2024-12-01,1,0.0,0.0,0.0,0.0,0.0
5230,355-38,dead_stock,dead_stock,2024-11-01,2025-01-01,2,0.0,0.0,0.0,0.0,0.0
5230,355-38,dead_stock,dead_stock,2024-11-01,2025-02-01,3,0.0,0.0,0.0,0.0,0.0
5230,355-38,dead_stock,dead_stock,2024-11-01,2025-03-01,4,0.0,0.0,0.0,0.0,0.0
5230,355-38,dead_stock,dead_stock,2024-11-01,2025-03-01,40,0.0,0.0,0.0,0.0,0.0
5230,355-38,dead_stock,dead_stock,2024-12-01,2025-01-01,1,0.0,0.0,0.0,0.0,0.0
5230,355-38,dead_stock,dead_stock,2024-12-01,2025-02-01,2,0.0,0.0,0.0,0.0,0.0
5230,355-38,dead_stock,dead_stock,2024-12-01,2025-03-01,3,0.0,0.0,0.0,0.0,0.0
5230,355-38,dead_stock,dead_stock,2024-12-01,2025-04-01,4,0.0,0.0,0.0,0.0,0.0
5230,355-38,dead_stock,dead_stock,2024-12-01,2025-04-01,40,0.0,0.0,0.0,0.0,0.0
5230,355-38,dead_stock,dead_stock,2025-01-01,2025-02-01,1,0.0,0.0,0.0,0.0,0.0
5230,355-38,dead_stock,dead_stock,2025-01-01,2025-03-01,2,0.0,0.0,0.0,0.0,0.0
5230,355-38,dead_stock,dead_stock,2025-01-01,2025-04-01,3,0.0,0.0,0.0,0.0,0.0
5230,355-38,dead_stock,dead_stock,2025-01-01,2025-05-01,4,0.0,0.0,0.0,0.0,0.0
5230,355-38,dead_stock,dead_stock,2025-01-01,2025-05-01,40,0.0,0.0,0.0,0.0,0.0
5230,355-38,dead_stock,dead_stock,2025-02-01,2025-03-01,1,0.0,0.0,0.0,0.0,0.0
5230,355-38,dead_stock,dead_stock,2025-02-01,2025-04-01,2,0.0,0.0,0.0,0.0,0.0
5230,355-38,dead_stock,dead_stock,2025-02-01,2025-05-01,3,0.0,0.0,0.0,0.0,0.0
5230,355-38,dead_stock,dead_stock,2025-02-01,2025-06-01,4,0.0,0.0,0.0,0.0,0.0
5230,355-38,dead_stock,dead_stock,2025-02-01,2025-06-01,40,0.0,0.0,0.0,0.0,0.0
5230,355-38,dead_stock,dead_stock,2025-03-01,2025-04-01,1,0.0,0.0,0.0,0.0,0.0
5230,355-38,dead_stock,dead_stock,2025-03-01,2025-05-01,2,0.0,0.0,0.0,0.0,0.0
5230,355-38,dead_stock,dead_stock,2025-03-01,2025-06-01,3,0.0,0.0,0.0,0.0,0.0
5230,355-38,dead_stock,dead_stock,2025-03-01,2025-07-01,4,0.0,0.0,0.0,0.0,0.0
5230,355-38,dead_stock,dead_stock,2025-03-01,2025-07-01,40,0.0,0.0,0.0,0.0,0.0
5230,355-38,dead_stock,dead_stock,2025-04-01,2025-05-01,1,0.0,0.0,0.0,0.0,0.0
5230,355-38,dead_stock,dead_stock,2025-04-01,2025-06-01,2,0.0,0.0,0.0,0.0,0.0
5230,355-38,dead_stock,dead_stock,2025-04-01,2025-07-01,3,0.0,0.0,0.0,0.0,0.0
5230,355-38,dead_stock,dead_stock,2025-04-01,2025-08-01,4,0.0,0.0,0.0,0.0,0.0
5230,355-38,dead_stock,dead_stock,2025-04-01,2025-08-01,40,0.0,0.0,0.0,0.0,0.0
5230,355-38,dead_stock,dead_stock,2025-05-01,2025-06-01,1,0.0,0.0,0.0,0.0,0.0
5230,355-38,dead_stock,dead_stock,2025-05-01,2025-07-01,2,0.0,0.0,0.0,0.0,0.0
5230,355-38,dead_stock,dead_stock,2025-05-01,2025-08-01,3,0.0,0.0,0.0,0.0,0.0
5230,355-38,dead_stock,dead_stock,2025-05-01,2025-09-01,4,0.0,0.0,0.0,0.0,0.0
5230,355-38,dead_stock,dead_stock,2025-05-01,2025-09-01,40,0.0,0.0,0.0,0.0,0.0
5230,355-38,dead_stock,dead_stock,2025-06-01,2025-07-01,1,0.0,0.0,0.0,0.0,0.0
5230,355-38,dead_stock,dead_stock,2025-06-01,2025-08-01,2,0.0,0.0,0.0,0.0,0.0
5230,355-38,dead_stock,dead_stock,2025-06-01,2025-09-01,3,0.0,0.0,0.0,0.0,0.0
5230,355-38,dead_stock,dead_stock,2025-06-01,2025-10-01,4,0.0,0.0,0.0,0.0,0.0
5230,355-38,dead_stock,dead_stock,2025-06-01,2025-10-01,40,0.0,0.0,0.0,0.0,0.0
5230,355-38,dead_stock,dead_stock,2025-07-01,2025-08-01,1,0.0,0.0,0.0,0.0,0.0
5230,355-38,dead_stock,dead_stock,2025-07-01,2025-09-01,2,0.0,0.0,0.0,0.0,0.0
5230,355-38,dead_stock,dead_stock,2025-07-01,2025-10-01,3,0.0,0.0,0.0,0.0,0.0
5230,355-38,dead_stock,dead_stock,2025-07-01,2025-11-01,4,0.0,0.0,0.0,0.0,0.0
5230,355-38,dead_stock,dead_stock,2025-07-01,2025-11-01,40,0.0,0.0,0.0,0.0,0.0
5230,355-38,dead_stock,dead_stock,2025-08-01,2025-09-01,1,0.0,0.0,0.0,0.0,0.0
5230,355-38,dead_stock,dead_stock,2025-08-01,2025-10-01,2,0.0,0.0,0.0,0.0,0.0
5230,355-38,dead_stock,dead_stock,2025-08-01,2025-11-01,3,0.0,0.0,0.0,0.0,0.0
5230,355-38,dead_stock,dead_stock,2025-08-01,2025-12-01,4,0.0,0.0,0.0,0.0,0.0
5230,355-38,dead_stock,dead_stock,2025-08-01,2025-12-01,40,0.0,0.0,0.0,0.0,0.0
5230,355-38,dead_stock,dead_stock,2025-09-01,2025-10-01,1,0.0,0.0,0.0,0.0,0.0
5230,355-38,dead_stock,dead_stock,2025-09-01,2025-11-01,2,0.0,0.0,0.0,0.0,0.0
5230,355-38,dead_stock,dead_stock,2025-09-01,2025-12-01,3,0.0,0.0,0.0,0.0,0.0
5230,355-38,dead_stock,dead_stock,2025-09-01,2026-01-01,4,0.0,0.0,0.0,0.0,0.0
5230,355-38,dead_stock,dead_stock,2025-09-01,2026-01-01,40,0.0,0.0,0.0,0.0,0.0
5230,355-38,dead_stock,dead_stock,2025-10-01,2025-11-01,1,0.0,0.0,0.0,0.0,0.0
5230,355-38,dead_stock,dead_stock,2025-10-01,2025-12-01,2,0.0,0.0,0.0,0.0,0.0
5230,355-38,dead_stock,dead_stock,2025-10-01,2026-01-01,3,0.0,0.0,0.0,0.0,0.0
5230,355-38,dead_stock,dead_stock,2025-10-01,2026-02-01,4,0.0,0.0,0.0,0.0,0.0
5230,355-38,dead_stock,dead_stock,2025-10-01,2026-02-01,40,0.0,0.0,0.0,0.0,0.0
5230,355-38,dead_stock,dead_stock,2025-11-01,2025-12-01,1,0.0,0.0,0.0,0.0,0.0
5230,355-38,dead_stock,dead_stock,2025-11-01,2026-01-01,2,0.0,0.0,0.0,0.0,0.0
5230,355-38,dead_stock,dead_stock,2025-11-01,2026-02-01,3,0.0,0.0,0.0,0.0,0.0
5230,355-38,dead_stock,dead_stock,2025-11-01,2026-03-01,4,0.0,0.0,0.0,0.0,0.0
5230,355-38,dead_stock,dead_stock,2025-11-01,2026-03-01,40,0.0,0.0,0.0,0.0,0.0
5230,355-38,dead_stock,dead_stock,2025-12-01,2026-01-01,1,0.0,0.0,0.0,0.0,0.0
5230,355-38,dead_stock,dead_stock,2025-12-01,2026-02-01,2,0.0,0.0,0.0,0.0,0.0
5230,355-38,dead_stock,dead_stock,2025-12-01,2026-03-01,3,0.0,0.0,0.0,0.0,0.0
5230,355-38,dead_stock,dead_stock,2025-12-01,2026-04-01,4,0.0,0.0,0.0,0.0,0.0
5230,355-38,dead_stock,dead_stock,2025-12-01,2026-04-01,40,0.0,0.0,0.0,0.0,0.0
5230,355-38,dead_stock,dead_stock,2026-01-01,2026-02-01,1,0.0,0.0,0.0,0.0,0.0
5230,355-38,dead_stock,dead_stock,2026-01-01,2026-03-01,2,0.0,0.0,0.0,0.0,0.0
5230,355-38,dead_stock,dead_stock,2026-01-01,2026-04-01,3,0.0,0.0,0.0,0.0,0.0
5230,355-38,dead_stock,dead_stock,2026-01-01,2026-05-01,4,0.0,0.0,0.0,0.0,0.0
5230,355-38,dead_stock,dead_stock,2026-01-01,2026-05-01,40,0.0,0.0,0.0,0.0,0.0
5230,355-38,dead_stock,dead_stock,2026-02-01,2026-03-01,1,0.0,0.0,0.0,0.0,0.0
5230,355-38,dead_stock,dead_stock,2026-02-01,2026-04-01,2,0.0,0.0,0.0,0.0,0.0
5230,355-38,dead_stock,dead_stock,2026-02-01,2026-05-01,3,0.0,0.0,0.0,0.0,0.0
5230,355-38,dead_stock,dead_stock,2026-02-01,2026-06-01,4,0.0,0.0,0.0,0.0,0.0
5230,355-38,dead_stock,dead_stock,2026-02-01,2026-06-01,40,0.0,0.0,0.0,0.0,0.0
5230,355-38,dead_stock,dead_stock,2026-03-01,2026-04-01,1,0.0,0.0,0.0,0.0,0.0
5230,355-38,dead_stock,dead_stock,2026-03-01,2026-05-01,2,0.0,0.0,0.0,0.0,0.0
5230,355-38,dead_stock,dead_stock,2026-03-01,2026-06-01,3,0.0,0.0,0.0,0.0,0.0
5230,355-38,dead_stock,dead_stock,2026-03-01,2026-07-01,4,0.0,0.0,0.0,0.0,0.0
5230,355-38,dead_stock,dead_stock,2026-03-01,2026-07-01,40,0.0,0.0,0.0,0.0,0.0
5230,355-38,dead_stock,dead_stock,2026-04-01,2026-05-01,1,0.0,0.0,0.0,0.0,0.0
5230,355-38,dead_stock,dead_stock,2026-04-01,2026-06-01,2,0.0,0.0,0.0,0.0,0.0
5230,355-38,dead_stock,dead_stock,2026-04-01,2026-07-01,3,0.0,0.0,0.0,0.0,0.0
5230,355-38,dead_stock,dead_stock,2026-04-01,2026-08-01,4,0.0,0.0,0.0,0.0,0.0
5230,355-38,dead_stock,dead_stock,2026-04-01,2026-08-01,40,0.0,0.0,0.0,0.0,0.0
5230,355-38,dead_stock,dead_stock,2026-05-01,2026-06-01,1,0.0,0.0,0.0,0.0,0.0
5230,355-38,dead_stock,dead_stock,2026-05-01,2026-07-01,2,0.0,0.0,0.0,0.0,0.0
5230,355-38,dead_stock,dead_stock,2026-05-01,2026-08-01,3,0.0,0.0,0.0,0.0,0.0
5230,355-38,dead_stock,dead_stock,2026-05-01,2026-09-01,4,0.0,0.0,0.0,0.0,0.0
5230,355-38,dead_stock,dead_stock,2026-05-01,2026-09-01,40,0.0,0.0,0.0,0.0,0.0
5230,355-38,dead_stock,dead_stock,2026-06-01,2026-07-01,1,0.0,0.0,0.0,0.0,0.0
5230,355-38,dead_stock,dead_stock,2026-06-01,2026-08-01,2,0.0,0.0,0.0,0.0,0.0
5230,355-38,dead_stock,dead_stock,2026-06-01,2026-09-01,3,0.0,0.0,0.0,0.0,0.0
5230,355-38,dead_stock,dead_stock,2026-07-01,2026-08-01,1,0.0,0.0,0.0,0.0,0.0
5230,355-38,dead_stock,dead_stock,2026-07-01,2026-09-01,2,0.0,0.0,0.0,0.0,0.0
5230,355-38,dead_stock,dead_stock,2026-08-01,2026-09-01,1,0.0,0.0,0.0,0.0,0.0
4827,1706-05,intermittent,dead_stock,2025-07-01,2025-08-01,1,0.0,0.0,0.0,0.0,0.0
4827,1706-05,intermittent,dead_stock,2025-07-01,2025-09-01,2,0.0,0.0,0.0,0.0,0.0
4827,1706-05,intermittent,dead_stock,2025-07-01,2025-10-01,3,0.0,0.0,0.0,0.0,0.0
4827,1706-05,intermittent,dead_stock,2025-07-01,2025-11-01,4,0.0,0.0,0.0,0.0,0.0
4827,1706-05,intermittent,dead_stock,2025-07-01,2025-11-01,40,0.0,0.0,0.0,0.0,0.0
4827,1706-05,dead_stock,dead_stock,2025-08-01,2025-09-01,1,0.0,0.0,0.0,0.0,0.0
4827,1706-05,dead_stock,dead_stock,2025-08-01,2025-10-01,2,0.0,0.0,0.0,0.0,0.0
4827,1706-05,dead_stock,dead_stock,2025-08-01,2025-11-01,3,0.0,0.0,0.0,0.0,0.0
4827,1706-05,dead_stock,dead_stock,2025-08-01,2025-12-01,4,0.0,0.0,0.0,0.0,0.0
4827,1706-05,dead_stock,dead_stock,2025-08-01,2025-12-01,40,0.0,0.0,0.0,0.0,0.0
4827,1706-05,dead_stock,dead_stock,2025-09-01,2025-10-01,1,0.0,0.0,0.0,0.0,0.0
4827,1706-05,dead_stock,dead_stock,2025-09-01,2025-11-01,2,0.0,0.0,0.0,0.0,0.0
4827,1706-05,dead_stock,dead_stock,2025-09-01,2025-12-01,3,0.0,0.0,0.0,0.0,0.0
4827,1706-05,dead_stock,dead_stock,2025-09-01,2026-01-01,4,0.0,0.0,0.0,0.0,0.0
4827,1706-05,dead_stock,dead_stock,2025-09-01,2026-01-01,40,0.0,0.0,0.0,0.0,0.0
4827,1706-05,dead_stock,dead_stock,2025-10-01,2025-11-01,1,0.0,0.0,0.0,0.0,0.0
4827,1706-05,dead_stock,dead_stock,2025-10-01,2025-12-01,2,0.0,0.0,0.0,0.0,0.0
4827,1706-05,dead_stock,dead_stock,2025-10-01,2026-01-01,3,0.0,0.0,0.0,0.0,0.0
4827,1706-05,dead_stock,dead_stock,2025-10-01,2026-02-01,4,0.0,0.0,0.0,0.0,0.0
4827,1706-05,dead_stock,dead_stock,2025-10-01,2026-02-01,40,0.0,0.0,0.0,0.0,0.0
4827,1706-05,dead_stock,dead_stock,2025-11-01,2025-12-01,1,0.0,0.0,0.0,0.0,0.0
4827,1706-05,dead_stock,dead_stock,2025-11-01,2026-01-01,2,0.0,0.0,0.0,0.0,0.0
4827,1706-05,dead_stock,dead_stock,2025-11-01,2026-02-01,3,0.0,0.0,0.0,0.0,0.0
4827,1706-05,dead_stock,dead_stock,2025-11-01,2026-03-01,4,0.0,0.0,0.0,0.0,0.0
4827,1706-05,dead_stock,dead_stock,2025-11-01,2026-03-01,40,0.0,0.0,0.0,0.0,0.0
4827,1706-05,dead_stock,dead_stock,2025-12-01,2026-01-01,1,0.0,0.0,0.0,0.0,0.0
4827,1706-05,dead_stock,dead_stock,2025-12-01,2026-02-01,2,0.0,0.0,0.0,0.0,0.0
4827,1706-05,dead_stock,dead_stock,2025-12-01,2026-03-01,3,0.0,0.0,0.0,0.0,0.0
4827,1706-05,dead_stock,dead_stock,2025-12-01,2026-04-01,4,0.0,0.0,0.0,0.0,0.0
4827,1706-05,dead_stock,dead_stock,2025-12-01,2026-04-01,40,0.0,0.0,0.0,0.0,0.0
4827,1706-05,dead_stock,dead_stock,2026-01-01,2026-02-01,1,0.0,0.0,0.0,0.0,0.0
4827,1706-05,dead_stock,dead_stock,2026-01-01,2026-03-01,2,0.0,0.0,0.0,0.0,0.0
4827,1706-05,dead_stock,dead_stock,2026-01-01,2026-04-01,3,0.0,0.0,0.0,0.0,0.0
4827,1706-05,dead_stock,dead_stock,2026-01-01,2026-05-01,4,0.0,0.0,0.0,0.0,0.0
4827,1706-05,dead_stock,dead_stock,2026-01-01,2026-05-01,40,0.0,0.0,0.0,0.0,0.0
4827,1706-05,dead_stock,dead_stock,2026-02-01,2026-03-01,1,0.0,0.0,0.0,0.0,0.0
4827,1706-05,dead_stock,dead_stock,2026-02-01,2026-04-01,2,0.0,0.0,0.0,0.0,0.0
4827,1706-05,dead_stock,dead_stock,2026-02-01,2026-05-01,3,0.0,0.0,0.0,0.0,0.0
4827,1706-05,dead_stock,dead_stock,2026-02-01,2026-06-01,4,0.0,0.0,0.0,0.0,0.0
4827,1706-05,dead_stock,dead_stock,2026-02-01,2026-06-01,40,0.0,0.0,0.0,0.0,0.0
4827,1706-05,dead_stock,dead_stock,2026-03-01,2026-04-01,1,0.0,0.0,0.0,0.0,0.0
4827,1706-05,dead_stock,dead_stock,2026-03-01,2026-05-01,2,0.0,0.0,0.0,0.0,0.0
4827,1706-05,dead_stock,dead_stock,2026-03-01,2026-06-01,3,0.0,0.0,0.0,0.0,0.0
4827,1706-05,dead_stock,dead_stock,2026-03-01,2026-07-01,4,0.0,0.0,0.0,0.0,0.0
4827,1706-05,dead_stock,dead_stock,2026-03-01,2026-07-01,40,0.0,0.0,0.0,0.0,0.0
4827,1706-05,dead_stock,dead_stock,2026-04-01,2026-05-01,1,0.0,0.0,0.0,0.0,0.0
4827,1706-05,dead_stock,dead_stock,2026-04-01,2026-06-01,2,0.0,0.0,0.0,0.0,0.0
4827,1706-05,dead_stock,dead_stock,2026-04-01,2026-07-01,3,0.0,0.0,0.0,0.0,0.0
4827,1706-05,dead_stock,dead_stock,2026-04-01,2026-08-01,4,0.0,0.0,0.0,0.0,0.0
4827,1706-05,dead_stock,dead_stock,2026-04-01,2026-08-01,40,0.0,0.0,0.0,0.0,0.0
4827,1706-05,dead_stock,dead_stock,2026-05-01,2026-06-01,1,0.0,0.0,0.0,0.0,0.0
4827,1706-05,dead_stock,dead_stock,2026-05-01,2026-07-01,2,0.0,0.0,0.0,0.0,0.0
4827,1706-05,dead_stock,dead_stock,2026-05-01,2026-08-01,3,0.0,0.0,0.0,0.0,0.0
4827,1706-05,dead_stock,dead_stock,2026-05-01,2026-09-01,4,0.0,0.0,0.0,0.0,0.0
4827,1706-05,dead_stock,dead_stock,2026-05-01,2026-09-01,40,0.0,0.0,0.0,0.0,0.0
4827,1706-05,dead_stock,dead_stock,2026-06-01,2026-07-01,1,0.0,0.0,0.0,0.0,0.0
4827,1706-05,dead_stock,dead_stock,2026-06-01,2026-08-01,2,0.0,0.0,0.0,0.0,0.0
4827,1706-05,dead_stock,dead_stock,2026-06-01,2026-09-01,3,0.0,0.0,0.0,0.0,0.0
4827,1706-05,dead_stock,dead_stock,2026-07-01,2026-08-01,1,0.0,0.0,0.0,0.0,0.0
4827,1706-05,dead_stock,dead_stock,2026-07-01,2026-09-01,2,0.0,0.0,0.0,0.0,0.0
4827,1706-05,dead_stock,dead_stock,2026-08-01,2026-09-01,1,0.0,0.0,0.0,0.0,0.0
10430,Lee Cooper Ladies 3 Hands Fn Silver&Blue (LC07824.380),intermittent,dead_stock,2024-06-01,2024-07-01,1,0.0,0.0,0.0,0.0,0.0
10430,Lee Cooper Ladies 3 Hands Fn Silver&Blue (LC07824.380),intermittent,dead_stock,2024-06-01,2024-08-01,2,0.0,0.0,0.0,0.0,0.0
10430,Lee Cooper Ladies 3 Hands Fn Silver&Blue (LC07824.380),intermittent,dead_stock,2024-06-01,2024-09-01,3,0.0,0.0,0.0,0.0,0.0
10430,Lee Cooper Ladies 3 Hands Fn Silver&Blue (LC07824.380),intermittent,dead_stock,2024-06-01,2024-10-01,4,0.0,0.0,0.0,0.0,0.0
10430,Lee Cooper Ladies 3 Hands Fn Silver&Blue (LC07824.380),intermittent,dead_stock,2024-06-01,2024-10-01,40,0.0,0.0,0.0,0.0,0.0
10430,Lee Cooper Ladies 3 Hands Fn Silver&Blue (LC07824.380),intermittent,dead_stock,2024-07-01,2024-08-01,1,0.0,0.0,0.0,0.0,0.0
10430,Lee Cooper Ladies 3 Hands Fn Silver&Blue (LC07824.380),intermittent,dead_stock,2024-07-01,2024-09-01,2,0.0,0.0,0.0,0.0,0.0
10430,Lee Cooper Ladies 3 Hands Fn Silver&Blue (LC07824.380),intermittent,dead_stock,2024-07-01,2024-10-01,3,0.0,0.0,0.0,0.0,0.0
10430,Lee Cooper Ladies 3 Hands Fn Silver&Blue (LC07824.380),intermittent,dead_stock,2024-07-01,2024-11-01,4,0.0,0.0,0.0,0.0,0.0
10430,Lee Cooper Ladies 3 Hands Fn Silver&Blue (LC07824.380),intermittent,dead_stock,2024-07-01,2024-11-01,40,0.0,0.0,0.0,0.0,0.0
10430,Lee Cooper Ladies 3 Hands Fn Silver&Blue (LC07824.380),intermittent,dead_stock,2024-08-01,2024-09-01,1,0.0,0.0,0.0,0.0,0.0
10430,Lee Cooper Ladies 3 Hands Fn Silver&Blue (LC07824.380),intermittent,dead_stock,2024-08-01,2024-10-01,2,0.0,0.0,0.0,0.0,0.0
10430,Lee Cooper Ladies 3 Hands Fn Silver&Blue (LC07824.380),intermittent,dead_stock,2024-08-01,2024-11-01,3,0.0,0.0,0.0,0.0,0.0
10430,Lee Cooper Ladies 3 Hands Fn Silver&Blue (LC07824.380),intermittent,dead_stock,2024-08-01,2024-12-01,4,0.0,0.0,0.0,0.0,0.0
10430,Lee Cooper Ladies 3 Hands Fn Silver&Blue (LC07824.380),intermittent,dead_stock,2024-08-01,2024-12-01,40,0.0,0.0,0.0,0.0,0.0
10430,Lee Cooper Ladies 3 Hands Fn Silver&Blue (LC07824.380),intermittent,dead_stock,2024-09-01,2024-10-01,1,0.0,0.0,0.0,0.0,0.0
10430,Lee Cooper Ladies 3 Hands Fn Silver&Blue (LC07824.380),intermittent,dead_stock,2024-09-01,2024-11-01,2,0.0,0.0,0.0,0.0,0.0
10430,Lee Cooper Ladies 3 Hands Fn Silver&Blue (LC07824.380),intermittent,dead_stock,2024-09-01,2024-12-01,3,0.0,0.0,0.0,0.0,0.0
10430,Lee Cooper Ladies 3 Hands Fn Silver&Blue (LC07824.380),intermittent,dead_stock,2024-09-01,2025-01-01,4,0.0,0.0,0.0,0.0,0.0
10430,Lee Cooper Ladies 3 Hands Fn Silver&Blue (LC07824.380),intermittent,dead_stock,2024-09-01,2025-01-01,40,0.0,0.0,0.0,0.0,0.0
10430,Lee Cooper Ladies 3 Hands Fn Silver&Blue (LC07824.380),dead_stock,dead_stock,2024-10-01,2024-11-01,1,0.0,0.0,0.0,0.0,0.0
10430,Lee Cooper Ladies 3 Hands Fn Silver&Blue (LC07824.380),dead_stock,dead_stock,2024-10-01,2024-12-01,2,0.0,0.0,0.0,0.0,0.0
10430,Lee Cooper Ladies 3 Hands Fn Silver&Blue (LC07824.380),dead_stock,dead_stock,2024-10-01,2025-01-01,3,0.0,0.0,0.0,0.0,0.0
10430,Lee Cooper Ladies 3 Hands Fn Silver&Blue (LC07824.380),dead_stock,dead_stock,2024-10-01,2025-02-01,4,0.0,0.0,0.0,0.0,0.0
10430,Lee Cooper Ladies 3 Hands Fn Silver&Blue (LC07824.380),dead_stock,dead_stock,2024-10-01,2025-02-01,40,0.0,0.0,0.0,0.0,0.0
10430,Lee Cooper Ladies 3 Hands Fn Silver&Blue (LC07824.380),dead_stock,dead_stock,2024-11-01,2024-12-01,1,0.0,0.0,0.0,0.0,0.0
10430,Lee Cooper Ladies 3 Hands Fn Silver&Blue (LC07824.380),dead_stock,dead_stock,2024-11-01,2025-01-01,2,0.0,0.0,0.0,0.0,0.0
10430,Lee Cooper Ladies 3 Hands Fn Silver&Blue (LC07824.380),dead_stock,dead_stock,2024-11-01,2025-02-01,3,0.0,0.0,0.0,0.0,0.0
10430,Lee Cooper Ladies 3 Hands Fn Silver&Blue (LC07824.380),dead_stock,dead_stock,2024-11-01,2025-03-01,4,0.0,0.0,0.0,0.0,0.0
10430,Lee Cooper Ladies 3 Hands Fn Silver&Blue (LC07824.380),dead_stock,dead_stock,2024-11-01,2025-03-01,40,0.0,0.0,0.0,0.0,0.0
10430,Lee Cooper Ladies 3 Hands Fn Silver&Blue (LC07824.380),dead_stock,dead_stock,2024-12-01,2025-01-01,1,0.0,0.0,0.0,0.0,0.0
10430,Lee Cooper Ladies 3 Hands Fn Silver&Blue (LC07824.380),dead_stock,dead_stock,2024-12-01,2025-02-01,2,0.0,0.0,0.0,0.0,0.0
10430,Lee Cooper Ladies 3 Hands Fn Silver&Blue (LC07824.380),dead_stock,dead_stock,2024-12-01,2025-03-01,3,0.0,0.0,0.0,0.0,0.0
10430,Lee Cooper Ladies 3 Hands Fn Silver&Blue (LC07824.380),dead_stock,dead_stock,2024-12-01,2025-04-01,4,0.0,0.0,0.0,0.0,0.0
10430,Lee Cooper Ladies 3 Hands Fn Silver&Blue (LC07824.380),dead_stock,dead_stock,2024-12-01,2025-04-01,40,0.0,0.0,0.0,0.0,0.0
10430,Lee Cooper Ladies 3 Hands Fn Silver&Blue (LC07824.380),dead_stock,dead_stock,2025-01-01,2025-02-01,1,0.0,0.0,0.0,0.0,0.0
10430,Lee Cooper Ladies 3 Hands Fn Silver&Blue (LC07824.380),dead_stock,dead_stock,2025-01-01,2025-03-01,2,0.0,0.0,0.0,0.0,0.0
10430,Lee Cooper Ladies 3 Hands Fn Silver&Blue (LC07824.380),dead_stock,dead_stock,2025-01-01,2025-04-01,3,0.0,0.0,0.0,0.0,0.0
10430,Lee Cooper Ladies 3 Hands Fn Silver&Blue (LC07824.380),dead_stock,dead_stock,2025-01-01,2025-05-01,4,0.0,0.0,0.0,0.0,0.0
10430,Lee Cooper Ladies 3 Hands Fn Silver&Blue (LC07824.380),dead_stock,dead_stock,2025-01-01,2025-05-01,40,0.0,0.0,0.0,0.0,0.0
10430,Lee Cooper Ladies 3 Hands Fn Silver&Blue (LC07824.380),dead_stock,dead_stock,2025-02-01,2025-03-01,1,0.0,0.0,0.0,0.0,0.0
10430,Lee Cooper Ladies 3 Hands Fn Silver&Blue (LC07824.380),dead_stock,dead_stock,2025-02-01,2025-04-01,2,0.0,0.0,0.0,0.0,0.0
10430,Lee Cooper Ladies 3 Hands Fn Silver&Blue (LC07824.380),dead_stock,dead_stock,2025-02-01,2025-05-01,3,0.0,0.0,0.0,0.0,0.0
10430,Lee Cooper Ladies 3 Hands Fn Silver&Blue (LC07824.380),dead_stock,dead_stock,2025-02-01,2025-06-01,4,0.0,0.0,0.0,0.0,0.0
10430,Lee Cooper Ladies 3 Hands Fn Silver&Blue (LC07824.380),dead_stock,dead_stock,2025-02-01,2025-06-01,40,0.0,0.0,0.0,0.0,0.0
10430,Lee Cooper Ladies 3 Hands Fn Silver&Blue (LC07824.380),dead_stock,dead_stock,2025-03-01,2025-04-01,1,0.0,0.0,0.0,0.0,0.0
10430,Lee Cooper Ladies 3 Hands Fn Silver&Blue (LC07824.380),dead_stock,dead_stock,2025-03-01,2025-05-01,2,0.0,0.0,0.0,0.0,0.0
10430,Lee Cooper Ladies 3 Hands Fn Silver&Blue (LC07824.380),dead_stock,dead_stock,2025-03-01,2025-06-01,3,0.0,0.0,0.0,0.0,0.0
10430,Lee Cooper Ladies 3 Hands Fn Silver&Blue (LC07824.380),dead_stock,dead_stock,2025-03-01,2025-07-01,4,0.0,0.0,0.0,0.0,0.0
10430,Lee Cooper Ladies 3 Hands Fn Silver&Blue (LC07824.380),dead_stock,dead_stock,2025-03-01,2025-07-01,40,0.0,0.0,0.0,0.0,0.0
10430,Lee Cooper Ladies 3 Hands Fn Silver&Blue (LC07824.380),dead_stock,dead_stock,2025-04-01,2025-05-01,1,0.0,0.0,0.0,0.0,0.0
10430,Lee Cooper Ladies 3 Hands Fn Silver&Blue (LC07824.380),dead_stock,dead_stock,2025-04-01,2025-06-01,2,0.0,0.0,0.0,0.0,0.0
10430,Lee Cooper Ladies 3 Hands Fn Silver&Blue (LC07824.380),dead_stock,dead_stock,2025-04-01,2025-07-01,3,0.0,0.0,0.0,0.0,0.0
10430,Lee Cooper Ladies 3 Hands Fn Silver&Blue (LC07824.380),dead_stock,dead_stock,2025-04-01,2025-08-01,4,0.0,0.0,0.0,0.0,0.0
10430,Lee Cooper Ladies 3 Hands Fn Silver&Blue (LC07824.380),dead_stock,dead_stock,2025-04-01,2025-08-01,40,0.0,0.0,0.0,0.0,0.0
10430,Lee Cooper Ladies 3 Hands Fn Silver&Blue (LC07824.380),dead_stock,dead_stock,2025-05-01,2025-06-01,1,0.0,0.0,0.0,0.0,0.0
10430,Lee Cooper Ladies 3 Hands Fn Silver&Blue (LC07824.380),dead_stock,dead_stock,2025-05-01,2025-07-01,2,0.0,0.0,0.0,0.0,0.0
10430,Lee Cooper Ladies 3 Hands Fn Silver&Blue (LC07824.380),dead_stock,dead_stock,2025-05-01,2025-08-01,3,0.0,0.0,0.0,0.0,0.0
10430,Lee Cooper Ladies 3 Hands Fn Silver&Blue (LC07824.380),dead_stock,dead_stock,2025-05-01,2025-09-01,4,0.0,0.0,0.0,0.0,0.0
10430,Lee Cooper Ladies 3 Hands Fn Silver&Blue (LC07824.380),dead_stock,dead_stock,2025-05-01,2025-09-01,40,0.0,0.0,0.0,0.0,0.0
10430,Lee Cooper Ladies 3 Hands Fn Silver&Blue (LC07824.380),dead_stock,dead_stock,2025-06-01,2025-07-01,1,0.0,0.0,0.0,0.0,0.0
10430,Lee Cooper Ladies 3 Hands Fn Silver&Blue (LC07824.380),dead_stock,dead_stock,2025-06-01,2025-08-01,2,0.0,0.0,0.0,0.0,0.0
10430,Lee Cooper Ladies 3 Hands Fn Silver&Blue (LC07824.380),dead_stock,dead_stock,2025-06-01,2025-09-01,3,0.0,0.0,0.0,0.0,0.0
10430,Lee Cooper Ladies 3 Hands Fn Silver&Blue (LC07824.380),dead_stock,dead_stock,2025-06-01,2025-10-01,4,0.0,0.0,0.0,0.0,0.0
10430,Lee Cooper Ladies 3 Hands Fn Silver&Blue (LC07824.380),dead_stock,dead_stock,2025-06-01,2025-10-01,40,0.0,0.0,0.0,0.0,0.0
10430,Lee Cooper Ladies 3 Hands Fn Silver&Blue (LC07824.380),dead_stock,dead_stock,2025-07-01,2025-08-01,1,0.0,0.0,0.0,0.0,0.0
10430,Lee Cooper Ladies 3 Hands Fn Silver&Blue (LC07824.380),dead_stock,dead_stock,2025-07-01,2025-09-01,2,0.0,0.0,0.0,0.0,0.0
10430,Lee Cooper Ladies 3 Hands Fn Silver&Blue (LC07824.380),dead_stock,dead_stock,2025-07-01,2025-10-01,3,0.0,0.0,0.0,0.0,0.0
10430,Lee Cooper Ladies 3 Hands Fn Silver&Blue (LC07824.380),dead_stock,dead_stock,2025-07-01,2025-11-01,4,0.0,0.0,0.0,0.0,0.0
10430,Lee Cooper Ladies 3 Hands Fn Silver&Blue (LC07824.380),dead_stock,dead_stock,2025-07-01,2025-11-01,40,0.0,0.0,0.0,0.0,0.0
10430,Lee Cooper Ladies 3 Hands Fn Silver&Blue (LC07824.380),dead_stock,dead_stock,2025-08-01,2025-09-01,1,0.0,0.0,0.0,0.0,0.0
10430,Lee Cooper Ladies 3 Hands Fn Silver&Blue (LC07824.380),dead_stock,dead_stock,2025-08-01,2025-10-01,2,0.0,0.0,0.0,0.0,0.0
10430,Lee Cooper Ladies 3 Hands Fn Silver&Blue (LC07824.380),dead_stock,dead_stock,2025-08-01,2025-11-01,3,0.0,0.0,0.0,0.0,0.0
10430,Lee Cooper Ladies 3 Hands Fn Silver&Blue (LC07824.380),dead_stock,dead_stock,2025-08-01,2025-12-01,4,0.0,0.0,0.0,0.0,0.0
10430,Lee Cooper Ladies 3 Hands Fn Silver&Blue (LC07824.380),dead_stock,dead_stock,2025-08-01,2025-12-01,40,0.0,0.0,0.0,0.0,0.0
10430,Lee Cooper Ladies 3 Hands Fn Silver&Blue (LC07824.380),dead_stock,dead_stock,2025-09-01,2025-10-01,1,0.0,0.0,0.0,0.0,0.0
10430,Lee Cooper Ladies 3 Hands Fn Silver&Blue (LC07824.380),dead_stock,dead_stock,2025-09-01,2025-11-01,2,0.0,0.0,0.0,0.0,0.0
10430,Lee Cooper Ladies 3 Hands Fn Silver&Blue (LC07824.380),dead_stock,dead_stock,2025-09-01,2025-12-01,3,0.0,0.0,0.0,0.0,0.0
10430,Lee Cooper Ladies 3 Hands Fn Silver&Blue (LC07824.380),dead_stock,dead_stock,2025-09-01,2026-01-01,4,0.0,0.0,0.0,0.0,0.0
10430,Lee Cooper Ladies 3 Hands Fn Silver&Blue (LC07824.380),dead_stock,dead_stock,2025-09-01,2026-01-01,40,0.0,0.0,0.0,0.0,0.0
10430,Lee Cooper Ladies 3 Hands Fn Silver&Blue (LC07824.380),dead_stock,dead_stock,2025-10-01,2025-11-01,1,0.0,0.0,0.0,0.0,0.0
10430,Lee Cooper Ladies 3 Hands Fn Silver&Blue (LC07824.380),dead_stock,dead_stock,2025-10-01,2025-12-01,2,0.0,0.0,0.0,0.0,0.0
10430,Lee Cooper Ladies 3 Hands Fn Silver&Blue (LC07824.380),dead_stock,dead_stock,2025-10-01,2026-01-01,3,0.0,0.0,0.0,0.0,0.0
10430,Lee Cooper Ladies 3 Hands Fn Silver&Blue (LC07824.380),dead_stock,dead_stock,2025-10-01,2026-02-01,4,0.0,0.0,0.0,0.0,0.0
10430,Lee Cooper Ladies 3 Hands Fn Silver&Blue (LC07824.380),dead_stock,dead_stock,2025-10-01,2026-02-01,40,0.0,0.0,0.0,0.0,0.0
10430,Lee Cooper Ladies 3 Hands Fn Silver&Blue (LC07824.380),dead_stock,dead_stock,2025-11-01,2025-12-01,1,0.0,0.0,0.0,0.0,0.0
10430,Lee Cooper Ladies 3 Hands Fn Silver&Blue (LC07824.380),dead_stock,dead_stock,2025-11-01,2026-01-01,2,0.0,0.0,0.0,0.0,0.0
10430,Lee Cooper Ladies 3 Hands Fn Silver&Blue (LC07824.380),dead_stock,dead_stock,2025-11-01,2026-02-01,3,0.0,0.0,0.0,0.0,0.0
10430,Lee Cooper Ladies 3 Hands Fn Silver&Blue (LC07824.380),dead_stock,dead_stock,2025-11-01,2026-03-01,4,0.0,0.0,0.0,0.0,0.0
10430,Lee Cooper Ladies 3 Hands Fn Silver&Blue (LC07824.380),dead_stock,dead_stock,2025-11-01,2026-03-01,40,0.0,0.0,0.0,0.0,0.0
10430,Lee Cooper Ladies 3 Hands Fn Silver&Blue (LC07824.380),dead_stock,dead_stock,2025-12-01,2026-01-01,1,0.0,0.0,0.0,0.0,0.0
10430,Lee Cooper Ladies 3 Hands Fn Silver&Blue (LC07824.380),dead_stock,dead_stock,2025-12-01,2026-02-01,2,0.0,0.0,0.0,0.0,0.0
10430,Lee Cooper Ladies 3 Hands Fn Silver&Blue (LC07824.380),dead_stock,dead_stock,2025-12-01,2026-03-01,3,0.0,0.0,0.0,0.0,0.0
10430,Lee Cooper Ladies 3 Hands Fn Silver&Blue (LC07824.380),dead_stock,dead_stock,2025-12-01,2026-04-01,4,0.0,0.0,0.0,0.0,0.0
10430,Lee Cooper Ladies 3 Hands Fn Silver&Blue (LC07824.380),dead_stock,dead_stock,2025-12-01,2026-04-01,40,0.0,0.0,0.0,0.0,0.0
10430,Lee Cooper Ladies 3 Hands Fn Silver&Blue (LC07824.380),dead_stock,dead_stock,2026-01-01,2026-02-01,1,0.0,0.0,0.0,0.0,0.0
10430,Lee Cooper Ladies 3 Hands Fn Silver&Blue (LC07824.380),dead_stock,dead_stock,2026-01-01,2026-03-01,2,0.0,0.0,0.0,0.0,0.0
10430,Lee Cooper Ladies 3 Hands Fn Silver&Blue (LC07824.380),dead_stock,dead_stock,2026-01-01,2026-04-01,3,0.0,0.0,0.0,0.0,0.0
10430,Lee Cooper Ladies 3 Hands Fn Silver&Blue (LC07824.380),dead_stock,dead_stock,2026-01-01,2026-05-01,4,0.0,0.0,0.0,0.0,0.0
10430,Lee Cooper Ladies 3 Hands Fn Silver&Blue (LC07824.380),dead_stock,dead_stock,2026-01-01,2026-05-01,40,0.0,0.0,0.0,0.0,0.0
10430,Lee Cooper Ladies 3 Hands Fn Silver&Blue (LC07824.380),dead_stock,dead_stock,2026-02-01,2026-03-01,1,0.0,0.0,0.0,0.0,0.0
10430,Lee Cooper Ladies 3 Hands Fn Silver&Blue (LC07824.380),dead_stock,dead_stock,2026-02-01,2026-04-01,2,0.0,0.0,0.0,0.0,0.0
10430,Lee Cooper Ladies 3 Hands Fn Silver&Blue (LC07824.380),dead_stock,dead_stock,2026-02-01,2026-05-01,3,0.0,0.0,0.0,0.0,0.0
10430,Lee Cooper Ladies 3 Hands Fn Silver&Blue (LC07824.380),dead_stock,dead_stock,2026-02-01,2026-06-01,4,0.0,0.0,0.0,0.0,0.0
10430,Lee Cooper Ladies 3 Hands Fn Silver&Blue (LC07824.380),dead_stock,dead_stock,2026-02-01,2026-06-01,40,0.0,0.0,0.0,0.0,0.0
10430,Lee Cooper Ladies 3 Hands Fn Silver&Blue (LC07824.380),dead_stock,dead_stock,2026-03-01,2026-04-01,1,0.0,0.0,0.0,0.0,0.0
10430,Lee Cooper Ladies 3 Hands Fn Silver&Blue (LC07824.380),dead_stock,dead_stock,2026-03-01,2026-05-01,2,0.0,0.0,0.0,0.0,0.0
10430,Lee Cooper Ladies 3 Hands Fn Silver&Blue (LC07824.380),dead_stock,dead_stock,2026-03-01,2026-06-01,3,0.0,0.0,0.0,0.0,0.0
10430,Lee Cooper Ladies 3 Hands Fn Silver&Blue (LC07824.380),dead_stock,dead_stock,2026-03-01,2026-07-01,4,0.0,0.0,0.0,0.0,0.0
10430,Lee Cooper Ladies 3 Hands Fn Silver&Blue (LC07824.380),dead_stock,dead_stock,2026-03-01,2026-07-01,40,0.0,0.0,0.0,0.0,0.0
10430,Lee Cooper Ladies 3 Hands Fn Silver&Blue (LC07824.380),dead_stock,dead_stock,2026-04-01,2026-05-01,1,0.0,0.0,0.0,0.0,0.0
10430,Lee Cooper Ladies 3 Hands Fn Silver&Blue (LC07824.380),dead_stock,dead_stock,2026-04-01,2026-06-01,2,0.0,0.0,0.0,0.0,0.0
10430,Lee Cooper Ladies 3 Hands Fn Silver&Blue (LC07824.380),dead_stock,dead_stock,2026-04-01,2026-07-01,3,0.0,0.0,0.0,0.0,0.0
10430,Lee Cooper Ladies 3 Hands Fn Silver&Blue (LC07824.380),dead_stock,dead_stock,2026-04-01,2026-08-01,4,0.0,0.0,0.0,0.0,0.0
10430,Lee Cooper Ladies 3 Hands Fn Silver&Blue (LC07824.380),dead_stock,dead_stock,2026-04-01,2026-08-01,40,0.0,0.0,0.0,0.0,0.0
10430,Lee Cooper Ladies 3 Hands Fn Silver&Blue (LC07824.380),dead_stock,dead_stock,2026-05-01,2026-06-01,1,0.0,0.0,0.0,0.0,0.0
10430,Lee Cooper Ladies 3 Hands Fn Silver&Blue (LC07824.380),dead_stock,dead_stock,2026-05-01,2026-07-01,2,0.0,0.0,0.0,0.0,0.0
10430,Lee Cooper Ladies 3 Hands Fn Silver&Blue (LC07824.380),dead_stock,dead_stock,2026-05-01,2026-08-01,3,0.0,0.0,0.0,0.0,0.0
10430,Lee Cooper Ladies 3 Hands Fn Silver&Blue (LC07824.380),dead_stock,dead_stock,2026-05-01,2026-09-01,4,0.0,0.0,0.0,0.0,0.0
10430,Lee Cooper Ladies 3 Hands Fn Silver&Blue (LC07824.380),dead_stock,dead_stock,2026-05-01,2026-09-01,40,0.0,0.0,0.0,0.0,0.0
10430,Lee Cooper Ladies 3 Hands Fn Silver&Blue (LC07824.380),dead_stock,dead_stock,2026-06-01,2026-07-01,1,0.0,0.0,0.0,0.0,0.0
10430,Lee Cooper Ladies 3 Hands Fn Silver&Blue (LC07824.380),dead_stock,dead_stock,2026-06-01,2026-08-01,2,0.0,0.0,0.0,0.0,0.0
10430,Lee Cooper Ladies 3 Hands Fn Silver&Blue (LC07824.380),dead_stock,dead_stock,2026-06-01,2026-09-01,3,0.0,0.0,0.0,0.0,0.0
10430,Lee Cooper Ladies 3 Hands Fn Silver&Blue (LC07824.380),dead_stock,dead_stock,2026-07-01,2026-08-01,1,0.0,0.0,0.0,0.0,0.0
10430,Lee Cooper Ladies 3 Hands Fn Silver&Blue (LC07824.380),dead_stock,dead_stock,2026-07-01,2026-09-01,2,0.0,0.0,0.0,0.0,0.0
10430,Lee Cooper Ladies 3 Hands Fn Silver&Blue (LC07824.380),dead_stock,dead_stock,2026-08-01,2026-09-01,1,0.0,0.0,0.0,0.0,0.0
6114,366-26,intermittent,dead_stock,2023-11-01,2023-12-01,1,0.0,0.0,0.0,0.0,0.0
6114,366-26,intermittent,dead_stock,2023-11-01,2024-01-01,2,0.0,0.0,0.0,0.0,0.0
6114,366-26,intermittent,dead_stock,2023-11-01,2024-02-01,3,0.0,0.0,0.0,0.0,0.0
6114,366-26,intermittent,dead_stock,2023-11-01,2024-03-01,4,0.0,0.0,0.0,0.0,0.0
6114,366-26,intermittent,dead_stock,2023-11-01,2024-03-01,40,0.0,0.0,0.0,0.0,0.0
6114,366-26,intermittent,dead_stock,2023-12-01,2024-01-01,1,0.0,0.0,0.0,0.0,0.0
6114,366-26,intermittent,dead_stock,2023-12-01,2024-02-01,2,0.0,0.0,0.0,0.0,0.0
6114,366-26,intermittent,dead_stock,2023-12-01,2024-03-01,3,0.0,0.0,0.0,0.0,0.0
6114,366-26,intermittent,dead_stock,2023-12-01,2024-04-01,4,0.0,0.0,0.0,0.0,0.0
6114,366-26,intermittent,dead_stock,2023-12-01,2024-04-01,40,0.0,0.0,0.0,0.0,0.0
6114,366-26,intermittent,dead_stock,2024-01-01,2024-02-01,1,0.0,0.0,0.0,0.0,0.0
6114,366-26,intermittent,dead_stock,2024-01-01,2024-03-01,2,0.0,0.0,0.0,0.0,0.0
6114,366-26,intermittent,dead_stock,2024-01-01,2024-04-01,3,0.0,0.0,0.0,0.0,0.0
6114,366-26,intermittent,dead_stock,2024-01-01,2024-05-01,4,0.0,0.0,0.0,0.0,0.0
6114,366-26,intermittent,dead_stock,2024-01-01,2024-05-01,40,0.0,0.0,0.0,0.0,0.0
6114,366-26,intermittent,dead_stock,2024-02-01,2024-03-01,1,0.0,0.0,0.0,0.0,0.0
6114,366-26,intermittent,dead_stock,2024-02-01,2024-04-01,2,0.0,0.0,0.0,0.0,0.0
6114,366-26,intermittent,dead_stock,2024-02-01,2024-05-01,3,0.0,0.0,0.0,0.0,0.0
6114,366-26,intermittent,dead_stock,2024-02-01,2024-06-01,4,8.0,0.0,-8.0,8.0,8.0
6114,366-26,intermittent,dead_stock,2024-02-01,2024-06-01,40,8.0,0.0,-8.0,8.0,8.0
6114,366-26,intermittent,dead_stock,2024-03-01,2024-04-01,1,0.0,0.0,0.0,0.0,0.0
6114,366-26,intermittent,dead_stock,2024-03-01,2024-05-01,2,0.0,0.0,0.0,0.0,0.0
6114,366-26,intermittent,dead_stock,2024-03-01,2024-06-01,3,8.0,0.0,-8.0,8.0,8.0
6114,366-26,intermittent,dead_stock,2024-03-01,2024-07-01,4,0.0,0.0,0.0,0.0,0.0
6114,366-26,intermittent,dead_stock,2024-03-01,2024-07-01,40,8.0,0.0,-8.0,8.0,8.0
6114,366-26,intermittent,dead_stock,2024-04-01,2024-05-01,1,0.0,0.0,0.0,0.0,0.0
6114,366-26,intermittent,dead_stock,2024-04-01,2024-06-01,2,8.0,0.0,-8.0,8.0,8.0
6114,366-26,intermittent,dead_stock,2024-04-01,2024-07-01,3,0.0,0.0,0.0,0.0,0.0
6114,366-26,intermittent,dead_stock,2024-04-01,2024-08-01,4,0.0,0.0,0.0,0.0,0.0
6114,366-26,intermittent,dead_stock,2024-04-01,2024-08-01,40,8.0,0.0,-8.0,8.0,8.0
6114,366-26,dead_stock,dead_stock,2024-05-01,2024-06-01,1,8.0,0.0,-8.0,8.0,8.0
6114,366-26,dead_stock,dead_stock,2024-05-01,2024-07-01,2,0.0,0.0,0.0,0.0,0.0
6114,366-26,dead_stock,dead_stock,2024-05-01,2024-08-01,3,0.0,0.0,0.0,0.0,0.0
6114,366-26,dead_stock,dead_stock,2024-05-01,2024-09-01,4,0.0,0.0,0.0,0.0,0.0
6114,366-26,dead_stock,dead_stock,2024-05-01,2024-09-01,40,8.0,0.0,-8.0,8.0,8.0
6114,366-26,intermittent,dead_stock,2024-06-01,2024-07-01,1,0.0,0.0,0.0,0.0,0.0
6114,366-26,intermittent,dead_stock,2024-06-01,2024-08-01,2,0.0,0.0,0.0,0.0,0.0
6114,366-26,intermittent,dead_stock,2024-06-01,2024-09-01,3,0.0,0.0,0.0,0.0,0.0
6114,366-26,intermittent,dead_stock,2024-06-01,2024-10-01,4,0.0,0.0,0.0,0.0,0.0
6114,366-26,intermittent,dead_stock,2024-06-01,2024-10-01,40,0.0,0.0,0.0,0.0,0.0
6114,366-26,intermittent,dead_stock,2024-07-01,2024-08-01,1,0.0,0.0,0.0,0.0,0.0
6114,366-26,intermittent,dead_stock,2024-07-01,2024-09-01,2,0.0,0.0,0.0,0.0,0.0
6114,366-26,intermittent,dead_stock,2024-07-01,2024-10-01,3,0.0,0.0,0.0,0.0,0.0
6114,366-26,intermittent,dead_stock,2024-07-01,2024-11-01,4,0.0,0.0,0.0,0.0,0.0
6114,366-26,intermittent,dead_stock,2024-07-01,2024-11-01,40,0.0,0.0,0.0,0.0,0.0
6114,366-26,intermittent,dead_stock,2024-08-01,2024-09-01,1,0.0,0.0,0.0,0.0,0.0
6114,366-26,intermittent,dead_stock,2024-08-01,2024-10-01,2,0.0,0.0,0.0,0.0,0.0
6114,366-26,intermittent,dead_stock,2024-08-01,2024-11-01,3,0.0,0.0,0.0,0.0,0.0
6114,366-26,intermittent,dead_stock,2024-08-01,2024-12-01,4,0.0,0.0,0.0,0.0,0.0
6114,366-26,intermittent,dead_stock,2024-08-01,2024-12-01,40,0.0,0.0,0.0,0.0,0.0
6114,366-26,intermittent,dead_stock,2024-09-01,2024-10-01,1,0.0,0.0,0.0,0.0,0.0
6114,366-26,intermittent,dead_stock,2024-09-01,2024-11-01,2,0.0,0.0,0.0,0.0,0.0
6114,366-26,intermittent,dead_stock,2024-09-01,2024-12-01,3,0.0,0.0,0.0,0.0,0.0
6114,366-26,intermittent,dead_stock,2024-09-01,2025-01-01,4,0.0,0.0,0.0,0.0,0.0
6114,366-26,intermittent,dead_stock,2024-09-01,2025-01-01,40,0.0,0.0,0.0,0.0,0.0
6114,366-26,intermittent,dead_stock,2024-10-01,2024-11-01,1,0.0,0.0,0.0,0.0,0.0
6114,366-26,intermittent,dead_stock,2024-10-01,2024-12-01,2,0.0,0.0,0.0,0.0,0.0
6114,366-26,intermittent,dead_stock,2024-10-01,2025-01-01,3,0.0,0.0,0.0,0.0,0.0
6114,366-26,intermittent,dead_stock,2024-10-01,2025-02-01,4,0.0,0.0,0.0,0.0,0.0
6114,366-26,intermittent,dead_stock,2024-10-01,2025-02-01,40,0.0,0.0,0.0,0.0,0.0
6114,366-26,intermittent,dead_stock,2024-11-01,2024-12-01,1,0.0,0.0,0.0,0.0,0.0
6114,366-26,intermittent,dead_stock,2024-11-01,2025-01-01,2,0.0,0.0,0.0,0.0,0.0
6114,366-26,intermittent,dead_stock,2024-11-01,2025-02-01,3,0.0,0.0,0.0,0.0,0.0
6114,366-26,intermittent,dead_stock,2024-11-01,2025-03-01,4,0.0,0.0,0.0,0.0,0.0
6114,366-26,intermittent,dead_stock,2024-11-01,2025-03-01,40,0.0,0.0,0.0,0.0,0.0
6114,366-26,dead_stock,dead_stock,2024-12-01,2025-01-01,1,0.0,0.0,0.0,0.0,0.0
6114,366-26,dead_stock,dead_stock,2024-12-01,2025-02-01,2,0.0,0.0,0.0,0.0,0.0
6114,366-26,dead_stock,dead_stock,2024-12-01,2025-03-01,3,0.0,0.0,0.0,0.0,0.0
6114,366-26,dead_stock,dead_stock,2024-12-01,2025-04-01,4,0.0,0.0,0.0,0.0,0.0
6114,366-26,dead_stock,dead_stock,2024-12-01,2025-04-01,40,0.0,0.0,0.0,0.0,0.0
6114,366-26,dead_stock,dead_stock,2025-01-01,2025-02-01,1,0.0,0.0,0.0,0.0,0.0
6114,366-26,dead_stock,dead_stock,2025-01-01,2025-03-01,2,0.0,0.0,0.0,0.0,0.0
6114,366-26,dead_stock,dead_stock,2025-01-01,2025-04-01,3,0.0,0.0,0.0,0.0,0.0
6114,366-26,dead_stock,dead_stock,2025-01-01,2025-05-01,4,0.0,0.0,0.0,0.0,0.0
6114,366-26,dead_stock,dead_stock,2025-01-01,2025-05-01,40,0.0,0.0,0.0,0.0,0.0
6114,366-26,dead_stock,dead_stock,2025-02-01,2025-03-01,1,0.0,0.0,0.0,0.0,0.0
6114,366-26,dead_stock,dead_stock,2025-02-01,2025-04-01,2,0.0,0.0,0.0,0.0,0.0
6114,366-26,dead_stock,dead_stock,2025-02-01,2025-05-01,3,0.0,0.0,0.0,0.0,0.0
6114,366-26,dead_stock,dead_stock,2025-02-01,2025-06-01,4,0.0,0.0,0.0,0.0,0.0
6114,366-26,dead_stock,dead_stock,2025-02-01,2025-06-01,40,0.0,0.0,0.0,0.0,0.0
6114,366-26,dead_stock,dead_stock,2025-03-01,2025-04-01,1,0.0,0.0,0.0,0.0,0.0
6114,366-26,dead_stock,dead_stock,2025-03-01,2025-05-01,2,0.0,0.0,0.0,0.0,0.0
6114,366-26,dead_stock,dead_stock,2025-03-01,2025-06-01,3,0.0,0.0,0.0,0.0,0.0
6114,366-26,dead_stock,dead_stock,2025-03-01,2025-07-01,4,0.0,0.0,0.0,0.0,0.0
6114,366-26,dead_stock,dead_stock,2025-03-01,2025-07-01,40,0.0,0.0,0.0,0.0,0.0
6114,366-26,dead_stock,dead_stock,2025-04-01,2025-05-01,1,0.0,0.0,0.0,0.0,0.0
6114,366-26,dead_stock,dead_stock,2025-04-01,2025-06-01,2,0.0,0.0,0.0,0.0,0.0
6114,366-26,dead_stock,dead_stock,2025-04-01,2025-07-01,3,0.0,0.0,0.0,0.0,0.0
6114,366-26,dead_stock,dead_stock,2025-04-01,2025-08-01,4,0.0,0.0,0.0,0.0,0.0
6114,366-26,dead_stock,dead_stock,2025-04-01,2025-08-01,40,0.0,0.0,0.0,0.0,0.0
6114,366-26,dead_stock,dead_stock,2025-05-01,2025-06-01,1,0.0,0.0,0.0,0.0,0.0
6114,366-26,dead_stock,dead_stock,2025-05-01,2025-07-01,2,0.0,0.0,0.0,0.0,0.0
6114,366-26,dead_stock,dead_stock,2025-05-01,2025-08-01,3,0.0,0.0,0.0,0.0,0.0
6114,366-26,dead_stock,dead_stock,2025-05-01,2025-09-01,4,0.0,0.0,0.0,0.0,0.0
6114,366-26,dead_stock,dead_stock,2025-05-01,2025-09-01,40,0.0,0.0,0.0,0.0,0.0
6114,366-26,dead_stock,dead_stock,2025-06-01,2025-07-01,1,0.0,0.0,0.0,0.0,0.0
6114,366-26,dead_stock,dead_stock,2025-06-01,2025-08-01,2,0.0,0.0,0.0,0.0,0.0
6114,366-26,dead_stock,dead_stock,2025-06-01,2025-09-01,3,0.0,0.0,0.0,0.0,0.0
6114,366-26,dead_stock,dead_stock,2025-06-01,2025-10-01,4,6.0,0.0,-6.0,6.0,6.0
6114,366-26,dead_stock,dead_stock,2025-06-01,2025-10-01,40,6.0,0.0,-6.0,6.0,6.0
6114,366-26,dead_stock,dead_stock,2025-07-01,2025-08-01,1,0.0,0.0,0.0,0.0,0.0
6114,366-26,dead_stock,dead_stock,2025-07-01,2025-09-01,2,0.0,0.0,0.0,0.0,0.0
6114,366-26,dead_stock,dead_stock,2025-07-01,2025-10-01,3,6.0,0.0,-6.0,6.0,6.0
6114,366-26,dead_stock,dead_stock,2025-07-01,2025-11-01,4,0.0,0.0,0.0,0.0,0.0
6114,366-26,dead_stock,dead_stock,2025-07-01,2025-11-01,40,6.0,0.0,-6.0,6.0,6.0
6114,366-26,dead_stock,dead_stock,2025-08-01,2025-09-01,1,0.0,0.0,0.0,0.0,0.0
6114,366-26,dead_stock,dead_stock,2025-08-01,2025-10-01,2,6.0,0.0,-6.0,6.0,6.0
6114,366-26,dead_stock,dead_stock,2025-08-01,2025-11-01,3,0.0,0.0,0.0,0.0,0.0
6114,366-26,dead_stock,dead_stock,2025-08-01,2025-12-01,4,0.0,0.0,0.0,0.0,0.0
6114,366-26,dead_stock,dead_stock,2025-08-01,2025-12-01,40,6.0,0.0,-6.0,6.0,6.0
6114,366-26,dead_stock,dead_stock,2025-09-01,2025-10-01,1,6.0,0.0,-6.0,6.0,6.0
6114,366-26,dead_stock,dead_stock,2025-09-01,2025-11-01,2,0.0,0.0,0.0,0.0,0.0
6114,366-26,dead_stock,dead_stock,2025-09-01,2025-12-01,3,0.0,0.0,0.0,0.0,0.0
6114,366-26,dead_stock,dead_stock,2025-09-01,2026-01-01,4,0.0,0.0,0.0,0.0,0.0
6114,366-26,dead_stock,dead_stock,2025-09-01,2026-01-01,40,6.0,0.0,-6.0,6.0,6.0
6114,366-26,intermittent,dead_stock,2025-10-01,2025-11-01,1,0.0,0.0,0.0,0.0,0.0
6114,366-26,intermittent,dead_stock,2025-10-01,2025-12-01,2,0.0,0.0,0.0,0.0,0.0
6114,366-26,intermittent,dead_stock,2025-10-01,2026-01-01,3,0.0,0.0,0.0,0.0,0.0
6114,366-26,intermittent,dead_stock,2025-10-01,2026-02-01,4,6.0,0.0,-6.0,6.0,6.0
6114,366-26,intermittent,dead_stock,2025-10-01,2026-02-01,40,6.0,0.0,-6.0,6.0,6.0
6114,366-26,intermittent,dead_stock,2025-11-01,2025-12-01,1,0.0,0.0,0.0,0.0,0.0
6114,366-26,intermittent,dead_stock,2025-11-01,2026-01-01,2,0.0,0.0,0.0,0.0,0.0
6114,366-26,intermittent,dead_stock,2025-11-01,2026-02-01,3,6.0,0.0,-6.0,6.0,6.0
6114,366-26,intermittent,dead_stock,2025-11-01,2026-03-01,4,0.0,0.0,0.0,0.0,0.0
6114,366-26,intermittent,dead_stock,2025-11-01,2026-03-01,40,6.0,0.0,-6.0,6.0,6.0
6114,366-26,intermittent,dead_stock,2025-12-01,2026-01-01,1,0.0,0.0,0.0,0.0,0.0
6114,366-26,intermittent,dead_stock,2025-12-01,2026-02-01,2,6.0,0.0,-6.0,6.0,6.0
6114,366-26,intermittent,dead_stock,2025-12-01,2026-03-01,3,0.0,0.0,0.0,0.0,0.0
6114,366-26,intermittent,dead_stock,2025-12-01,2026-04-01,4,0.0,0.0,0.0,0.0,0.0
6114,366-26,intermittent,dead_stock,2025-12-01,2026-04-01,40,6.0,0.0,-6.0,6.0,6.0
6114,366-26,intermittent,dead_stock,2026-01-01,2026-02-01,1,6.0,0.0,-6.0,6.0,6.0
6114,366-26,intermittent,dead_stock,2026-01-01,2026-03-01,2,0.0,0.0,0.0,0.0,0.0
6114,366-26,intermittent,dead_stock,2026-01-01,2026-04-01,3,0.0,0.0,0.0,0.0,0.0
6114,366-26,intermittent,dead_stock,2026-01-01,2026-05-01,4,0.0,0.0,0.0,0.0,0.0
6114,366-26,intermittent,dead_stock,2026-01-01,2026-05-01,40,6.0,0.0,-6.0,6.0,6.0
6114,366-26,intermittent,dead_stock,2026-02-01,2026-03-01,1,0.0,0.0,0.0,0.0,0.0
6114,366-26,intermittent,dead_stock,2026-02-01,2026-04-01,2,0.0,0.0,0.0,0.0,0.0
6114,366-26,intermittent,dead_stock,2026-02-01,2026-05-01,3,0.0,0.0,0.0,0.0,0.0
6114,366-26,intermittent,dead_stock,2026-02-01,2026-06-01,4,0.0,0.0,0.0,0.0,0.0
6114,366-26,intermittent,dead_stock,2026-02-01,2026-06-01,40,0.0,0.0,0.0,0.0,0.0
6114,366-26,intermittent,dead_stock,2026-03-01,2026-04-01,1,0.0,0.0,0.0,0.0,0.0
6114,366-26,intermittent,dead_stock,2026-03-01,2026-05-01,2,0.0,0.0,0.0,0.0,0.0
6114,366-26,intermittent,dead_stock,2026-03-01,2026-06-01,3,0.0,0.0,0.0,0.0,0.0
6114,366-26,intermittent,dead_stock,2026-03-01,2026-07-01,4,0.0,0.0,0.0,0.0,0.0
6114,366-26,intermittent,dead_stock,2026-03-01,2026-07-01,40,0.0,0.0,0.0,0.0,0.0
6114,366-26,intermittent,dead_stock,2026-04-01,2026-05-01,1,0.0,0.0,0.0,0.0,0.0
6114,366-26,intermittent,dead_stock,2026-04-01,2026-06-01,2,0.0,0.0,0.0,0.0,0.0
6114,366-26,intermittent,dead_stock,2026-04-01,2026-07-01,3,0.0,0.0,0.0,0.0,0.0
6114,366-26,intermittent,dead_stock,2026-04-01,2026-08-01,4,0.0,0.0,0.0,0.0,0.0
6114,366-26,intermittent,dead_stock,2026-04-01,2026-08-01,40,0.0,0.0,0.0,0.0,0.0
6114,366-26,intermittent,dead_stock,2026-05-01,2026-06-01,1,0.0,0.0,0.0,0.0,0.0
6114,366-26,intermittent,dead_stock,2026-05-01,2026-07-01,2,0.0,0.0,0.0,0.0,0.0
6114,366-26,intermittent,dead_stock,2026-05-01,2026-08-01,3,0.0,0.0,0.0,0.0,0.0
6114,366-26,intermittent,dead_stock,2026-05-01,2026-09-01,4,0.0,0.0,0.0,0.0,0.0
6114,366-26,intermittent,dead_stock,2026-05-01,2026-09-01,40,0.0,0.0,0.0,0.0,0.0
6114,366-26,intermittent,dead_stock,2026-06-01,2026-07-01,1,0.0,0.0,0.0,0.0,0.0
6114,366-26,intermittent,dead_stock,2026-06-01,2026-08-01,2,0.0,0.0,0.0,0.0,0.0
6114,366-26,intermittent,dead_stock,2026-06-01,2026-09-01,3,0.0,0.0,0.0,0.0,0.0
6114,366-26,intermittent,dead_stock,2026-07-01,2026-08-01,1,0.0,0.0,0.0,0.0,0.0
6114,366-26,intermittent,dead_stock,2026-07-01,2026-09-01,2,0.0,0.0,0.0,0.0,0.0
6114,366-26,dead_stock,dead_stock,2026-08-01,2026-09-01,1,0.0,0.0,0.0,0.0,0.0
1595,201-55,intermittent,intermittent,2024-01-01,2024-02-01,1,0.0,0.0,0.0,0.0,0.0
1595,201-55,intermittent,intermittent,2024-01-01,2024-03-01,2,0.0,0.0,0.0,0.0,0.0
1595,201-55,intermittent,intermittent,2024-01-01,2024-04-01,3,0.0,0.0,0.0,0.0,0.0
1595,201-55,intermittent,intermittent,2024-01-01,2024-05-01,4,4.0,0.0,-4.0,4.0,4.0
1595,201-55,intermittent,intermittent,2024-01-01,2024-05-01,40,4.0,0.0,-4.0,4.0,4.0
1595,201-55,intermittent,intermittent,2024-02-01,2024-03-01,1,0.0,0.0,0.0,0.0,0.0
1595,201-55,intermittent,intermittent,2024-02-01,2024-04-01,2,0.0,0.0,0.0,0.0,0.0
1595,201-55,intermittent,intermittent,2024-02-01,2024-05-01,3,4.0,0.0,-4.0,4.0,4.0
1595,201-55,intermittent,intermittent,2024-02-01,2024-06-01,4,0.0,0.0,0.0,0.0,0.0
1595,201-55,intermittent,intermittent,2024-02-01,2024-06-01,40,4.0,0.0,-4.0,4.0,4.0
1595,201-55,intermittent,intermittent,2024-03-01,2024-04-01,1,0.0,0.0,0.0,0.0,0.0
1595,201-55,intermittent,intermittent,2024-03-01,2024-05-01,2,4.0,0.0,-4.0,4.0,4.0
1595,201-55,intermittent,intermittent,2024-03-01,2024-06-01,3,0.0,0.0,0.0,0.0,0.0
1595,201-55,intermittent,intermittent,2024-03-01,2024-07-01,4,0.0,0.0,0.0,0.0,0.0
1595,201-55,intermittent,intermittent,2024-03-01,2024-07-01,40,4.0,0.0,-4.0,4.0,4.0
1595,201-55,intermittent,intermittent,2024-04-01,2024-05-01,1,4.0,0.0,-4.0,4.0,4.0
1595,201-55,intermittent,intermittent,2024-04-01,2024-06-01,2,0.0,0.0,0.0,0.0,0.0
1595,201-55,intermittent,intermittent,2024-04-01,2024-07-01,3,0.0,0.0,0.0,0.0,0.0
1595,201-55,intermittent,intermittent,2024-04-01,2024-08-01,4,0.0,0.0,0.0,0.0,0.0
1595,201-55,intermittent,intermittent,2024-04-01,2024-08-01,40,4.0,0.0,-4.0,4.0,4.0
1595,201-55,intermittent,intermittent,2024-05-01,2024-06-01,1,0.0,0.0,0.0,0.0,0.0
1595,201-55,intermittent,intermittent,2024-05-01,2024-07-01,2,0.0,0.0,0.0,0.0,0.0
1595,201-55,intermittent,intermittent,2024-05-01,2024-08-01,3,0.0,0.0,0.0,0.0,0.0
1595,201-55,intermittent,intermittent,2024-05-01,2024-09-01,4,0.0,0.0,0.0,0.0,0.0
1595,201-55,intermittent,intermittent,2024-05-01,2024-09-01,40,0.0,0.0,0.0,0.0,0.0
1595,201-55,intermittent,intermittent,2024-06-01,2024-07-01,1,0.0,0.0,0.0,0.0,0.0
1595,201-55,intermittent,intermittent,2024-06-01,2024-08-01,2,0.0,0.0,0.0,0.0,0.0
1595,201-55,intermittent,intermittent,2024-06-01,2024-09-01,3,0.0,0.0,0.0,0.0,0.0
1595,201-55,intermittent,intermittent,2024-06-01,2024-10-01,4,11.5,0.0,-11.5,11.5,11.5
1595,201-55,intermittent,intermittent,2024-06-01,2024-10-01,40,11.5,0.0,-11.5,11.5,11.5
1595,201-55,intermittent,intermittent,2024-07-01,2024-08-01,1,0.0,0.0,0.0,0.0,0.0
1595,201-55,intermittent,intermittent,2024-07-01,2024-09-01,2,0.0,0.0,0.0,0.0,0.0
1595,201-55,intermittent,intermittent,2024-07-01,2024-10-01,3,11.5,0.0,-11.5,11.5,11.5
1595,201-55,intermittent,intermittent,2024-07-01,2024-11-01,4,25.0,0.0,-25.0,25.0,25.0
1595,201-55,intermittent,intermittent,2024-07-01,2024-11-01,40,36.5,0.0,-36.5,36.5,36.5
1595,201-55,intermittent,intermittent,2024-08-01,2024-09-01,1,0.0,0.0,0.0,0.0,0.0
1595,201-55,intermittent,intermittent,2024-08-01,2024-10-01,2,11.5,0.0,-11.5,11.5,11.5
1595,201-55,intermittent,intermittent,2024-08-01,2024-11-01,3,25.0,0.0,-25.0,25.0,25.0
1595,201-55,intermittent,intermittent,2024-08-01,2024-12-01,4,0.0,0.0,0.0,0.0,0.0
1595,201-55,intermittent,intermittent,2024-08-01,2024-12-01,40,36.5,0.0,-36.5,36.5,36.5
1595,201-55,intermittent,intermittent,2024-09-01,2024-10-01,1,11.5,0.0,-11.5,11.5,11.5
1595,201-55,intermittent,intermittent,2024-09-01,2024-11-01,2,25.0,0.0,-25.0,25.0,25.0
1595,201-55,intermittent,intermittent,2024-09-01,2024-12-01,3,0.0,0.0,0.0,0.0,0.0
1595,201-55,intermittent,intermittent,2024-09-01,2025-01-01,4,0.0,0.0,0.0,0.0,0.0
1595,201-55,intermittent,intermittent,2024-09-01,2025-01-01,40,36.5,0.0,-36.5,36.5,36.5
1595,201-55,intermittent,intermittent,2024-10-01,2024-11-01,1,25.0,0.0,-25.0,25.0,25.0
1595,201-55,intermittent,intermittent,2024-10-01,2024-12-01,2,0.0,0.0,0.0,0.0,0.0
1595,201-55,intermittent,intermittent,2024-10-01,2025-01-01,3,0.0,0.0,0.0,0.0,0.0
1595,201-55,intermittent,intermittent,2024-10-01,2025-02-01,4,0.0,0.0,0.0,0.0,0.0
1595,201-55,intermittent,intermittent,2024-10-01,2025-02-01,40,25.0,0.0,-25.0,25.0,25.0
1595,201-55,intermittent,intermittent,2024-11-01,2024-12-01,1,0.0,5.75,5.75,5.75,0.0
1595,201-55,intermittent,intermittent,2024-11-01,2025-01-01,2,0.0,8.625,8.625,8.625,0.0
1595,201-55,intermittent,intermittent,2024-11-01,2025-02-01,3,0.0,7.1875,7.1875,7.1875,0.0
1595,201-55,intermittent,intermittent,2024-11-01,2025-03-01,4,0.0,6.46875,6.46875,6.46875,0.0
1595,201-55,intermittent,intermittent,2024-11-01,2025-03-01,40,0.0,28.03125,28.03125,28.03125,0.0
1595,201-55,intermittent,intermittent,2024-12-01,2025-01-01,1,0.0,5.75,5.75,5.75,0.0
1595,201-55,intermittent,intermittent,2024-12-01,2025-02-01,2,0.0,2.875,2.875,2.875,0.0
1595,201-55,intermittent,intermittent,2024-12-01,2025-03-01,3,0.0,1.4375,1.4375,1.4375,0.0
1595,201-55,intermittent,intermittent,2024-12-01,2025-04-01,4,0.0,2.15625,2.15625,2.15625,0.0
1595,201-55,intermittent,intermittent,2024-12-01,2025-04-01,40,0.0,12.21875,12.21875,12.21875,0.0
1595,201-55,intermittent,intermittent,2025-01-01,2025-02-01,1,0.0,0.0,0.0,0.0,0.0
1595,201-55,intermittent,intermittent,2025-01-01,2025-03-01,2,0.0,0.0,0.0,0.0,0.0
1595,201-55,intermittent,intermittent,2025-01-01,2025-04-01,3,0.0,0.0,0.0,0.0,0.0
1595,201-55,intermittent,intermittent,2025-01-01,2025-05-01,4,0.0,0.0,0.0,0.0,0.0
1595,201-55,intermittent,intermittent,2025-01-01,2025-05-01,40,0.0,0.0,0.0,0.0,0.0
1595,201-55,intermittent,intermittent,2025-02-01,2025-03-01,1,0.0,0.0,0.0,0.0,0.0
1595,201-55,intermittent,intermittent,2025-02-01,2025-04-01,2,0.0,0.0,0.0,0.0,0.0
1595,201-55,intermittent,intermittent,2025-02-01,2025-05-01,3,0.0,0.0,0.0,0.0,0.0
1595,201-55,intermittent,intermittent,2025-02-01,2025-06-01,4,10.0,0.0,-10.0,10.0,10.0
1595,201-55,intermittent,intermittent,2025-02-01,2025-06-01,40,10.0,0.0,-10.0,10.0,10.0
1595,201-55,intermittent,intermittent,2025-03-01,2025-04-01,1,0.0,0.0,0.0,0.0,0.0
1595,201-55,intermittent,intermittent,2025-03-01,2025-05-01,2,0.0,0.0,0.0,0.0,0.0
1595,201-55,intermittent,intermittent,2025-03-01,2025-06-01,3,10.0,0.0,-10.0,10.0,10.0
1595,201-55,intermittent,intermittent,2025-03-01,2025-07-01,4,18.0,0.0,-18.0,18.0,18.0
1595,201-55,intermittent,intermittent,2025-03-01,2025-07-01,40,28.0,0.0,-28.0,28.0,28.0
1595,201-55,intermittent,intermittent,2025-04-01,2025-05-01,1,0.0,0.0,0.0,0.0,0.0
1595,201-55,intermittent,intermittent,2025-04-01,2025-06-01,2,10.0,0.0,-10.0,10.0,10.0
1595,201-55,intermittent,intermittent,2025-04-01,2025-07-01,3,18.0,0.0,-18.0,18.0,18.0
1595,201-55,intermittent,intermittent,2025-04-01,2025-08-01,4,0.0,0.0,0.0,0.0,0.0
1595,201-55,intermittent,intermittent,2025-04-01,2025-08-01,40,28.0,0.0,-28.0,28.0,28.0
1595,201-55,dead_stock,intermittent,2025-05-01,2025-06-01,1,10.0,0.0,-10.0,10.0,10.0
1595,201-55,dead_stock,intermittent,2025-05-01,2025-07-01,2,18.0,0.0,-18.0,18.0,18.0
1595,201-55,dead_stock,intermittent,2025-05-01,2025-08-01,3,0.0,0.0,0.0,0.0,0.0
1595,201-55,dead_stock,intermittent,2025-05-01,2025-09-01,4,0.0,0.0,0.0,0.0,0.0
1595,201-55,dead_stock,intermittent,2025-05-01,2025-09-01,40,28.0,0.0,-28.0,28.0,28.0
1595,201-55,intermittent,intermittent,2025-06-01,2025-07-01,1,18.0,0.0,-18.0,18.0,18.0
1595,201-55,intermittent,intermittent,2025-06-01,2025-08-01,2,0.0,0.0,0.0,0.0,0.0
1595,201-55,intermittent,intermittent,2025-06-01,2025-09-01,3,0.0,0.0,0.0,0.0,0.0
1595,201-55,intermittent,intermittent,2025-06-01,2025-10-01,4,1.5,0.0,-1.5,1.5,1.5
1595,201-55,intermittent,intermittent,2025-06-01,2025-10-01,40,19.5,0.0,-19.5,19.5,19.5
1595,201-55,intermittent,intermittent,2025-07-01,2025-08-01,1,0.0,5.0,5.0,5.0,0.0
1595,201-55,intermittent,intermittent,2025-07-01,2025-09-01,2,0.0,7.5,7.5,7.5,0.0
1595,201-55,intermittent,intermittent,2025-07-01,2025-10-01,3,1.5,6.25,4.75,4.75,0.0
1595,201-55,intermittent,intermittent,2025-07-01,2025-11-01,4,0.0,5.625,5.625,5.625,0.0
1595,201-55,intermittent,intermittent,2025-07-01,2025-11-01,40,1.5,24.375,22.875,22.875,0.0
1595,201-55,intermittent,intermittent,2025-08-01,2025-09-01,1,0.0,5.0,5.0,5.0,0.0
1595,201-55,intermittent,intermittent,2025-08-01,2025-10-01,2,1.5,2.5,1.0,1.0,0.0
1595,201-55,intermittent,intermittent,2025-08-01,2025-11-01,3,0.0,1.25,1.25,1.25,0.0
1595,201-55,intermittent,intermittent,2025-08-01,2025-12-01,4,4.0,1.875,-2.125,2.125,2.125
1595,201-55,intermittent,intermittent,2025-08-01,2025-12-01,40,5.5,10.625,5.125,5.125,0.0
1595,201-55,intermittent,intermittent,2025-09-01,2025-10-01,1,1.5,0.0,-1.5,1.5,1.5
1595,201-55,intermittent,intermittent,2025-09-01,2025-11-01,2,0.0,0.0,0.0,0.0,0.0
1595,201-55,intermittent,intermittent,2025-09-01,2025-12-01,3,4.0,0.0,-4.0,4.0,4.0
1595,201-55,intermittent,intermittent,2025-09-01,2026-01-01,4,4.0,0.0,-4.0,4.0,4.0
1595,201-55,intermittent,intermittent,2025-09-01,2026-01-01,40,9.5,0.0,-9.5,9.5,9.5
1595,201-55,intermittent,intermittent,2025-10-01,2025-11-01,1,0.0,0.0,0.0,0.0,0.0
1595,201-55,intermittent,intermittent,2025-10-01,2025-12-01,2,4.0,0.0,-4.0,4.0,4.0
1595,201-55,intermittent,intermittent,2025-10-01,2026-01-01,3,4.0,0.0,-4.0,4.0,4.0
1595,201-55,intermittent,intermittent,2025-10-01,2026-02-01,4,0.0,0.0,0.0,0.0,0.0
1595,201-55,intermittent,intermittent,2025-10-01,2026-02-01,40,8.0,0.0,-8.0,8.0,8.0
1595,201-55,intermittent,intermittent,2025-11-01,2025-12-01,1,4.0,0.0,-4.0,4.0,4.0
1595,201-55,intermittent,intermittent,2025-11-01,2026-01-01,2,4.0,0.0,-4.0,4.0,4.0
1595,201-55,intermittent,intermittent,2025-11-01,2026-02-01,3,0.0,0.0,0.0,0.0,0.0
1595,201-55,intermittent,intermittent,2025-11-01,2026-03-01,4,0.0,0.0,0.0,0.0,0.0
1595,201-55,intermittent,intermittent,2025-11-01,2026-03-01,40,8.0,0.0,-8.0,8.0,8.0
1595,201-55,intermittent,intermittent,2025-12-01,2026-01-01,1,4.0,0.75,-3.25,3.25,3.25
1595,201-55,intermittent,intermittent,2025-12-01,2026-02-01,2,0.0,0.375,0.375,0.375,0.0
1595,201-55,intermittent,intermittent,2025-12-01,2026-03-01,3,0.0,0.5625,0.5625,0.5625,0.0
1595,201-55,intermittent,intermittent,2025-12-01,2026-04-01,4,40.0,0.46875,-39.53125,39.53125,39.53125
1595,201-55,intermittent,intermittent,2025-12-01,2026-04-01,40,44.0,2.15625,-41.84375,41.84375,41.84375
1595,201-55,intermittent,intermittent,2026-01-01,2026-02-01,1,0.0,2.0,2.0,2.0,0.0
1595,201-55,intermittent,intermittent,2026-01-01,2026-03-01,2,0.0,3.0,3.0,3.0,0.0
1595,201-55,intermittent,intermittent,2026-01-01,2026-04-01,3,40.0,2.5,-37.5,37.5,37.5
1595,201-55,intermittent,intermittent,2026-01-01,2026-05-01,4,30.0,2.25,-27.75,27.75,27.75
1595,201-55,intermittent,intermittent,2026-01-01,2026-05-01,40,70.0,9.75,-60.25,60.25,60.25
1595,201-55,intermittent,intermittent,2026-02-01,2026-03-01,1,0.0,2.0,2.0,2.0,0.0
1595,201-55,intermittent,intermittent,2026-02-01,2026-04-01,2,40.0,1.0,-39.0,39.0,39.0
1595,201-55,intermittent,intermittent,2026-02-01,2026-05-01,3,30.0,0.5,-29.5,29.5,29.5
1595,201-55,intermittent,intermittent,2026-02-01,2026-06-01,4,10.0,0.75,-9.25,9.25,9.25
1595,201-55,intermittent,intermittent,2026-02-01,2026-06-01,40,80.0,4.25,-75.75,75.75,75.75
1595,201-55,intermittent,intermittent,2026-03-01,2026-04-01,1,40.0,0.0,-40.0,40.0,40.0
1595,201-55,intermittent,intermittent,2026-03-01,2026-05-01,2,30.0,0.0,-30.0,30.0,30.0
1595,201-55,intermittent,intermittent,2026-03-01,2026-06-01,3,10.0,0.0,-10.0,10.0,10.0
1595,201-55,intermittent,intermittent,2026-03-01,2026-07-01,4,35.0,0.0,-35.0,35.0,35.0
1595,201-55,intermittent,intermittent,2026-03-01,2026-07-01,40,115.0,0.0,-115.0,115.0,115.0
1595,201-55,intermittent,intermittent,2026-04-01,2026-05-01,1,30.0,0.0,-30.0,30.0,30.0
1595,201-55,intermittent,intermittent,2026-04-01,2026-06-01,2,10.0,0.0,-10.0,10.0,10.0
1595,201-55,intermittent,intermittent,2026-04-01,2026-07-01,3,35.0,0.0,-35.0,35.0,35.0
1595,201-55,intermittent,intermittent,2026-04-01,2026-08-01,4,0.0,0.0,0.0,0.0,0.0
1595,201-55,intermittent,intermittent,2026-04-01,2026-08-01,40,75.0,0.0,-75.0,75.0,75.0
1595,201-55,intermittent,intermittent,2026-05-01,2026-06-01,1,10.0,15.0,5.0,5.0,0.0
1595,201-55,intermittent,intermittent,2026-05-01,2026-07-01,2,35.0,22.5,-12.5,12.5,12.5
1595,201-55,intermittent,intermittent,2026-05-01,2026-08-01,3,0.0,18.75,18.75,18.75,0.0
1595,201-55,intermittent,intermittent,2026-05-01,2026-09-01,4,0.0,16.875,16.875,16.875,0.0
1595,201-55,intermittent,intermittent,2026-05-01,2026-09-01,40,45.0,73.125,28.125,28.125,0.0
1595,201-55,intermittent,intermittent,2026-06-01,2026-07-01,1,35.0,20.0,-15.0,15.0,15.0
1595,201-55,intermittent,intermittent,2026-06-01,2026-08-01,2,0.0,15.0,15.0,15.0,0.0
1595,201-55,intermittent,intermittent,2026-06-01,2026-09-01,3,0.0,12.5,12.5,12.5,0.0
1595,201-55,intermittent,intermittent,2026-07-01,2026-08-01,1,0.0,20.0,20.0,20.0,0.0
1595,201-55,intermittent,intermittent,2026-07-01,2026-09-01,2,0.0,15.0,15.0,15.0,0.0
1595,201-55,intermittent,intermittent,2026-08-01,2026-09-01,1,0.0,5.0,5.0,5.0,0.0
1268,Lisos 21,intermittent,dead_stock,2024-06-01,2024-07-01,1,0.0,0.0,0.0,0.0,0.0
1268,Lisos 21,intermittent,dead_stock,2024-06-01,2024-08-01,2,0.0,0.0,0.0,0.0,0.0
1268,Lisos 21,intermittent,dead_stock,2024-06-01,2024-09-01,3,0.0,0.0,0.0,0.0,0.0
1268,Lisos 21,intermittent,dead_stock,2024-06-01,2024-10-01,4,0.0,0.0,0.0,0.0,0.0
1268,Lisos 21,intermittent,dead_stock,2024-06-01,2024-10-01,40,0.0,0.0,0.0,0.0,0.0
1268,Lisos 21,dead_stock,dead_stock,2024-07-01,2024-08-01,1,0.0,0.0,0.0,0.0,0.0
1268,Lisos 21,dead_stock,dead_stock,2024-07-01,2024-09-01,2,0.0,0.0,0.0,0.0,0.0
1268,Lisos 21,dead_stock,dead_stock,2024-07-01,2024-10-01,3,0.0,0.0,0.0,0.0,0.0
1268,Lisos 21,dead_stock,dead_stock,2024-07-01,2024-11-01,4,0.0,0.0,0.0,0.0,0.0
1268,Lisos 21,dead_stock,dead_stock,2024-07-01,2024-11-01,40,0.0,0.0,0.0,0.0,0.0
1268,Lisos 21,dead_stock,dead_stock,2024-08-01,2024-09-01,1,0.0,0.0,0.0,0.0,0.0
1268,Lisos 21,dead_stock,dead_stock,2024-08-01,2024-10-01,2,0.0,0.0,0.0,0.0,0.0
1268,Lisos 21,dead_stock,dead_stock,2024-08-01,2024-11-01,3,0.0,0.0,0.0,0.0,0.0
1268,Lisos 21,dead_stock,dead_stock,2024-08-01,2024-12-01,4,0.0,0.0,0.0,0.0,0.0
1268,Lisos 21,dead_stock,dead_stock,2024-08-01,2024-12-01,40,0.0,0.0,0.0,0.0,0.0
1268,Lisos 21,dead_stock,dead_stock,2024-09-01,2024-10-01,1,0.0,0.0,0.0,0.0,0.0
1268,Lisos 21,dead_stock,dead_stock,2024-09-01,2024-11-01,2,0.0,0.0,0.0,0.0,0.0
1268,Lisos 21,dead_stock,dead_stock,2024-09-01,2024-12-01,3,0.0,0.0,0.0,0.0,0.0
1268,Lisos 21,dead_stock,dead_stock,2024-09-01,2025-01-01,4,0.0,0.0,0.0,0.0,0.0
1268,Lisos 21,dead_stock,dead_stock,2024-09-01,2025-01-01,40,0.0,0.0,0.0,0.0,0.0
1268,Lisos 21,dead_stock,dead_stock,2024-10-01,2024-11-01,1,0.0,0.0,0.0,0.0,0.0
1268,Lisos 21,dead_stock,dead_stock,2024-10-01,2024-12-01,2,0.0,0.0,0.0,0.0,0.0
1268,Lisos 21,dead_stock,dead_stock,2024-10-01,2025-01-01,3,0.0,0.0,0.0,0.0,0.0
1268,Lisos 21,dead_stock,dead_stock,2024-10-01,2025-02-01,4,0.0,0.0,0.0,0.0,0.0
1268,Lisos 21,dead_stock,dead_stock,2024-10-01,2025-02-01,40,0.0,0.0,0.0,0.0,0.0
1268,Lisos 21,dead_stock,dead_stock,2024-11-01,2024-12-01,1,0.0,0.0,0.0,0.0,0.0
1268,Lisos 21,dead_stock,dead_stock,2024-11-01,2025-01-01,2,0.0,0.0,0.0,0.0,0.0
1268,Lisos 21,dead_stock,dead_stock,2024-11-01,2025-02-01,3,0.0,0.0,0.0,0.0,0.0
1268,Lisos 21,dead_stock,dead_stock,2024-11-01,2025-03-01,4,0.0,0.0,0.0,0.0,0.0
1268,Lisos 21,dead_stock,dead_stock,2024-11-01,2025-03-01,40,0.0,0.0,0.0,0.0,0.0
1268,Lisos 21,dead_stock,dead_stock,2024-12-01,2025-01-01,1,0.0,0.0,0.0,0.0,0.0
1268,Lisos 21,dead_stock,dead_stock,2024-12-01,2025-02-01,2,0.0,0.0,0.0,0.0,0.0
1268,Lisos 21,dead_stock,dead_stock,2024-12-01,2025-03-01,3,0.0,0.0,0.0,0.0,0.0
1268,Lisos 21,dead_stock,dead_stock,2024-12-01,2025-04-01,4,0.0,0.0,0.0,0.0,0.0
1268,Lisos 21,dead_stock,dead_stock,2024-12-01,2025-04-01,40,0.0,0.0,0.0,0.0,0.0
1268,Lisos 21,dead_stock,dead_stock,2025-01-01,2025-02-01,1,0.0,0.0,0.0,0.0,0.0
1268,Lisos 21,dead_stock,dead_stock,2025-01-01,2025-03-01,2,0.0,0.0,0.0,0.0,0.0
1268,Lisos 21,dead_stock,dead_stock,2025-01-01,2025-04-01,3,0.0,0.0,0.0,0.0,0.0
1268,Lisos 21,dead_stock,dead_stock,2025-01-01,2025-05-01,4,0.0,0.0,0.0,0.0,0.0
1268,Lisos 21,dead_stock,dead_stock,2025-01-01,2025-05-01,40,0.0,0.0,0.0,0.0,0.0
1268,Lisos 21,dead_stock,dead_stock,2025-02-01,2025-03-01,1,0.0,0.0,0.0,0.0,0.0
1268,Lisos 21,dead_stock,dead_stock,2025-02-01,2025-04-01,2,0.0,0.0,0.0,0.0,0.0
1268,Lisos 21,dead_stock,dead_stock,2025-02-01,2025-05-01,3,0.0,0.0,0.0,0.0,0.0
1268,Lisos 21,dead_stock,dead_stock,2025-02-01,2025-06-01,4,0.0,0.0,0.0,0.0,0.0
1268,Lisos 21,dead_stock,dead_stock,2025-02-01,2025-06-01,40,0.0,0.0,0.0,0.0,0.0
1268,Lisos 21,dead_stock,dead_stock,2025-03-01,2025-04-01,1,0.0,0.0,0.0,0.0,0.0
1268,Lisos 21,dead_stock,dead_stock,2025-03-01,2025-05-01,2,0.0,0.0,0.0,0.0,0.0
1268,Lisos 21,dead_stock,dead_stock,2025-03-01,2025-06-01,3,0.0,0.0,0.0,0.0,0.0
1268,Lisos 21,dead_stock,dead_stock,2025-03-01,2025-07-01,4,0.0,0.0,0.0,0.0,0.0
1268,Lisos 21,dead_stock,dead_stock,2025-03-01,2025-07-01,40,0.0,0.0,0.0,0.0,0.0
1268,Lisos 21,dead_stock,dead_stock,2025-04-01,2025-05-01,1,0.0,0.0,0.0,0.0,0.0
1268,Lisos 21,dead_stock,dead_stock,2025-04-01,2025-06-01,2,0.0,0.0,0.0,0.0,0.0
1268,Lisos 21,dead_stock,dead_stock,2025-04-01,2025-07-01,3,0.0,0.0,0.0,0.0,0.0
1268,Lisos 21,dead_stock,dead_stock,2025-04-01,2025-08-01,4,0.0,0.0,0.0,0.0,0.0
1268,Lisos 21,dead_stock,dead_stock,2025-04-01,2025-08-01,40,0.0,0.0,0.0,0.0,0.0
1268,Lisos 21,dead_stock,dead_stock,2025-05-01,2025-06-01,1,0.0,0.0,0.0,0.0,0.0
1268,Lisos 21,dead_stock,dead_stock,2025-05-01,2025-07-01,2,0.0,0.0,0.0,0.0,0.0
1268,Lisos 21,dead_stock,dead_stock,2025-05-01,2025-08-01,3,0.0,0.0,0.0,0.0,0.0
1268,Lisos 21,dead_stock,dead_stock,2025-05-01,2025-09-01,4,0.0,0.0,0.0,0.0,0.0
1268,Lisos 21,dead_stock,dead_stock,2025-05-01,2025-09-01,40,0.0,0.0,0.0,0.0,0.0
1268,Lisos 21,dead_stock,dead_stock,2025-06-01,2025-07-01,1,0.0,0.0,0.0,0.0,0.0
1268,Lisos 21,dead_stock,dead_stock,2025-06-01,2025-08-01,2,0.0,0.0,0.0,0.0,0.0
1268,Lisos 21,dead_stock,dead_stock,2025-06-01,2025-09-01,3,0.0,0.0,0.0,0.0,0.0
1268,Lisos 21,dead_stock,dead_stock,2025-06-01,2025-10-01,4,0.0,0.0,0.0,0.0,0.0
1268,Lisos 21,dead_stock,dead_stock,2025-06-01,2025-10-01,40,0.0,0.0,0.0,0.0,0.0
1268,Lisos 21,dead_stock,dead_stock,2025-07-01,2025-08-01,1,0.0,0.0,0.0,0.0,0.0
1268,Lisos 21,dead_stock,dead_stock,2025-07-01,2025-09-01,2,0.0,0.0,0.0,0.0,0.0
1268,Lisos 21,dead_stock,dead_stock,2025-07-01,2025-10-01,3,0.0,0.0,0.0,0.0,0.0
1268,Lisos 21,dead_stock,dead_stock,2025-07-01,2025-11-01,4,0.0,0.0,0.0,0.0,0.0
1268,Lisos 21,dead_stock,dead_stock,2025-07-01,2025-11-01,40,0.0,0.0,0.0,0.0,0.0
1268,Lisos 21,dead_stock,dead_stock,2025-08-01,2025-09-01,1,0.0,0.0,0.0,0.0,0.0
1268,Lisos 21,dead_stock,dead_stock,2025-08-01,2025-10-01,2,0.0,0.0,0.0,0.0,0.0
1268,Lisos 21,dead_stock,dead_stock,2025-08-01,2025-11-01,3,0.0,0.0,0.0,0.0,0.0
1268,Lisos 21,dead_stock,dead_stock,2025-08-01,2025-12-01,4,0.0,0.0,0.0,0.0,0.0
1268,Lisos 21,dead_stock,dead_stock,2025-08-01,2025-12-01,40,0.0,0.0,0.0,0.0,0.0
1268,Lisos 21,dead_stock,dead_stock,2025-09-01,2025-10-01,1,0.0,0.0,0.0,0.0,0.0
1268,Lisos 21,dead_stock,dead_stock,2025-09-01,2025-11-01,2,0.0,0.0,0.0,0.0,0.0
1268,Lisos 21,dead_stock,dead_stock,2025-09-01,2025-12-01,3,0.0,0.0,0.0,0.0,0.0
1268,Lisos 21,dead_stock,dead_stock,2025-09-01,2026-01-01,4,0.0,0.0,0.0,0.0,0.0
1268,Lisos 21,dead_stock,dead_stock,2025-09-01,2026-01-01,40,0.0,0.0,0.0,0.0,0.0
1268,Lisos 21,dead_stock,dead_stock,2025-10-01,2025-11-01,1,0.0,0.0,0.0,0.0,0.0
1268,Lisos 21,dead_stock,dead_stock,2025-10-01,2025-12-01,2,0.0,0.0,0.0,0.0,0.0
1268,Lisos 21,dead_stock,dead_stock,2025-10-01,2026-01-01,3,0.0,0.0,0.0,0.0,0.0
1268,Lisos 21,dead_stock,dead_stock,2025-10-01,2026-02-01,4,0.0,0.0,0.0,0.0,0.0
1268,Lisos 21,dead_stock,dead_stock,2025-10-01,2026-02-01,40,0.0,0.0,0.0,0.0,0.0
1268,Lisos 21,dead_stock,dead_stock,2025-11-01,2025-12-01,1,0.0,0.0,0.0,0.0,0.0
1268,Lisos 21,dead_stock,dead_stock,2025-11-01,2026-01-01,2,0.0,0.0,0.0,0.0,0.0
1268,Lisos 21,dead_stock,dead_stock,2025-11-01,2026-02-01,3,0.0,0.0,0.0,0.0,0.0
1268,Lisos 21,dead_stock,dead_stock,2025-11-01,2026-03-01,4,0.0,0.0,0.0,0.0,0.0
1268,Lisos 21,dead_stock,dead_stock,2025-11-01,2026-03-01,40,0.0,0.0,0.0,0.0,0.0
1268,Lisos 21,dead_stock,dead_stock,2025-12-01,2026-01-01,1,0.0,0.0,0.0,0.0,0.0
1268,Lisos 21,dead_stock,dead_stock,2025-12-01,2026-02-01,2,0.0,0.0,0.0,0.0,0.0
1268,Lisos 21,dead_stock,dead_stock,2025-12-01,2026-03-01,3,0.0,0.0,0.0,0.0,0.0
1268,Lisos 21,dead_stock,dead_stock,2025-12-01,2026-04-01,4,0.0,0.0,0.0,0.0,0.0
1268,Lisos 21,dead_stock,dead_stock,2025-12-01,2026-04-01,40,0.0,0.0,0.0,0.0,0.0
1268,Lisos 21,dead_stock,dead_stock,2026-01-01,2026-02-01,1,0.0,0.0,0.0,0.0,0.0
1268,Lisos 21,dead_stock,dead_stock,2026-01-01,2026-03-01,2,0.0,0.0,0.0,0.0,0.0
1268,Lisos 21,dead_stock,dead_stock,2026-01-01,2026-04-01,3,0.0,0.0,0.0,0.0,0.0
1268,Lisos 21,dead_stock,dead_stock,2026-01-01,2026-05-01,4,0.0,0.0,0.0,0.0,0.0
1268,Lisos 21,dead_stock,dead_stock,2026-01-01,2026-05-01,40,0.0,0.0,0.0,0.0,0.0
1268,Lisos 21,dead_stock,dead_stock,2026-02-01,2026-03-01,1,0.0,0.0,0.0,0.0,0.0
1268,Lisos 21,dead_stock,dead_stock,2026-02-01,2026-04-01,2,0.0,0.0,0.0,0.0,0.0
1268,Lisos 21,dead_stock,dead_stock,2026-02-01,2026-05-01,3,0.0,0.0,0.0,0.0,0.0
1268,Lisos 21,dead_stock,dead_stock,2026-02-01,2026-06-01,4,0.0,0.0,0.0,0.0,0.0
1268,Lisos 21,dead_stock,dead_stock,2026-02-01,2026-06-01,40,0.0,0.0,0.0,0.0,0.0
1268,Lisos 21,dead_stock,dead_stock,2026-03-01,2026-04-01,1,0.0,0.0,0.0,0.0,0.0
1268,Lisos 21,dead_stock,dead_stock,2026-03-01,2026-05-01,2,0.0,0.0,0.0,0.0,0.0
1268,Lisos 21,dead_stock,dead_stock,2026-03-01,2026-06-01,3,0.0,0.0,0.0,0.0,0.0
1268,Lisos 21,dead_stock,dead_stock,2026-03-01,2026-07-01,4,0.0,0.0,0.0,0.0,0.0
1268,Lisos 21,dead_stock,dead_stock,2026-03-01,2026-07-01,40,0.0,0.0,0.0,0.0,0.0
1268,Lisos 21,dead_stock,dead_stock,2026-04-01,2026-05-01,1,0.0,0.0,0.0,0.0,0.0
1268,Lisos 21,dead_stock,dead_stock,2026-04-01,2026-06-01,2,0.0,0.0,0.0,0.0,0.0
1268,Lisos 21,dead_stock,dead_stock,2026-04-01,2026-07-01,3,0.0,0.0,0.0,0.0,0.0
1268,Lisos 21,dead_stock,dead_stock,2026-04-01,2026-08-01,4,0.0,0.0,0.0,0.0,0.0
1268,Lisos 21,dead_stock,dead_stock,2026-04-01,2026-08-01,40,0.0,0.0,0.0,0.0,0.0
1268,Lisos 21,dead_stock,dead_stock,2026-05-01,2026-06-01,1,0.0,0.0,0.0,0.0,0.0
1268,Lisos 21,dead_stock,dead_stock,2026-05-01,2026-07-01,2,0.0,0.0,0.0,0.0,0.0
1268,Lisos 21,dead_stock,dead_stock,2026-05-01,2026-08-01,3,0.0,0.0,0.0,0.0,0.0
1268,Lisos 21,dead_stock,dead_stock,2026-05-01,2026-09-01,4,0.0,0.0,0.0,0.0,0.0
1268,Lisos 21,dead_stock,dead_stock,2026-05-01,2026-09-01,40,0.0,0.0,0.0,0.0,0.0
1268,Lisos 21,dead_stock,dead_stock,2026-06-01,2026-07-01,1,0.0,0.0,0.0,0.0,0.0
1268,Lisos 21,dead_stock,dead_stock,2026-06-01,2026-08-01,2,0.0,0.0,0.0,0.0,0.0
1268,Lisos 21,dead_stock,dead_stock,2026-06-01,2026-09-01,3,0.0,0.0,0.0,0.0,0.0
1268,Lisos 21,dead_stock,dead_stock,2026-07-01,2026-08-01,1,0.0,0.0,0.0,0.0,0.0
1268,Lisos 21,dead_stock,dead_stock,2026-07-01,2026-09-01,2,0.0,0.0,0.0,0.0,0.0
1268,Lisos 21,dead_stock,dead_stock,2026-08-01,2026-09-01,1,0.0,0.0,0.0,0.0,0.0
9612,Leviotto Women's Sneaker NUDE (LVTW21003),intermittent,dead_stock,2024-05-01,2024-06-01,1,0.0,0.0,0.0,0.0,0.0
9612,Leviotto Women's Sneaker NUDE (LVTW21003),intermittent,dead_stock,2024-05-01,2024-07-01,2,0.0,0.0,0.0,0.0,0.0
9612,Leviotto Women's Sneaker NUDE (LVTW21003),intermittent,dead_stock,2024-05-01,2024-08-01,3,0.0,0.0,0.0,0.0,0.0
9612,Leviotto Women's Sneaker NUDE (LVTW21003),intermittent,dead_stock,2024-05-01,2024-09-01,4,0.0,0.0,0.0,0.0,0.0
9612,Leviotto Women's Sneaker NUDE (LVTW21003),intermittent,dead_stock,2024-05-01,2024-09-01,40,0.0,0.0,0.0,0.0,0.0
9612,Leviotto Women's Sneaker NUDE (LVTW21003),intermittent,dead_stock,2024-06-01,2024-07-01,1,0.0,0.0,0.0,0.0,0.0
9612,Leviotto Women's Sneaker NUDE (LVTW21003),intermittent,dead_stock,2024-06-01,2024-08-01,2,0.0,0.0,0.0,0.0,0.0
9612,Leviotto Women's Sneaker NUDE (LVTW21003),intermittent,dead_stock,2024-06-01,2024-09-01,3,0.0,0.0,0.0,0.0,0.0
9612,Leviotto Women's Sneaker NUDE (LVTW21003),intermittent,dead_stock,2024-06-01,2024-10-01,4,0.0,0.0,0.0,0.0,0.0
9612,Leviotto Women's Sneaker NUDE (LVTW21003),intermittent,dead_stock,2024-06-01,2024-10-01,40,0.0,0.0,0.0,0.0,0.0
9612,Leviotto Women's Sneaker NUDE (LVTW21003),dead_stock,dead_stock,2024-07-01,2024-08-01,1,0.0,0.0,0.0,0.0,0.0
9612,Leviotto Women's Sneaker NUDE (LVTW21003),dead_stock,dead_stock,2024-07-01,2024-09-01,2,0.0,0.0,0.0,0.0,0.0
9612,Leviotto Women's Sneaker NUDE (LVTW21003),dead_stock,dead_stock,2024-07-01,2024-10-01,3,0.0,0.0,0.0,0.0,0.0
9612,Leviotto Women's Sneaker NUDE (LVTW21003),dead_stock,dead_stock,2024-07-01,2024-11-01,4,0.0,0.0,0.0,0.0,0.0
9612,Leviotto Women's Sneaker NUDE (LVTW21003),dead_stock,dead_stock,2024-07-01,2024-11-01,40,0.0,0.0,0.0,0.0,0.0
9612,Leviotto Women's Sneaker NUDE (LVTW21003),dead_stock,dead_stock,2024-08-01,2024-09-01,1,0.0,0.0,0.0,0.0,0.0
9612,Leviotto Women's Sneaker NUDE (LVTW21003),dead_stock,dead_stock,2024-08-01,2024-10-01,2,0.0,0.0,0.0,0.0,0.0
9612,Leviotto Women's Sneaker NUDE (LVTW21003),dead_stock,dead_stock,2024-08-01,2024-11-01,3,0.0,0.0,0.0,0.0,0.0
9612,Leviotto Women's Sneaker NUDE (LVTW21003),dead_stock,dead_stock,2024-08-01,2024-12-01,4,0.0,0.0,0.0,0.0,0.0
9612,Leviotto Women's Sneaker NUDE (LVTW21003),dead_stock,dead_stock,2024-08-01,2024-12-01,40,0.0,0.0,0.0,0.0,0.0
9612,Leviotto Women's Sneaker NUDE (LVTW21003),dead_stock,dead_stock,2024-09-01,2024-10-01,1,0.0,0.0,0.0,0.0,0.0
9612,Leviotto Women's Sneaker NUDE (LVTW21003),dead_stock,dead_stock,2024-09-01,2024-11-01,2,0.0,0.0,0.0,0.0,0.0
9612,Leviotto Women's Sneaker NUDE (LVTW21003),dead_stock,dead_stock,2024-09-01,2024-12-01,3,0.0,0.0,0.0,0.0,0.0
9612,Leviotto Women's Sneaker NUDE (LVTW21003),dead_stock,dead_stock,2024-09-01,2025-01-01,4,0.0,0.0,0.0,0.0,0.0
9612,Leviotto Women's Sneaker NUDE (LVTW21003),dead_stock,dead_stock,2024-09-01,2025-01-01,40,0.0,0.0,0.0,0.0,0.0
9612,Leviotto Women's Sneaker NUDE (LVTW21003),dead_stock,dead_stock,2024-10-01,2024-11-01,1,0.0,0.0,0.0,0.0,0.0
9612,Leviotto Women's Sneaker NUDE (LVTW21003),dead_stock,dead_stock,2024-10-01,2024-12-01,2,0.0,0.0,0.0,0.0,0.0
9612,Leviotto Women's Sneaker NUDE (LVTW21003),dead_stock,dead_stock,2024-10-01,2025-01-01,3,0.0,0.0,0.0,0.0,0.0
9612,Leviotto Women's Sneaker NUDE (LVTW21003),dead_stock,dead_stock,2024-10-01,2025-02-01,4,0.0,0.0,0.0,0.0,0.0
9612,Leviotto Women's Sneaker NUDE (LVTW21003),dead_stock,dead_stock,2024-10-01,2025-02-01,40,0.0,0.0,0.0,0.0,0.0
9612,Leviotto Women's Sneaker NUDE (LVTW21003),dead_stock,dead_stock,2024-11-01,2024-12-01,1,0.0,0.0,0.0,0.0,0.0
9612,Leviotto Women's Sneaker NUDE (LVTW21003),dead_stock,dead_stock,2024-11-01,2025-01-01,2,0.0,0.0,0.0,0.0,0.0
9612,Leviotto Women's Sneaker NUDE (LVTW21003),dead_stock,dead_stock,2024-11-01,2025-02-01,3,0.0,0.0,0.0,0.0,0.0
9612,Leviotto Women's Sneaker NUDE (LVTW21003),dead_stock,dead_stock,2024-11-01,2025-03-01,4,0.0,0.0,0.0,0.0,0.0
9612,Leviotto Women's Sneaker NUDE (LVTW21003),dead_stock,dead_stock,2024-11-01,2025-03-01,40,0.0,0.0,0.0,0.0,0.0
9612,Leviotto Women's Sneaker NUDE (LVTW21003),dead_stock,dead_stock,2024-12-01,2025-01-01,1,0.0,0.0,0.0,0.0,0.0
9612,Leviotto Women's Sneaker NUDE (LVTW21003),dead_stock,dead_stock,2024-12-01,2025-02-01,2,0.0,0.0,0.0,0.0,0.0
9612,Leviotto Women's Sneaker NUDE (LVTW21003),dead_stock,dead_stock,2024-12-01,2025-03-01,3,0.0,0.0,0.0,0.0,0.0
9612,Leviotto Women's Sneaker NUDE (LVTW21003),dead_stock,dead_stock,2024-12-01,2025-04-01,4,0.0,0.0,0.0,0.0,0.0
9612,Leviotto Women's Sneaker NUDE (LVTW21003),dead_stock,dead_stock,2024-12-01,2025-04-01,40,0.0,0.0,0.0,0.0,0.0
9612,Leviotto Women's Sneaker NUDE (LVTW21003),dead_stock,dead_stock,2025-01-01,2025-02-01,1,0.0,0.0,0.0,0.0,0.0
9612,Leviotto Women's Sneaker NUDE (LVTW21003),dead_stock,dead_stock,2025-01-01,2025-03-01,2,0.0,0.0,0.0,0.0,0.0
9612,Leviotto Women's Sneaker NUDE (LVTW21003),dead_stock,dead_stock,2025-01-01,2025-04-01,3,0.0,0.0,0.0,0.0,0.0
9612,Leviotto Women's Sneaker NUDE (LVTW21003),dead_stock,dead_stock,2025-01-01,2025-05-01,4,0.0,0.0,0.0,0.0,0.0
9612,Leviotto Women's Sneaker NUDE (LVTW21003),dead_stock,dead_stock,2025-01-01,2025-05-01,40,0.0,0.0,0.0,0.0,0.0
9612,Leviotto Women's Sneaker NUDE (LVTW21003),dead_stock,dead_stock,2025-02-01,2025-03-01,1,0.0,0.0,0.0,0.0,0.0
9612,Leviotto Women's Sneaker NUDE (LVTW21003),dead_stock,dead_stock,2025-02-01,2025-04-01,2,0.0,0.0,0.0,0.0,0.0
9612,Leviotto Women's Sneaker NUDE (LVTW21003),dead_stock,dead_stock,2025-02-01,2025-05-01,3,0.0,0.0,0.0,0.0,0.0
9612,Leviotto Women's Sneaker NUDE (LVTW21003),dead_stock,dead_stock,2025-02-01,2025-06-01,4,0.0,0.0,0.0,0.0,0.0
9612,Leviotto Women's Sneaker NUDE (LVTW21003),dead_stock,dead_stock,2025-02-01,2025-06-01,40,0.0,0.0,0.0,0.0,0.0
9612,Leviotto Women's Sneaker NUDE (LVTW21003),dead_stock,dead_stock,2025-03-01,2025-04-01,1,0.0,0.0,0.0,0.0,0.0
9612,Leviotto Women's Sneaker NUDE (LVTW21003),dead_stock,dead_stock,2025-03-01,2025-05-01,2,0.0,0.0,0.0,0.0,0.0
9612,Leviotto Women's Sneaker NUDE (LVTW21003),dead_stock,dead_stock,2025-03-01,2025-06-01,3,0.0,0.0,0.0,0.0,0.0
9612,Leviotto Women's Sneaker NUDE (LVTW21003),dead_stock,dead_stock,2025-03-01,2025-07-01,4,0.0,0.0,0.0,0.0,0.0
9612,Leviotto Women's Sneaker NUDE (LVTW21003),dead_stock,dead_stock,2025-03-01,2025-07-01,40,0.0,0.0,0.0,0.0,0.0
9612,Leviotto Women's Sneaker NUDE (LVTW21003),dead_stock,dead_stock,2025-04-01,2025-05-01,1,0.0,0.0,0.0,0.0,0.0
9612,Leviotto Women's Sneaker NUDE (LVTW21003),dead_stock,dead_stock,2025-04-01,2025-06-01,2,0.0,0.0,0.0,0.0,0.0
9612,Leviotto Women's Sneaker NUDE (LVTW21003),dead_stock,dead_stock,2025-04-01,2025-07-01,3,0.0,0.0,0.0,0.0,0.0
9612,Leviotto Women's Sneaker NUDE (LVTW21003),dead_stock,dead_stock,2025-04-01,2025-08-01,4,0.0,0.0,0.0,0.0,0.0
9612,Leviotto Women's Sneaker NUDE (LVTW21003),dead_stock,dead_stock,2025-04-01,2025-08-01,40,0.0,0.0,0.0,0.0,0.0
9612,Leviotto Women's Sneaker NUDE (LVTW21003),dead_stock,dead_stock,2025-05-01,2025-06-01,1,0.0,0.0,0.0,0.0,0.0
9612,Leviotto Women's Sneaker NUDE (LVTW21003),dead_stock,dead_stock,2025-05-01,2025-07-01,2,0.0,0.0,0.0,0.0,0.0
9612,Leviotto Women's Sneaker NUDE (LVTW21003),dead_stock,dead_stock,2025-05-01,2025-08-01,3,0.0,0.0,0.0,0.0,0.0
9612,Leviotto Women's Sneaker NUDE (LVTW21003),dead_stock,dead_stock,2025-05-01,2025-09-01,4,0.0,0.0,0.0,0.0,0.0
9612,Leviotto Women's Sneaker NUDE (LVTW21003),dead_stock,dead_stock,2025-05-01,2025-09-01,40,0.0,0.0,0.0,0.0,0.0
9612,Leviotto Women's Sneaker NUDE (LVTW21003),dead_stock,dead_stock,2025-06-01,2025-07-01,1,0.0,0.0,0.0,0.0,0.0
9612,Leviotto Women's Sneaker NUDE (LVTW21003),dead_stock,dead_stock,2025-06-01,2025-08-01,2,0.0,0.0,0.0,0.0,0.0
9612,Leviotto Women's Sneaker NUDE (LVTW21003),dead_stock,dead_stock,2025-06-01,2025-09-01,3,0.0,0.0,0.0,0.0,0.0
9612,Leviotto Women's Sneaker NUDE (LVTW21003),dead_stock,dead_stock,2025-06-01,2025-10-01,4,0.0,0.0,0.0,0.0,0.0
9612,Leviotto Women's Sneaker NUDE (LVTW21003),dead_stock,dead_stock,2025-06-01,2025-10-01,40,0.0,0.0,0.0,0.0,0.0
9612,Leviotto Women's Sneaker NUDE (LVTW21003),dead_stock,dead_stock,2025-07-01,2025-08-01,1,0.0,0.0,0.0,0.0,0.0
9612,Leviotto Women's Sneaker NUDE (LVTW21003),dead_stock,dead_stock,2025-07-01,2025-09-01,2,0.0,0.0,0.0,0.0,0.0
9612,Leviotto Women's Sneaker NUDE (LVTW21003),dead_stock,dead_stock,2025-07-01,2025-10-01,3,0.0,0.0,0.0,0.0,0.0
9612,Leviotto Women's Sneaker NUDE (LVTW21003),dead_stock,dead_stock,2025-07-01,2025-11-01,4,0.0,0.0,0.0,0.0,0.0
9612,Leviotto Women's Sneaker NUDE (LVTW21003),dead_stock,dead_stock,2025-07-01,2025-11-01,40,0.0,0.0,0.0,0.0,0.0
9612,Leviotto Women's Sneaker NUDE (LVTW21003),dead_stock,dead_stock,2025-08-01,2025-09-01,1,0.0,0.0,0.0,0.0,0.0
9612,Leviotto Women's Sneaker NUDE (LVTW21003),dead_stock,dead_stock,2025-08-01,2025-10-01,2,0.0,0.0,0.0,0.0,0.0
9612,Leviotto Women's Sneaker NUDE (LVTW21003),dead_stock,dead_stock,2025-08-01,2025-11-01,3,0.0,0.0,0.0,0.0,0.0
9612,Leviotto Women's Sneaker NUDE (LVTW21003),dead_stock,dead_stock,2025-08-01,2025-12-01,4,0.0,0.0,0.0,0.0,0.0
9612,Leviotto Women's Sneaker NUDE (LVTW21003),dead_stock,dead_stock,2025-08-01,2025-12-01,40,0.0,0.0,0.0,0.0,0.0
9612,Leviotto Women's Sneaker NUDE (LVTW21003),dead_stock,dead_stock,2025-09-01,2025-10-01,1,0.0,0.0,0.0,0.0,0.0
9612,Leviotto Women's Sneaker NUDE (LVTW21003),dead_stock,dead_stock,2025-09-01,2025-11-01,2,0.0,0.0,0.0,0.0,0.0
9612,Leviotto Women's Sneaker NUDE (LVTW21003),dead_stock,dead_stock,2025-09-01,2025-12-01,3,0.0,0.0,0.0,0.0,0.0
9612,Leviotto Women's Sneaker NUDE (LVTW21003),dead_stock,dead_stock,2025-09-01,2026-01-01,4,0.0,0.0,0.0,0.0,0.0
9612,Leviotto Women's Sneaker NUDE (LVTW21003),dead_stock,dead_stock,2025-09-01,2026-01-01,40,0.0,0.0,0.0,0.0,0.0
9612,Leviotto Women's Sneaker NUDE (LVTW21003),dead_stock,dead_stock,2025-10-01,2025-11-01,1,0.0,0.0,0.0,0.0,0.0
9612,Leviotto Women's Sneaker NUDE (LVTW21003),dead_stock,dead_stock,2025-10-01,2025-12-01,2,0.0,0.0,0.0,0.0,0.0
9612,Leviotto Women's Sneaker NUDE (LVTW21003),dead_stock,dead_stock,2025-10-01,2026-01-01,3,0.0,0.0,0.0,0.0,0.0
9612,Leviotto Women's Sneaker NUDE (LVTW21003),dead_stock,dead_stock,2025-10-01,2026-02-01,4,0.0,0.0,0.0,0.0,0.0
9612,Leviotto Women's Sneaker NUDE (LVTW21003),dead_stock,dead_stock,2025-10-01,2026-02-01,40,0.0,0.0,0.0,0.0,0.0
9612,Leviotto Women's Sneaker NUDE (LVTW21003),dead_stock,dead_stock,2025-11-01,2025-12-01,1,0.0,0.0,0.0,0.0,0.0
9612,Leviotto Women's Sneaker NUDE (LVTW21003),dead_stock,dead_stock,2025-11-01,2026-01-01,2,0.0,0.0,0.0,0.0,0.0
9612,Leviotto Women's Sneaker NUDE (LVTW21003),dead_stock,dead_stock,2025-11-01,2026-02-01,3,0.0,0.0,0.0,0.0,0.0
9612,Leviotto Women's Sneaker NUDE (LVTW21003),dead_stock,dead_stock,2025-11-01,2026-03-01,4,0.0,0.0,0.0,0.0,0.0
9612,Leviotto Women's Sneaker NUDE (LVTW21003),dead_stock,dead_stock,2025-11-01,2026-03-01,40,0.0,0.0,0.0,0.0,0.0
9612,Leviotto Women's Sneaker NUDE (LVTW21003),dead_stock,dead_stock,2025-12-01,2026-01-01,1,0.0,0.0,0.0,0.0,0.0
9612,Leviotto Women's Sneaker NUDE (LVTW21003),dead_stock,dead_stock,2025-12-01,2026-02-01,2,0.0,0.0,0.0,0.0,0.0
9612,Leviotto Women's Sneaker NUDE (LVTW21003),dead_stock,dead_stock,2025-12-01,2026-03-01,3,0.0,0.0,0.0,0.0,0.0
9612,Leviotto Women's Sneaker NUDE (LVTW21003),dead_stock,dead_stock,2025-12-01,2026-04-01,4,0.0,0.0,0.0,0.0,0.0
9612,Leviotto Women's Sneaker NUDE (LVTW21003),dead_stock,dead_stock,2025-12-01,2026-04-01,40,0.0,0.0,0.0,0.0,0.0
9612,Leviotto Women's Sneaker NUDE (LVTW21003),dead_stock,dead_stock,2026-01-01,2026-02-01,1,0.0,0.0,0.0,0.0,0.0
9612,Leviotto Women's Sneaker NUDE (LVTW21003),dead_stock,dead_stock,2026-01-01,2026-03-01,2,0.0,0.0,0.0,0.0,0.0
9612,Leviotto Women's Sneaker NUDE (LVTW21003),dead_stock,dead_stock,2026-01-01,2026-04-01,3,0.0,0.0,0.0,0.0,0.0
9612,Leviotto Women's Sneaker NUDE (LVTW21003),dead_stock,dead_stock,2026-01-01,2026-05-01,4,0.0,0.0,0.0,0.0,0.0
9612,Leviotto Women's Sneaker NUDE (LVTW21003),dead_stock,dead_stock,2026-01-01,2026-05-01,40,0.0,0.0,0.0,0.0,0.0
9612,Leviotto Women's Sneaker NUDE (LVTW21003),dead_stock,dead_stock,2026-02-01,2026-03-01,1,0.0,0.0,0.0,0.0,0.0
9612,Leviotto Women's Sneaker NUDE (LVTW21003),dead_stock,dead_stock,2026-02-01,2026-04-01,2,0.0,0.0,0.0,0.0,0.0
9612,Leviotto Women's Sneaker NUDE (LVTW21003),dead_stock,dead_stock,2026-02-01,2026-05-01,3,0.0,0.0,0.0,0.0,0.0
9612,Leviotto Women's Sneaker NUDE (LVTW21003),dead_stock,dead_stock,2026-02-01,2026-06-01,4,0.0,0.0,0.0,0.0,0.0
9612,Leviotto Women's Sneaker NUDE (LVTW21003),dead_stock,dead_stock,2026-02-01,2026-06-01,40,0.0,0.0,0.0,0.0,0.0
9612,Leviotto Women's Sneaker NUDE (LVTW21003),dead_stock,dead_stock,2026-03-01,2026-04-01,1,0.0,0.0,0.0,0.0,0.0
9612,Leviotto Women's Sneaker NUDE (LVTW21003),dead_stock,dead_stock,2026-03-01,2026-05-01,2,0.0,0.0,0.0,0.0,0.0
9612,Leviotto Women's Sneaker NUDE (LVTW21003),dead_stock,dead_stock,2026-03-01,2026-06-01,3,0.0,0.0,0.0,0.0,0.0
9612,Leviotto Women's Sneaker NUDE (LVTW21003),dead_stock,dead_stock,2026-03-01,2026-07-01,4,0.0,0.0,0.0,0.0,0.0
9612,Leviotto Women's Sneaker NUDE (LVTW21003),dead_stock,dead_stock,2026-03-01,2026-07-01,40,0.0,0.0,0.0,0.0,0.0
9612,Leviotto Women's Sneaker NUDE (LVTW21003),dead_stock,dead_stock,2026-04-01,2026-05-01,1,0.0,0.0,0.0,0.0,0.0
9612,Leviotto Women's Sneaker NUDE (LVTW21003),dead_stock,dead_stock,2026-04-01,2026-06-01,2,0.0,0.0,0.0,0.0,0.0
9612,Leviotto Women's Sneaker NUDE (LVTW21003),dead_stock,dead_stock,2026-04-01,2026-07-01,3,0.0,0.0,0.0,0.0,0.0
9612,Leviotto Women's Sneaker NUDE (LVTW21003),dead_stock,dead_stock,2026-04-01,2026-08-01,4,0.0,0.0,0.0,0.0,0.0
9612,Leviotto Women's Sneaker NUDE (LVTW21003),dead_stock,dead_stock,2026-04-01,2026-08-01,40,0.0,0.0,0.0,0.0,0.0
9612,Leviotto Women's Sneaker NUDE (LVTW21003),dead_stock,dead_stock,2026-05-01,2026-06-01,1,0.0,0.0,0.0,0.0,0.0
9612,Leviotto Women's Sneaker NUDE (LVTW21003),dead_stock,dead_stock,2026-05-01,2026-07-01,2,0.0,0.0,0.0,0.0,0.0
9612,Leviotto Women's Sneaker NUDE (LVTW21003),dead_stock,dead_stock,2026-05-01,2026-08-01,3,0.0,0.0,0.0,0.0,0.0
9612,Leviotto Women's Sneaker NUDE (LVTW21003),dead_stock,dead_stock,2026-05-01,2026-09-01,4,0.0,0.0,0.0,0.0,0.0
9612,Leviotto Women's Sneaker NUDE (LVTW21003),dead_stock,dead_stock,2026-05-01,2026-09-01,40,0.0,0.0,0.0,0.0,0.0
9612,Leviotto Women's Sneaker NUDE (LVTW21003),dead_stock,dead_stock,2026-06-01,2026-07-01,1,0.0,0.0,0.0,0.0,0.0
9612,Leviotto Women's Sneaker NUDE (LVTW21003),dead_stock,dead_stock,2026-06-01,2026-08-01,2,0.0,0.0,0.0,0.0,0.0
9612,Leviotto Women's Sneaker NUDE (LVTW21003),dead_stock,dead_stock,2026-06-01,2026-09-01,3,0.0,0.0,0.0,0.0,0.0
9612,Leviotto Women's Sneaker NUDE (LVTW21003),dead_stock,dead_stock,2026-07-01,2026-08-01,1,0.0,0.0,0.0,0.0,0.0
9612,Leviotto Women's Sneaker NUDE (LVTW21003),dead_stock,dead_stock,2026-07-01,2026-09-01,2,0.0,0.0,0.0,0.0,0.0
9612,Leviotto Women's Sneaker NUDE (LVTW21003),dead_stock,dead_stock,2026-08-01,2026-09-01,1,0.0,0.0,0.0,0.0,0.0
19618,437-57,stable/normal,intermittent,2026-04-01,2026-05-01,1,0.0,4.25,4.25,4.25,0.0
19618,437-57,stable/normal,intermittent,2026-04-01,2026-06-01,2,10.5,2.125,-8.375,8.375,8.375
19618,437-57,stable/normal,intermittent,2026-04-01,2026-07-01,3,0.0,1.0625,1.0625,1.0625,0.0
19618,437-57,stable/normal,intermittent,2026-04-01,2026-08-01,4,24.0,1.59375,-22.40625,22.40625,22.40625
19618,437-57,stable/normal,intermittent,2026-04-01,2026-08-01,40,34.5,9.03125,-25.46875,25.46875,25.46875
19618,437-57,rising,intermittent,2026-05-01,2026-06-01,1,10.5,0.0,-10.5,10.5,10.5
19618,437-57,rising,intermittent,2026-05-01,2026-07-01,2,0.0,0.0,0.0,0.0,0.0
19618,437-57,rising,intermittent,2026-05-01,2026-08-01,3,24.0,0.0,-24.0,24.0,24.0
19618,437-57,rising,intermittent,2026-05-01,2026-09-01,4,0.0,0.0,0.0,0.0,0.0
19618,437-57,rising,intermittent,2026-05-01,2026-09-01,40,34.5,0.0,-34.5,34.5,34.5
19618,437-57,falling,intermittent,2026-06-01,2026-07-01,1,0.0,0.0,0.0,0.0,0.0
19618,437-57,falling,intermittent,2026-06-01,2026-08-01,2,24.0,0.0,-24.0,24.0,24.0
19618,437-57,falling,intermittent,2026-06-01,2026-09-01,3,0.0,0.0,0.0,0.0,0.0
19618,437-57,intermittent,intermittent,2026-07-01,2026-08-01,1,24.0,0.0,-24.0,24.0,24.0
19618,437-57,intermittent,intermittent,2026-07-01,2026-09-01,2,0.0,0.0,0.0,0.0,0.0
19618,437-57,falling,intermittent,2026-08-01,2026-09-01,1,0.0,5.25,5.25,5.25,0.0
173,345-99,intermittent,dead_stock,2024-06-01,2024-07-01,1,0.0,0.0,0.0,0.0,0.0
173,345-99,intermittent,dead_stock,2024-06-01,2024-08-01,2,0.0,0.0,0.0,0.0,0.0
173,345-99,intermittent,dead_stock,2024-06-01,2024-09-01,3,0.0,0.0,0.0,0.0,0.0
173,345-99,intermittent,dead_stock,2024-06-01,2024-10-01,4,0.0,0.0,0.0,0.0,0.0
173,345-99,intermittent,dead_stock,2024-06-01,2024-10-01,40,0.0,0.0,0.0,0.0,0.0
173,345-99,dead_stock,dead_stock,2024-07-01,2024-08-01,1,0.0,0.0,0.0,0.0,0.0
173,345-99,dead_stock,dead_stock,2024-07-01,2024-09-01,2,0.0,0.0,0.0,0.0,0.0
173,345-99,dead_stock,dead_stock,2024-07-01,2024-10-01,3,0.0,0.0,0.0,0.0,0.0
173,345-99,dead_stock,dead_stock,2024-07-01,2024-11-01,4,0.0,0.0,0.0,0.0,0.0
173,345-99,dead_stock,dead_stock,2024-07-01,2024-11-01,40,0.0,0.0,0.0,0.0,0.0
173,345-99,dead_stock,dead_stock,2024-08-01,2024-09-01,1,0.0,0.0,0.0,0.0,0.0
173,345-99,dead_stock,dead_stock,2024-08-01,2024-10-01,2,0.0,0.0,0.0,0.0,0.0
173,345-99,dead_stock,dead_stock,2024-08-01,2024-11-01,3,0.0,0.0,0.0,0.0,0.0
173,345-99,dead_stock,dead_stock,2024-08-01,2024-12-01,4,0.0,0.0,0.0,0.0,0.0
173,345-99,dead_stock,dead_stock,2024-08-01,2024-12-01,40,0.0,0.0,0.0,0.0,0.0
173,345-99,dead_stock,dead_stock,2024-09-01,2024-10-01,1,0.0,0.0,0.0,0.0,0.0
173,345-99,dead_stock,dead_stock,2024-09-01,2024-11-01,2,0.0,0.0,0.0,0.0,0.0
173,345-99,dead_stock,dead_stock,2024-09-01,2024-12-01,3,0.0,0.0,0.0,0.0,0.0
173,345-99,dead_stock,dead_stock,2024-09-01,2025-01-01,4,0.0,0.0,0.0,0.0,0.0
173,345-99,dead_stock,dead_stock,2024-09-01,2025-01-01,40,0.0,0.0,0.0,0.0,0.0
173,345-99,dead_stock,dead_stock,2024-10-01,2024-11-01,1,0.0,0.0,0.0,0.0,0.0
173,345-99,dead_stock,dead_stock,2024-10-01,2024-12-01,2,0.0,0.0,0.0,0.0,0.0
173,345-99,dead_stock,dead_stock,2024-10-01,2025-01-01,3,0.0,0.0,0.0,0.0,0.0
173,345-99,dead_stock,dead_stock,2024-10-01,2025-02-01,4,0.0,0.0,0.0,0.0,0.0
173,345-99,dead_stock,dead_stock,2024-10-01,2025-02-01,40,0.0,0.0,0.0,0.0,0.0
173,345-99,dead_stock,dead_stock,2024-11-01,2024-12-01,1,0.0,0.0,0.0,0.0,0.0
173,345-99,dead_stock,dead_stock,2024-11-01,2025-01-01,2,0.0,0.0,0.0,0.0,0.0
173,345-99,dead_stock,dead_stock,2024-11-01,2025-02-01,3,0.0,0.0,0.0,0.0,0.0
173,345-99,dead_stock,dead_stock,2024-11-01,2025-03-01,4,0.0,0.0,0.0,0.0,0.0
173,345-99,dead_stock,dead_stock,2024-11-01,2025-03-01,40,0.0,0.0,0.0,0.0,0.0
173,345-99,dead_stock,dead_stock,2024-12-01,2025-01-01,1,0.0,0.0,0.0,0.0,0.0
173,345-99,dead_stock,dead_stock,2024-12-01,2025-02-01,2,0.0,0.0,0.0,0.0,0.0
173,345-99,dead_stock,dead_stock,2024-12-01,2025-03-01,3,0.0,0.0,0.0,0.0,0.0
173,345-99,dead_stock,dead_stock,2024-12-01,2025-04-01,4,0.0,0.0,0.0,0.0,0.0
173,345-99,dead_stock,dead_stock,2024-12-01,2025-04-01,40,0.0,0.0,0.0,0.0,0.0
173,345-99,dead_stock,dead_stock,2025-01-01,2025-02-01,1,0.0,0.0,0.0,0.0,0.0
173,345-99,dead_stock,dead_stock,2025-01-01,2025-03-01,2,0.0,0.0,0.0,0.0,0.0
173,345-99,dead_stock,dead_stock,2025-01-01,2025-04-01,3,0.0,0.0,0.0,0.0,0.0
173,345-99,dead_stock,dead_stock,2025-01-01,2025-05-01,4,0.0,0.0,0.0,0.0,0.0
173,345-99,dead_stock,dead_stock,2025-01-01,2025-05-01,40,0.0,0.0,0.0,0.0,0.0
173,345-99,dead_stock,dead_stock,2025-02-01,2025-03-01,1,0.0,0.0,0.0,0.0,0.0
173,345-99,dead_stock,dead_stock,2025-02-01,2025-04-01,2,0.0,0.0,0.0,0.0,0.0
173,345-99,dead_stock,dead_stock,2025-02-01,2025-05-01,3,0.0,0.0,0.0,0.0,0.0
173,345-99,dead_stock,dead_stock,2025-02-01,2025-06-01,4,0.0,0.0,0.0,0.0,0.0
173,345-99,dead_stock,dead_stock,2025-02-01,2025-06-01,40,0.0,0.0,0.0,0.0,0.0
173,345-99,dead_stock,dead_stock,2025-03-01,2025-04-01,1,0.0,0.0,0.0,0.0,0.0
173,345-99,dead_stock,dead_stock,2025-03-01,2025-05-01,2,0.0,0.0,0.0,0.0,0.0
173,345-99,dead_stock,dead_stock,2025-03-01,2025-06-01,3,0.0,0.0,0.0,0.0,0.0
173,345-99,dead_stock,dead_stock,2025-03-01,2025-07-01,4,0.0,0.0,0.0,0.0,0.0
173,345-99,dead_stock,dead_stock,2025-03-01,2025-07-01,40,0.0,0.0,0.0,0.0,0.0
173,345-99,dead_stock,dead_stock,2025-04-01,2025-05-01,1,0.0,0.0,0.0,0.0,0.0
173,345-99,dead_stock,dead_stock,2025-04-01,2025-06-01,2,0.0,0.0,0.0,0.0,0.0
173,345-99,dead_stock,dead_stock,2025-04-01,2025-07-01,3,0.0,0.0,0.0,0.0,0.0
173,345-99,dead_stock,dead_stock,2025-04-01,2025-08-01,4,0.0,0.0,0.0,0.0,0.0
173,345-99,dead_stock,dead_stock,2025-04-01,2025-08-01,40,0.0,0.0,0.0,0.0,0.0
173,345-99,dead_stock,dead_stock,2025-05-01,2025-06-01,1,0.0,0.0,0.0,0.0,0.0
173,345-99,dead_stock,dead_stock,2025-05-01,2025-07-01,2,0.0,0.0,0.0,0.0,0.0
173,345-99,dead_stock,dead_stock,2025-05-01,2025-08-01,3,0.0,0.0,0.0,0.0,0.0
173,345-99,dead_stock,dead_stock,2025-05-01,2025-09-01,4,0.0,0.0,0.0,0.0,0.0
173,345-99,dead_stock,dead_stock,2025-05-01,2025-09-01,40,0.0,0.0,0.0,0.0,0.0
173,345-99,dead_stock,dead_stock,2025-06-01,2025-07-01,1,0.0,0.0,0.0,0.0,0.0
173,345-99,dead_stock,dead_stock,2025-06-01,2025-08-01,2,0.0,0.0,0.0,0.0,0.0
173,345-99,dead_stock,dead_stock,2025-06-01,2025-09-01,3,0.0,0.0,0.0,0.0,0.0
173,345-99,dead_stock,dead_stock,2025-06-01,2025-10-01,4,0.0,0.0,0.0,0.0,0.0
173,345-99,dead_stock,dead_stock,2025-06-01,2025-10-01,40,0.0,0.0,0.0,0.0,0.0
173,345-99,dead_stock,dead_stock,2025-07-01,2025-08-01,1,0.0,0.0,0.0,0.0,0.0
173,345-99,dead_stock,dead_stock,2025-07-01,2025-09-01,2,0.0,0.0,0.0,0.0,0.0
173,345-99,dead_stock,dead_stock,2025-07-01,2025-10-01,3,0.0,0.0,0.0,0.0,0.0
173,345-99,dead_stock,dead_stock,2025-07-01,2025-11-01,4,0.0,0.0,0.0,0.0,0.0
173,345-99,dead_stock,dead_stock,2025-07-01,2025-11-01,40,0.0,0.0,0.0,0.0,0.0
173,345-99,dead_stock,dead_stock,2025-08-01,2025-09-01,1,0.0,0.0,0.0,0.0,0.0
173,345-99,dead_stock,dead_stock,2025-08-01,2025-10-01,2,0.0,0.0,0.0,0.0,0.0
173,345-99,dead_stock,dead_stock,2025-08-01,2025-11-01,3,0.0,0.0,0.0,0.0,0.0
173,345-99,dead_stock,dead_stock,2025-08-01,2025-12-01,4,0.0,0.0,0.0,0.0,0.0
173,345-99,dead_stock,dead_stock,2025-08-01,2025-12-01,40,0.0,0.0,0.0,0.0,0.0
173,345-99,dead_stock,dead_stock,2025-09-01,2025-10-01,1,0.0,0.0,0.0,0.0,0.0
173,345-99,dead_stock,dead_stock,2025-09-01,2025-11-01,2,0.0,0.0,0.0,0.0,0.0
173,345-99,dead_stock,dead_stock,2025-09-01,2025-12-01,3,0.0,0.0,0.0,0.0,0.0
173,345-99,dead_stock,dead_stock,2025-09-01,2026-01-01,4,0.0,0.0,0.0,0.0,0.0
173,345-99,dead_stock,dead_stock,2025-09-01,2026-01-01,40,0.0,0.0,0.0,0.0,0.0
173,345-99,dead_stock,dead_stock,2025-10-01,2025-11-01,1,0.0,0.0,0.0,0.0,0.0
173,345-99,dead_stock,dead_stock,2025-10-01,2025-12-01,2,0.0,0.0,0.0,0.0,0.0
173,345-99,dead_stock,dead_stock,2025-10-01,2026-01-01,3,0.0,0.0,0.0,0.0,0.0
173,345-99,dead_stock,dead_stock,2025-10-01,2026-02-01,4,0.0,0.0,0.0,0.0,0.0
173,345-99,dead_stock,dead_stock,2025-10-01,2026-02-01,40,0.0,0.0,0.0,0.0,0.0
173,345-99,dead_stock,dead_stock,2025-11-01,2025-12-01,1,0.0,0.0,0.0,0.0,0.0
173,345-99,dead_stock,dead_stock,2025-11-01,2026-01-01,2,0.0,0.0,0.0,0.0,0.0
173,345-99,dead_stock,dead_stock,2025-11-01,2026-02-01,3,0.0,0.0,0.0,0.0,0.0
173,345-99,dead_stock,dead_stock,2025-11-01,2026-03-01,4,0.0,0.0,0.0,0.0,0.0
173,345-99,dead_stock,dead_stock,2025-11-01,2026-03-01,40,0.0,0.0,0.0,0.0,0.0
173,345-99,dead_stock,dead_stock,2025-12-01,2026-01-01,1,0.0,0.0,0.0,0.0,0.0
173,345-99,dead_stock,dead_stock,2025-12-01,2026-02-01,2,0.0,0.0,0.0,0.0,0.0
173,345-99,dead_stock,dead_stock,2025-12-01,2026-03-01,3,0.0,0.0,0.0,0.0,0.0
173,345-99,dead_stock,dead_stock,2025-12-01,2026-04-01,4,0.0,0.0,0.0,0.0,0.0
173,345-99,dead_stock,dead_stock,2025-12-01,2026-04-01,40,0.0,0.0,0.0,0.0,0.0
173,345-99,dead_stock,dead_stock,2026-01-01,2026-02-01,1,0.0,0.0,0.0,0.0,0.0
173,345-99,dead_stock,dead_stock,2026-01-01,2026-03-01,2,0.0,0.0,0.0,0.0,0.0
173,345-99,dead_stock,dead_stock,2026-01-01,2026-04-01,3,0.0,0.0,0.0,0.0,0.0
173,345-99,dead_stock,dead_stock,2026-01-01,2026-05-01,4,0.0,0.0,0.0,0.0,0.0
173,345-99,dead_stock,dead_stock,2026-01-01,2026-05-01,40,0.0,0.0,0.0,0.0,0.0
173,345-99,dead_stock,dead_stock,2026-02-01,2026-03-01,1,0.0,0.0,0.0,0.0,0.0
173,345-99,dead_stock,dead_stock,2026-02-01,2026-04-01,2,0.0,0.0,0.0,0.0,0.0
173,345-99,dead_stock,dead_stock,2026-02-01,2026-05-01,3,0.0,0.0,0.0,0.0,0.0
173,345-99,dead_stock,dead_stock,2026-02-01,2026-06-01,4,0.0,0.0,0.0,0.0,0.0
173,345-99,dead_stock,dead_stock,2026-02-01,2026-06-01,40,0.0,0.0,0.0,0.0,0.0
173,345-99,dead_stock,dead_stock,2026-03-01,2026-04-01,1,0.0,0.0,0.0,0.0,0.0
173,345-99,dead_stock,dead_stock,2026-03-01,2026-05-01,2,0.0,0.0,0.0,0.0,0.0
173,345-99,dead_stock,dead_stock,2026-03-01,2026-06-01,3,0.0,0.0,0.0,0.0,0.0
173,345-99,dead_stock,dead_stock,2026-03-01,2026-07-01,4,0.0,0.0,0.0,0.0,0.0
173,345-99,dead_stock,dead_stock,2026-03-01,2026-07-01,40,0.0,0.0,0.0,0.0,0.0
173,345-99,dead_stock,dead_stock,2026-04-01,2026-05-01,1,0.0,0.0,0.0,0.0,0.0
173,345-99,dead_stock,dead_stock,2026-04-01,2026-06-01,2,0.0,0.0,0.0,0.0,0.0
173,345-99,dead_stock,dead_stock,2026-04-01,2026-07-01,3,0.0,0.0,0.0,0.0,0.0
173,345-99,dead_stock,dead_stock,2026-04-01,2026-08-01,4,0.0,0.0,0.0,0.0,0.0
173,345-99,dead_stock,dead_stock,2026-04-01,2026-08-01,40,0.0,0.0,0.0,0.0,0.0
173,345-99,dead_stock,dead_stock,2026-05-01,2026-06-01,1,0.0,0.0,0.0,0.0,0.0
173,345-99,dead_stock,dead_stock,2026-05-01,2026-07-01,2,0.0,0.0,0.0,0.0,0.0
173,345-99,dead_stock,dead_stock,2026-05-01,2026-08-01,3,0.0,0.0,0.0,0.0,0.0
173,345-99,dead_stock,dead_stock,2026-05-01,2026-09-01,4,0.0,0.0,0.0,0.0,0.0
173,345-99,dead_stock,dead_stock,2026-05-01,2026-09-01,40,0.0,0.0,0.0,0.0,0.0
173,345-99,dead_stock,dead_stock,2026-06-01,2026-07-01,1,0.0,0.0,0.0,0.0,0.0
173,345-99,dead_stock,dead_stock,2026-06-01,2026-08-01,2,0.0,0.0,0.0,0.0,0.0
173,345-99,dead_stock,dead_stock,2026-06-01,2026-09-01,3,0.0,0.0,0.0,0.0,0.0
173,345-99,dead_stock,dead_stock,2026-07-01,2026-08-01,1,0.0,0.0,0.0,0.0,0.0
173,345-99,dead_stock,dead_stock,2026-07-01,2026-09-01,2,0.0,0.0,0.0,0.0,0.0
173,345-99,dead_stock,dead_stock,2026-08-01,2026-09-01,1,0.0,0.0,0.0,0.0,0.0
10073,DE-V1-107,intermittent,dead_stock,2023-11-01,2023-12-01,1,0.0,0.0,0.0,0.0,0.0
10073,DE-V1-107,intermittent,dead_stock,2023-11-01,2024-01-01,2,2.0,0.0,-2.0,2.0,2.0
10073,DE-V1-107,intermittent,dead_stock,2023-11-01,2024-02-01,3,3.25,0.0,-3.25,3.25,3.25
10073,DE-V1-107,intermittent,dead_stock,2023-11-01,2024-03-01,4,0.0,0.0,0.0,0.0,0.0
10073,DE-V1-107,intermittent,dead_stock,2023-11-01,2024-03-01,40,5.25,0.0,-5.25,5.25,5.25
10073,DE-V1-107,intermittent,dead_stock,2023-12-01,2024-01-01,1,2.0,0.0,-2.0,2.0,2.0
10073,DE-V1-107,intermittent,dead_stock,2023-12-01,2024-02-01,2,3.25,0.0,-3.25,3.25,3.25
10073,DE-V1-107,intermittent,dead_stock,2023-12-01,2024-03-01,3,0.0,0.0,0.0,0.0,0.0
10073,DE-V1-107,intermittent,dead_stock,2023-12-01,2024-04-01,4,3.0,0.0,-3.0,3.0,3.0
10073,DE-V1-107,intermittent,dead_stock,2023-12-01,2024-04-01,40,8.25,0.0,-8.25,8.25,8.25
10073,DE-V1-107,intermittent,dead_stock,2024-01-01,2024-02-01,1,3.25,0.0,-3.25,3.25,3.25
10073,DE-V1-107,intermittent,dead_stock,2024-01-01,2024-03-01,2,0.0,0.0,0.0,0.0,0.0
10073,DE-V1-107,intermittent,dead_stock,2024-01-01,2024-04-01,3,3.0,0.0,-3.0,3.0,3.0
10073,DE-V1-107,intermittent,dead_stock,2024-01-01,2024-05-01,4,0.0,0.0,0.0,0.0,0.0
10073,DE-V1-107,intermittent,dead_stock,2024-01-01,2024-05-01,40,6.25,0.0,-6.25,6.25,6.25
10073,DE-V1-107,intermittent,dead_stock,2024-02-01,2024-03-01,1,0.0,1.0,1.0,1.0,0.0
10073,DE-V1-107,intermittent,dead_stock,2024-02-01,2024-04-01,2,3.0,1.5,-1.5,1.5,1.5
10073,DE-V1-107,intermittent,dead_stock,2024-02-01,2024-05-01,3,0.0,1.25,1.25,1.25,0.0
10073,DE-V1-107,intermittent,dead_stock,2024-02-01,2024-06-01,4,0.0,1.125,1.125,1.125,0.0
10073,DE-V1-107,intermittent,dead_stock,2024-02-01,2024-06-01,40,3.0,4.875,1.875,1.875,0.0
10073,DE-V1-107,intermittent,dead_stock,2024-03-01,2024-04-01,1,3.0,1.0,-2.0,2.0,2.0
10073,DE-V1-107,intermittent,dead_stock,2024-03-01,2024-05-01,2,0.0,0.5,0.5,0.5,0.0
10073,DE-V1-107,intermittent,dead_stock,2024-03-01,2024-06-01,3,0.0,0.25,0.25,0.25,0.0
10073,DE-V1-107,intermittent,dead_stock,2024-03-01,2024-07-01,4,30.0,0.375,-29.625,29.625,29.625
10073,DE-V1-107,intermittent,dead_stock,2024-03-01,2024-07-01,40,33.0,2.125,-30.875,30.875,30.875
10073,DE-V1-107,intermittent,dead_stock,2024-04-01,2024-05-01,1,0.0,1.5,1.5,1.5,0.0
10073,DE-V1-107,intermittent,dead_stock,2024-04-01,2024-06-01,2,0.0,0.75,0.75,0.75,0.0
10073,DE-V1-107,intermittent,dead_stock,2024-04-01,2024-07-01,3,30.0,1.125,-28.875,28.875,28.875
10073,DE-V1-107,intermittent,dead_stock,2024-04-01,2024-08-01,4,0.0,0.9375,0.9375,0.9375,0.0
10073,DE-V1-107,intermittent,dead_stock,2024-04-01,2024-08-01,40,30.0,4.3125,-25.6875,25.6875,25.6875
10073,DE-V1-107,intermittent,dead_stock,2024-05-01,2024-06-01,1,0.0,0.0,0.0,0.0,0.0
10073,DE-V1-107,intermittent,dead_stock,2024-05-01,2024-07-01,2,30.0,0.0,-30.0,30.0,30.0
10073,DE-V1-107,intermittent,dead_stock,2024-05-01,2024-08-01,3,0.0,0.0,0.0,0.0,0.0
10073,DE-V1-107,intermittent,dead_stock,2024-05-01,2024-09-01,4,2.0,0.0,-2.0,2.0,2.0
10073,DE-V1-107,intermittent,dead_stock,2024-05-01,2024-09-01,40,32.0,0.0,-32.0,32.0,32.0
10073,DE-V1-107,intermittent,dead_stock,2024-06-01,2024-07-01,1,30.0,0.0,-30.0,30.0,30.0
10073,DE-V1-107,intermittent,dead_stock,2024-06-01,2024-08-01,2,0.0,0.0,0.0,0.0,0.0
10073,DE-V1-107,intermittent,dead_stock,2024-06-01,2024-09-01,3,2.0,0.0,-2.0,2.0,2.0
10073,DE-V1-107,intermittent,dead_stock,2024-06-01,2024-10-01,4,48.0,0.0,-48.0,48.0,48.0
10073,DE-V1-107,intermittent,dead_stock,2024-06-01,2024-10-01,40,80.0,0.0,-80.0,80.0,80.0
10073,DE-V1-107,intermittent,dead_stock,2024-07-01,2024-08-01,1,0.0,0.0,0.0,0.0,0.0
10073,DE-V1-107,intermittent,dead_stock,2024-07-01,2024-09-01,2,2.0,0.0,-2.0,2.0,2.0
10073,DE-V1-107,intermittent,dead_stock,2024-07-01,2024-10-01,3,48.0,0.0,-48.0,48.0,48.0
10073,DE-V1-107,intermittent,dead_stock,2024-07-01,2024-11-01,4,0.0,0.0,0.0,0.0,0.0
10073,DE-V1-107,intermittent,dead_stock,2024-07-01,2024-11-01,40,50.0,0.0,-50.0,50.0,50.0
10073,DE-V1-107,intermittent,dead_stock,2024-08-01,2024-09-01,1,2.0,0.0,-2.0,2.0,2.0
10073,DE-V1-107,intermittent,dead_stock,2024-08-01,2024-10-01,2,48.0,0.0,-48.0,48.0,48.0
10073,DE-V1-107,intermittent,dead_stock,2024-08-01,2024-11-01,3,0.0,0.0,0.0,0.0,0.0
10073,DE-V1-107,intermittent,dead_stock,2024-08-01,2024-12-01,4,0.0,0.0,0.0,0.0,0.0
10073,DE-V1-107,intermittent,dead_stock,2024-08-01,2024-12-01,40,50.0,0.0,-50.0,50.0,50.0
10073,DE-V1-107,intermittent,dead_stock,2024-09-01,2024-10-01,1,48.0,1.0,-47.0,47.0,47.0
10073,DE-V1-107,intermittent,dead_stock,2024-09-01,2024-11-01,2,0.0,0.5,0.5,0.5,0.0
10073,DE-V1-107,intermittent,dead_stock,2024-09-01,2024-12-01,3,0.0,0.75,0.75,0.75,0.0
10073,DE-V1-107,intermittent,dead_stock,2024-09-01,2025-01-01,4,0.0,0.625,0.625,0.625,0.0
10073,DE-V1-107,intermittent,dead_stock,2024-09-01,2025-01-01,40,48.0,2.875,-45.125,45.125,45.125
10073,DE-V1-107,intermittent,dead_stock,2024-10-01,2024-11-01,1,0.0,1.0,1.0,1.0,0.0
10073,DE-V1-107,intermittent,dead_stock,2024-10-01,2024-12-01,2,0.0,1.5,1.5,1.5,0.0
10073,DE-V1-107,intermittent,dead_stock,2024-10-01,2025-01-01,3,0.0,1.25,1.25,1.25,0.0
10073,DE-V1-107,intermittent,dead_stock,2024-10-01,2025-02-01,4,0.0,1.125,1.125,1.125,0.0
10073,DE-V1-107,intermittent,dead_stock,2024-10-01,2025-02-01,40,0.0,4.875,4.875,4.875,0.0
10073,DE-V1-107,intermittent,dead_stock,2024-11-01,2024-12-01,1,0.0,1.0,1.0,1.0,0.0
10073,DE-V1-107,intermittent,dead_stock,2024-11-01,2025-01-01,2,0.0,0.5,0.5,0.5,0.0
10073,DE-V1-107,intermittent,dead_stock,2024-11-01,2025-02-01,3,0.0,0.25,0.25,0.25,0.0
10073,DE-V1-107,intermittent,dead_stock,2024-11-01,2025-03-01,4,1.5,0.375,-1.125,1.125,1.125
10073,DE-V1-107,intermittent,dead_stock,2024-11-01,2025-03-01,40,1.5,2.125,0.625,0.625,0.0
10073,DE-V1-107,intermittent,dead_stock,2024-12-01,2025-01-01,1,0.0,0.0,0.0,0.0,0.0
10073,DE-V1-107,intermittent,dead_stock,2024-12-01,2025-02-01,2,0.0,0.0,0.0,0.0,0.0
10073,DE-V1-107,intermittent,dead_stock,2024-12-01,2025-03-01,3,1.5,0.0,-1.5,1.5,1.5
10073,DE-V1-107,intermittent,dead_stock,2024-12-01,2025-04-01,4,0.0,0.0,0.0,0.0,0.0
10073,DE-V1-107,intermittent,dead_stock,2024-12-01,2025-04-01,40,1.5,0.0,-1.5,1.5,1.5
10073,DE-V1-107,intermittent,dead_stock,2025-01-01,2025-02-01,1,0.0,0.0,0.0,0.0,0.0
10073,DE-V1-107,intermittent,dead_stock,2025-01-01,2025-03-01,2,1.5,0.0,-1.5,1.5,1.5
10073,DE-V1-107,intermittent,dead_stock,2025-01-01,2025-04-01,3,0.0,0.0,0.0,0.0,0.0
10073,DE-V1-107,intermittent,dead_stock,2025-01-01,2025-05-01,4,0.0,0.0,0.0,0.0,0.0
10073,DE-V1-107,intermittent,dead_stock,2025-01-01,2025-05-01,40,1.5,0.0,-1.5,1.5,1.5
10073,DE-V1-107,intermittent,dead_stock,2025-02-01,2025-03-01,1,1.5,0.0,-1.5,1.5,1.5
10073,DE-V1-107,intermittent,dead_stock,2025-02-01,2025-04-01,2,0.0,0.0,0.0,0.0,0.0
10073,DE-V1-107,intermittent,dead_stock,2025-02-01,2025-05-01,3,0.0,0.0,0.0,0.0,0.0
10073,DE-V1-107,intermittent,dead_stock,2025-02-01,2025-06-01,4,0.0,0.0,0.0,0.0,0.0
10073,DE-V1-107,intermittent,dead_stock,2025-02-01,2025-06-01,40,1.5,0.0,-1.5,1.5,1.5
10073,DE-V1-107,intermittent,dead_stock,2025-03-01,2025-04-01,1,0.0,0.0,0.0,0.0,0.0
10073,DE-V1-107,intermittent,dead_stock,2025-03-01,2025-05-01,2,0.0,0.0,0.0,0.0,0.0
10073,DE-V1-107,intermittent,dead_stock,2025-03-01,2025-06-01,3,0.0,0.0,0.0,0.0,0.0
10073,DE-V1-107,intermittent,dead_stock,2025-03-01,2025-07-01,4,0.0,0.0,0.0,0.0,0.0
10073,DE-V1-107,intermittent,dead_stock,2025-03-01,2025-07-01,40,0.0,0.0,0.0,0.0,0.0
10073,DE-V1-107,intermittent,dead_stock,2025-04-01,2025-05-01,1,0.0,0.0,0.0,0.0,0.0
10073,DE-V1-107,intermittent,dead_stock,2025-04-01,2025-06-01,2,0.0,0.0,0.0,0.0,0.0
10073,DE-V1-107,intermittent,dead_stock,2025-04-01,2025-07-01,3,0.0,0.0,0.0,0.0,0.0
10073,DE-V1-107,intermittent,dead_stock,2025-04-01,2025-08-01,4,0.0,0.0,0.0,0.0,0.0
10073,DE-V1-107,intermittent,dead_stock,2025-04-01,2025-08-01,40,0.0,0.0,0.0,0.0,0.0
10073,DE-V1-107,intermittent,dead_stock,2025-05-01,2025-06-01,1,0.0,0.0,0.0,0.0,0.0
10073,DE-V1-107,intermittent,dead_stock,2025-05-01,2025-07-01,2,0.0,0.0,0.0,0.0,0.0
10073,DE-V1-107,intermittent,dead_stock,2025-05-01,2025-08-01,3,0.0,0.0,0.0,0.0,0.0
10073,DE-V1-107,intermittent,dead_stock,2025-05-01,2025-09-01,4,0.0,0.0,0.0,0.0,0.0
10073,DE-V1-107,intermittent,dead_stock,2025-05-01,2025-09-01,40,0.0,0.0,0.0,0.0,0.0
10073,DE-V1-107,intermittent,dead_stock,2025-06-01,2025-07-01,1,0.0,0.0,0.0,0.0,0.0
10073,DE-V1-107,intermittent,dead_stock,2025-06-01,2025-08-01,2,0.0,0.0,0.0,0.0,0.0
10073,DE-V1-107,intermittent,dead_stock,2025-06-01,2025-09-01,3,0.0,0.0,0.0,0.0,0.0
10073,DE-V1-107,intermittent,dead_stock,2025-06-01,2025-10-01,4,13.0,0.0,-13.0,13.0,13.0
10073,DE-V1-107,intermittent,dead_stock,2025-06-01,2025-10-01,40,13.0,0.0,-13.0,13.0,13.0
10073,DE-V1-107,intermittent,dead_stock,2025-07-01,2025-08-01,1,0.0,0.0,0.0,0.0,0.0
10073,DE-V1-107,intermittent,dead_stock,2025-07-01,2025-09-01,2,0.0,0.0,0.0,0.0,0.0
10073,DE-V1-107,intermittent,dead_stock,2025-07-01,2025-10-01,3,13.0,0.0,-13.0,13.0,13.0
10073,DE-V1-107,intermittent,dead_stock,2025-07-01,2025-11-01,4,0.0,0.0,0.0,0.0,0.0
10073,DE-V1-107,intermittent,dead_stock,2025-07-01,2025-11-01,40,13.0,0.0,-13.0,13.0,13.0
10073,DE-V1-107,intermittent,dead_stock,2025-08-01,2025-09-01,1,0.0,0.0,0.0,0.0,0.0
10073,DE-V1-107,intermittent,dead_stock,2025-08-01,2025-10-01,2,13.0,0.0,-13.0,13.0,13.0
10073,DE-V1-107,intermittent,dead_stock,2025-08-01,2025-11-01,3,0.0,0.0,0.0,0.0,0.0
10073,DE-V1-107,intermittent,dead_stock,2025-08-01,2025-12-01,4,0.0,0.0,0.0,0.0,0.0
10073,DE-V1-107,intermittent,dead_stock,2025-08-01,2025-12-01,40,13.0,0.0,-13.0,13.0,13.0
10073,DE-V1-107,dead_stock,dead_stock,2025-09-01,2025-10-01,1,13.0,0.0,-13.0,13.0,13.0
10073,DE-V1-107,dead_stock,dead_stock,2025-09-01,2025-11-01,2,0.0,0.0,0.0,0.0,0.0
10073,DE-V1-107,dead_stock,dead_stock,2025-09-01,2025-12-01,3,0.0,0.0,0.0,0.0,0.0
10073,DE-V1-107,dead_stock,dead_stock,2025-09-01,2026-01-01,4,0.0,0.0,0.0,0.0,0.0
10073,DE-V1-107,dead_stock,dead_stock,2025-09-01,2026-01-01,40,13.0,0.0,-13.0,13.0,13.0
10073,DE-V1-107,intermittent,dead_stock,2025-10-01,2025-11-01,1,0.0,0.0,0.0,0.0,0.0
10073,DE-V1-107,intermittent,dead_stock,2025-10-01,2025-12-01,2,0.0,0.0,0.0,0.0,0.0
10073,DE-V1-107,intermittent,dead_stock,2025-10-01,2026-01-01,3,0.0,0.0,0.0,0.0,0.0
10073,DE-V1-107,intermittent,dead_stock,2025-10-01,2026-02-01,4,5.5,0.0,-5.5,5.5,5.5
10073,DE-V1-107,intermittent,dead_stock,2025-10-01,2026-02-01,40,5.5,0.0,-5.5,5.5,5.5
10073,DE-V1-107,intermittent,dead_stock,2025-11-01,2025-12-01,1,0.0,0.0,0.0,0.0,0.0
10073,DE-V1-107,intermittent,dead_stock,2025-11-01,2026-01-01,2,0.0,0.0,0.0,0.0,0.0
10073,DE-V1-107,intermittent,dead_stock,2025-11-01,2026-02-01,3,5.5,0.0,-5.5,5.5,5.5
10073,DE-V1-107,intermittent,dead_stock,2025-11-01,2026-03-01,4,0.0,0.0,0.0,0.0,0.0
10073,DE-V1-107,intermittent,dead_stock,2025-11-01,2026-03-01,40,5.5,0.0,-5.5,5.5,5.5
10073,DE-V1-107,intermittent,dead_stock,2025-12-01,2026-01-01,1,0.0,0.0,0.0,0.0,0.0
10073,DE-V1-107,intermittent,dead_stock,2025-12-01,2026-02-01,2,5.5,0.0,-5.5,5.5,5.5
10073,DE-V1-107,intermittent,dead_stock,2025-12-01,2026-03-01,3,0.0,0.0,0.0,0.0,0.0
10073,DE-V1-107,intermittent,dead_stock,2025-12-01,2026-04-01,4,0.0,0.0,0.0,0.0,0.0
10073,DE-V1-107,intermittent,dead_stock,2025-12-01,2026-04-01,40,5.5,0.0,-5.5,5.5,5.5
10073,DE-V1-107,intermittent,dead_stock,2026-01-01,2026-02-01,1,5.5,0.0,-5.5,5.5,5.5
10073,DE-V1-107,intermittent,dead_stock,2026-01-01,2026-03-01,2,0.0,0.0,0.0,0.0,0.0
10073,DE-V1-107,intermittent,dead_stock,2026-01-01,2026-04-01,3,0.0,0.0,0.0,0.0,0.0
10073,DE-V1-107,intermittent,dead_stock,2026-01-01,2026-05-01,4,0.0,0.0,0.0,0.0,0.0
10073,DE-V1-107,intermittent,dead_stock,2026-01-01,2026-05-01,40,5.5,0.0,-5.5,5.5,5.5
10073,DE-V1-107,intermittent,dead_stock,2026-02-01,2026-03-01,1,0.0,0.0,0.0,0.0,0.0
10073,DE-V1-107,intermittent,dead_stock,2026-02-01,2026-04-01,2,0.0,0.0,0.0,0.0,0.0
10073,DE-V1-107,intermittent,dead_stock,2026-02-01,2026-05-01,3,0.0,0.0,0.0,0.0,0.0
10073,DE-V1-107,intermittent,dead_stock,2026-02-01,2026-06-01,4,0.0,0.0,0.0,0.0,0.0
10073,DE-V1-107,intermittent,dead_stock,2026-02-01,2026-06-01,40,0.0,0.0,0.0,0.0,0.0
10073,DE-V1-107,intermittent,dead_stock,2026-03-01,2026-04-01,1,0.0,0.0,0.0,0.0,0.0
10073,DE-V1-107,intermittent,dead_stock,2026-03-01,2026-05-01,2,0.0,0.0,0.0,0.0,0.0
10073,DE-V1-107,intermittent,dead_stock,2026-03-01,2026-06-01,3,0.0,0.0,0.0,0.0,0.0
10073,DE-V1-107,intermittent,dead_stock,2026-03-01,2026-07-01,4,0.0,0.0,0.0,0.0,0.0
10073,DE-V1-107,intermittent,dead_stock,2026-03-01,2026-07-01,40,0.0,0.0,0.0,0.0,0.0
10073,DE-V1-107,intermittent,dead_stock,2026-04-01,2026-05-01,1,0.0,0.0,0.0,0.0,0.0
10073,DE-V1-107,intermittent,dead_stock,2026-04-01,2026-06-01,2,0.0,0.0,0.0,0.0,0.0
10073,DE-V1-107,intermittent,dead_stock,2026-04-01,2026-07-01,3,0.0,0.0,0.0,0.0,0.0
10073,DE-V1-107,intermittent,dead_stock,2026-04-01,2026-08-01,4,0.0,0.0,0.0,0.0,0.0
10073,DE-V1-107,intermittent,dead_stock,2026-04-01,2026-08-01,40,0.0,0.0,0.0,0.0,0.0
10073,DE-V1-107,intermittent,dead_stock,2026-05-01,2026-06-01,1,0.0,0.0,0.0,0.0,0.0
10073,DE-V1-107,intermittent,dead_stock,2026-05-01,2026-07-01,2,0.0,0.0,0.0,0.0,0.0
10073,DE-V1-107,intermittent,dead_stock,2026-05-01,2026-08-01,3,0.0,0.0,0.0,0.0,0.0
10073,DE-V1-107,intermittent,dead_stock,2026-05-01,2026-09-01,4,0.0,0.0,0.0,0.0,0.0
10073,DE-V1-107,intermittent,dead_stock,2026-05-01,2026-09-01,40,0.0,0.0,0.0,0.0,0.0
10073,DE-V1-107,intermittent,dead_stock,2026-06-01,2026-07-01,1,0.0,0.0,0.0,0.0,0.0
10073,DE-V1-107,intermittent,dead_stock,2026-06-01,2026-08-01,2,0.0,0.0,0.0,0.0,0.0
10073,DE-V1-107,intermittent,dead_stock,2026-06-01,2026-09-01,3,0.0,0.0,0.0,0.0,0.0
10073,DE-V1-107,intermittent,dead_stock,2026-07-01,2026-08-01,1,0.0,0.0,0.0,0.0,0.0
10073,DE-V1-107,intermittent,dead_stock,2026-07-01,2026-09-01,2,0.0,0.0,0.0,0.0,0.0
10073,DE-V1-107,dead_stock,dead_stock,2026-08-01,2026-09-01,1,0.0,0.0,0.0,0.0,0.0
15805,407-29,intermittent,intermittent,2024-09-01,2024-10-01,1,0.0,0.0,0.0,0.0,0.0
15805,407-29,intermittent,intermittent,2024-09-01,2024-11-01,2,0.0,0.0,0.0,0.0,0.0
15805,407-29,intermittent,intermittent,2024-09-01,2024-12-01,3,0.0,0.0,0.0,0.0,0.0
15805,407-29,intermittent,intermittent,2024-09-01,2025-01-01,4,0.0,0.0,0.0,0.0,0.0
15805,407-29,intermittent,intermittent,2024-09-01,2025-01-01,40,0.0,0.0,0.0,0.0,0.0
15805,407-29,dead_stock,intermittent,2024-10-01,2024-11-01,1,0.0,0.0,0.0,0.0,0.0
15805,407-29,dead_stock,intermittent,2024-10-01,2024-12-01,2,0.0,0.0,0.0,0.0,0.0
15805,407-29,dead_stock,intermittent,2024-10-01,2025-01-01,3,0.0,0.0,0.0,0.0,0.0
15805,407-29,dead_stock,intermittent,2024-10-01,2025-02-01,4,2.0,0.0,-2.0,2.0,2.0
15805,407-29,dead_stock,intermittent,2024-10-01,2025-02-01,40,2.0,0.0,-2.0,2.0,2.0
15805,407-29,dead_stock,intermittent,2024-11-01,2024-12-01,1,0.0,0.0,0.0,0.0,0.0
15805,407-29,dead_stock,intermittent,2024-11-01,2025-01-01,2,0.0,0.0,0.0,0.0,0.0
15805,407-29,dead_stock,intermittent,2024-11-01,2025-02-01,3,2.0,0.0,-2.0,2.0,2.0
15805,407-29,dead_stock,intermittent,2024-11-01,2025-03-01,4,1.0,0.0,-1.0,1.0,1.0
15805,407-29,dead_stock,intermittent,2024-11-01,2025-03-01,40,3.0,0.0,-3.0,3.0,3.0
15805,407-29,dead_stock,intermittent,2024-12-01,2025-01-01,1,0.0,0.0,0.0,0.0,0.0
15805,407-29,dead_stock,intermittent,2024-12-01,2025-02-01,2,2.0,0.0,-2.0,2.0,2.0
15805,407-29,dead_stock,intermittent,2024-12-01,2025-03-01,3,1.0,0.0,-1.0,1.0,1.0
15805,407-29,dead_stock,intermittent,2024-12-01,2025-04-01,4,0.0,0.0,0.0,0.0,0.0
15805,407-29,dead_stock,intermittent,2024-12-01,2025-04-01,40,3.0,0.0,-3.0,3.0,3.0
15805,407-29,dead_stock,intermittent,2025-01-01,2025-02-01,1,2.0,0.0,-2.0,2.0,2.0
15805,407-29,dead_stock,intermittent,2025-01-01,2025-03-01,2,1.0,0.0,-1.0,1.0,1.0
15805,407-29,dead_stock,intermittent,2025-01-01,2025-04-01,3,0.0,0.0,0.0,0.0,0.0
15805,407-29,dead_stock,intermittent,2025-01-01,2025-05-01,4,2.5,0.0,-2.5,2.5,2.5
15805,407-29,dead_stock,intermittent,2025-01-01,2025-05-01,40,5.5,0.0,-5.5,5.5,5.5
15805,407-29,intermittent,intermittent,2025-02-01,2025-03-01,1,1.0,0.0,-1.0,1.0,1.0
15805,407-29,intermittent,intermittent,2025-02-01,2025-04-01,2,0.0,0.0,0.0,0.0,0.0
15805,407-29,intermittent,intermittent,2025-02-01,2025-05-01,3,2.5,0.0,-2.5,2.5,2.5
15805,407-29,intermittent,intermittent,2025-02-01,2025-06-01,4,0.0,0.0,0.0,0.0,0.0
15805,407-29,intermittent,intermittent,2025-02-01,2025-06-01,40,3.5,0.0,-3.5,3.5,3.5
15805,407-29,intermittent,intermittent,2025-03-01,2025-04-01,1,0.0,0.5,0.5,0.5,0.0
15805,407-29,intermittent,intermittent,2025-03-01,2025-05-01,2,2.5,0.75,-1.75,1.75,1.75
15805,407-29,intermittent,intermittent,2025-03-01,2025-06-01,3,0.0,0.625,0.625,0.625,0.0
15805,407-29,intermittent,intermittent,2025-03-01,2025-07-01,4,0.0,0.5625,0.5625,0.5625,0.0
15805,407-29,intermittent,intermittent,2025-03-01,2025-07-01,40,2.5,2.4375,-0.0625,0.0625,0.0625
15805,407-29,intermittent,intermittent,2025-04-01,2025-05-01,1,2.5,0.5,-2.0,2.0,2.0
15805,407-29,intermittent,intermittent,2025-04-01,2025-06-01,2,0.0,0.25,0.25,0.25,0.0
15805,407-29,intermittent,intermittent,2025-04-01,2025-07-01,3,0.0,0.125,0.125,0.125,0.0
15805,407-29,intermittent,intermittent,2025-04-01,2025-08-01,4,1.5,0.1875,-1.3125,1.3125,1.3125
15805,407-29,intermittent,intermittent,2025-04-01,2025-08-01,40,4.0,1.0625,-2.9375,2.9375,2.9375
15805,407-29,intermittent,intermittent,2025-05-01,2025-06-01,1,0.0,0.5,0.5,0.5,0.0
15805,407-29,intermittent,intermittent,2025-05-01,2025-07-01,2,0.0,0.25,0.25,0.25,0.0
15805,407-29,intermittent,intermittent,2025-05-01,2025-08-01,3,1.5,0.375,-1.125,1.125,1.125
15805,407-29,intermittent,intermittent,2025-05-01,2025-09-01,4,0.0,0.3125,0.3125,0.3125,0.0
15805,407-29,intermittent,intermittent,2025-05-01,2025-09-01,40,1.5,1.4375,-0.0625,0.0625,0.0625
15805,407-29,intermittent,intermittent,2025-06-01,2025-07-01,1,0.0,0.0,0.0,0.0,0.0
15805,407-29,intermittent,intermittent,2025-06-01,2025-08-01,2,1.5,0.0,-1.5,1.5,1.5
15805,407-29,intermittent,intermittent,2025-06-01,2025-09-01,3,0.0,0.0,0.0,0.0,0.0
15805,407-29,intermittent,intermittent,2025-06-01,2025-10-01,4,36.0,0.0,-36.0,36.0,36.0
15805,407-29,intermittent,intermittent,2025-06-01,2025-10-01,40,37.5,0.0,-37.5,37.5,37.5
15805,407-29,intermittent,intermittent,2025-07-01,2025-08-01,1,1.5,0.0,-1.5,1.5,1.5
15805,407-29,intermittent,intermittent,2025-07-01,2025-09-01,2,0.0,0.0,0.0,0.0,0.0
15805,407-29,intermittent,intermittent,2025-07-01,2025-10-01,3,36.0,0.0,-36.0,36.0,36.0
15805,407-29,intermittent,intermittent,2025-07-01,2025-11-01,4,1.25,0.0,-1.25,1.25,1.25
15805,407-29,intermittent,intermittent,2025-07-01,2025-11-01,40,38.75,0.0,-38.75,38.75,38.75
15805,407-29,intermittent,intermittent,2025-08-01,2025-09-01,1,0.0,0.0,0.0,0.0,0.0
15805,407-29,intermittent,intermittent,2025-08-01,2025-10-01,2,36.0,0.0,-36.0,36.0,36.0
15805,407-29,intermittent,intermittent,2025-08-01,2025-11-01,3,1.25,0.0,-1.25,1.25,1.25
15805,407-29,intermittent,intermittent,2025-08-01,2025-12-01,4,0.0,0.0,0.0,0.0,0.0
15805,407-29,intermittent,intermittent,2025-08-01,2025-12-01,40,37.25,0.0,-37.25,37.25,37.25
15805,407-29,intermittent,intermittent,2025-09-01,2025-10-01,1,36.0,0.0,-36.0,36.0,36.0
15805,407-29,intermittent,intermittent,2025-09-01,2025-11-01,2,1.25,0.0,-1.25,1.25,1.25
15805,407-29,intermittent,intermittent,2025-09-01,2025-12-01,3,0.0,0.0,0.0,0.0,0.0
15805,407-29,intermittent,intermittent,2025-09-01,2026-01-01,4,0.0,0.0,0.0,0.0,0.0
15805,407-29,intermittent,intermittent,2025-09-01,2026-01-01,40,37.25,0.0,-37.25,37.25,37.25
15805,407-29,intermittent,intermittent,2025-10-01,2025-11-01,1,1.25,0.75,-0.5,0.5,0.5
15805,407-29,intermittent,intermittent,2025-10-01,2025-12-01,2,0.0,0.375,0.375,0.375,0.0
15805,407-29,intermittent,intermittent,2025-10-01,2026-01-01,3,0.0,0.5625,0.5625,0.5625,0.0
15805,407-29,intermittent,intermittent,2025-10-01,2026-02-01,4,0.0,0.46875,0.46875,0.46875,0.0
15805,407-29,intermittent,intermittent,2025-10-01,2026-02-01,40,1.25,2.15625,0.90625,0.90625,0.0
15805,407-29,intermittent,intermittent,2025-11-01,2025-12-01,1,0.0,0.625,0.625,0.625,0.0
15805,407-29,intermittent,intermittent,2025-11-01,2026-01-01,2,0.0,0.9375,0.9375,0.9375,0.0
15805,407-29,intermittent,intermittent,2025-11-01,2026-02-01,3,0.0,0.78125,0.78125,0.78125,0.0
15805,407-29,intermittent,intermittent,2025-11-01,2026-03-01,4,0.0,0.703125,0.703125,0.703125,0.0
15805,407-29,intermittent,intermittent,2025-11-01,2026-03-01,40,0.0,3.046875,3.046875,3.046875,0.0
15805,407-29,intermittent,intermittent,2025-12-01,2026-01-01,1,0.0,0.625,0.625,0.625,0.0
15805,407-29,intermittent,intermittent,2025-12-01,2026-02-01,2,0.0,0.3125,0.3125,0.3125,0.0
15805,407-29,intermittent,intermittent,2025-12-01,2026-03-01,3,0.0,0.15625,0.15625,0.15625,0.0
15805,407-29,intermittent,intermittent,2025-12-01,2026-04-01,4,0.0,0.234375,0.234375,0.234375,0.0
15805,407-29,intermittent,intermittent,2025-12-01,2026-04-01,40,0.0,1.328125,1.328125,1.328125,0.0
15805,407-29,intermittent,intermittent,2026-01-01,2026-02-01,1,0.0,0.0,0.0,0.0,0.0
15805,407-29,intermittent,intermittent,2026-01-01,2026-03-01,2,0.0,0.0,0.0,0.0,0.0
15805,407-29,intermittent,intermittent,2026-01-01,2026-04-01,3,0.0,0.0,0.0,0.0,0.0
15805,407-29,intermittent,intermittent,2026-01-01,2026-05-01,4,0.0,0.0,0.0,0.0,0.0
15805,407-29,intermittent,intermittent,2026-01-01,2026-05-01,40,0.0,0.0,0.0,0.0,0.0
15805,407-29,intermittent,intermittent,2026-02-01,2026-03-01,1,0.0,0.0,0.0,0.0,0.0
15805,407-29,intermittent,intermittent,2026-02-01,2026-04-01,2,0.0,0.0,0.0,0.0,0.0
15805,407-29,intermittent,intermittent,2026-02-01,2026-05-01,3,0.0,0.0,0.0,0.0,0.0
15805,407-29,intermittent,intermittent,2026-02-01,2026-06-01,4,1.0,0.0,-1.0,1.0,1.0
15805,407-29,intermittent,intermittent,2026-02-01,2026-06-01,40,1.0,0.0,-1.0,1.0,1.0
15805,407-29,intermittent,intermittent,2026-03-01,2026-04-01,1,0.0,0.0,0.0,0.0,0.0
15805,407-29,intermittent,intermittent,2026-03-01,2026-05-01,2,0.0,0.0,0.0,0.0,0.0
15805,407-29,intermittent,intermittent,2026-03-01,2026-06-01,3,1.0,0.0,-1.0,1.0,1.0
15805,407-29,intermittent,intermittent,2026-03-01,2026-07-01,4,0.0,0.0,0.0,0.0,0.0
15805,407-29,intermittent,intermittent,2026-03-01,2026-07-01,40,1.0,0.0,-1.0,1.0,1.0
15805,407-29,intermittent,intermittent,2026-04-01,2026-05-01,1,0.0,0.0,0.0,0.0,0.0
15805,407-29,intermittent,intermittent,2026-04-01,2026-06-01,2,1.0,0.0,-1.0,1.0,1.0
15805,407-29,intermittent,intermittent,2026-04-01,2026-07-01,3,0.0,0.0,0.0,0.0,0.0
15805,407-29,intermittent,intermittent,2026-04-01,2026-08-01,4,0.0,0.0,0.0,0.0,0.0
15805,407-29,intermittent,intermittent,2026-04-01,2026-08-01,40,1.0,0.0,-1.0,1.0,1.0
15805,407-29,dead_stock,intermittent,2026-05-01,2026-06-01,1,1.0,0.0,-1.0,1.0,1.0
15805,407-29,dead_stock,intermittent,2026-05-01,2026-07-01,2,0.0,0.0,0.0,0.0,0.0
15805,407-29,dead_stock,intermittent,2026-05-01,2026-08-01,3,0.0,0.0,0.0,0.0,0.0
15805,407-29,dead_stock,intermittent,2026-05-01,2026-09-01,4,0.0,0.0,0.0,0.0,0.0
15805,407-29,dead_stock,intermittent,2026-05-01,2026-09-01,40,1.0,0.0,-1.0,1.0,1.0
15805,407-29,intermittent,intermittent,2026-06-01,2026-07-01,1,0.0,0.0,0.0,0.0,0.0
15805,407-29,intermittent,intermittent,2026-06-01,2026-08-01,2,0.0,0.0,0.0,0.0,0.0
15805,407-29,intermittent,intermittent,2026-06-01,2026-09-01,3,0.0,0.0,0.0,0.0,0.0
15805,407-29,intermittent,intermittent,2026-07-01,2026-08-01,1,0.0,0.0,0.0,0.0,0.0
15805,407-29,intermittent,intermittent,2026-07-01,2026-09-01,2,0.0,0.0,0.0,0.0,0.0
15805,407-29,intermittent,intermittent,2026-08-01,2026-09-01,1,0.0,0.0,0.0,0.0,0.0
13277,401-06,intermittent,intermittent,2024-08-01,2024-09-01,1,0.0,0.0,0.0,0.0,0.0
13277,401-06,intermittent,intermittent,2024-08-01,2024-10-01,2,22.5,0.0,-22.5,22.5,22.5
13277,401-06,intermittent,intermittent,2024-08-01,2024-11-01,3,38.0,0.0,-38.0,38.0,38.0
13277,401-06,intermittent,intermittent,2024-08-01,2024-12-01,4,0.0,0.0,0.0,0.0,0.0
13277,401-06,intermittent,intermittent,2024-08-01,2024-12-01,40,60.5,0.0,-60.5,60.5,60.5
13277,401-06,intermittent,intermittent,2024-09-01,2024-10-01,1,22.5,0.0,-22.5,22.5,22.5
13277,401-06,intermittent,intermittent,2024-09-01,2024-11-01,2,38.0,0.0,-38.0,38.0,38.0
13277,401-06,intermittent,intermittent,2024-09-01,2024-12-01,3,0.0,0.0,0.0,0.0,0.0
13277,401-06,intermittent,intermittent,2024-09-01,2025-01-01,4,0.0,0.0,0.0,0.0,0.0
13277,401-06,intermittent,intermittent,2024-09-01,2025-01-01,40,60.5,0.0,-60.5,60.5,60.5
13277,401-06,intermittent,intermittent,2024-10-01,2024-11-01,1,38.0,0.0,-38.0,38.0,38.0
13277,401-06,intermittent,intermittent,2024-10-01,2024-12-01,2,0.0,0.0,0.0,0.0,0.0
13277,401-06,intermittent,intermittent,2024-10-01,2025-01-01,3,0.0,0.0,0.0,0.0,0.0
13277,401-06,intermittent,intermittent,2024-10-01,2025-02-01,4,1.0,0.0,-1.0,1.0,1.0
13277,401-06,intermittent,intermittent,2024-10-01,2025-02-01,40,39.0,0.0,-39.0,39.0,39.0
13277,401-06,intermittent,intermittent,2024-11-01,2024-12-01,1,0.0,11.25,11.25,11.25,0.0
13277,401-06,intermittent,intermittent,2024-11-01,2025-01-01,2,0.0,16.875,16.875,16.875,0.0
13277,401-06,intermittent,intermittent,2024-11-01,2025-02-01,3,1.0,14.0625,13.0625,13.0625,0.0
13277,401-06,intermittent,intermittent,2024-11-01,2025-03-01,4,0.0,12.65625,12.65625,12.65625,0.0
13277,401-06,intermittent,intermittent,2024-11-01,2025-03-01,40,1.0,54.84375,53.84375,53.84375,0.0
13277,401-06,intermittent,intermittent,2024-12-01,2025-01-01,1,0.0,11.25,11.25,11.25,0.0
13277,401-06,intermittent,intermittent,2024-12-01,2025-02-01,2,1.0,5.625,4.625,4.625,0.0
13277,401-06,intermittent,intermittent,2024-12-01,2025-03-01,3,0.0,2.8125,2.8125,2.8125,0.0
13277,401-06,intermittent,intermittent,2024-12-01,2025-04-01,4,0.0,4.21875,4.21875,4.21875,0.0
13277,401-06,intermittent,intermittent,2024-12-01,2025-04-01,40,1.0,23.90625,22.90625,22.90625,0.0
13277,401-06,intermittent,intermittent,2025-01-01,2025-02-01,1,1.0,0.0,-1.0,1.0,1.0
13277,401-06,intermittent,intermittent,2025-01-01,2025-03-01,2,0.0,0.0,0.0,0.0,0.0
13277,401-06,intermittent,intermittent,2025-01-01,2025-04-01,3,0.0,0.0,0.0,0.0,0.0
13277,401-06,intermittent,intermittent,2025-01-01,2025-05-01,4,3.0,0.0,-3.0,3.0,3.0
13277,401-06,intermittent,intermittent,2025-01-01,2025-05-01,40,4.0,0.0,-4.0,4.0,4.0
13277,401-06,intermittent,intermittent,2025-02-01,2025-03-01,1,0.0,0.0,0.0,0.0,0.0
13277,401-06,intermittent,intermittent,2025-02-01,2025-04-01,2,0.0,0.0,0.0,0.0,0.0
13277,401-06,intermittent,intermittent,2025-02-01,2025-05-01,3,3.0,0.0,-3.0,3.0,3.0
13277,401-06,intermittent,intermittent,2025-02-01,2025-06-01,4,0.0,0.0,0.0,0.0,0.0
13277,401-06,intermittent,intermittent,2025-02-01,2025-06-01,40,3.0,0.0,-3.0,3.0,3.0
13277,401-06,intermittent,intermittent,2025-03-01,2025-04-01,1,0.0,0.0,0.0,0.0,0.0
13277,401-06,intermittent,intermittent,2025-03-01,2025-05-01,2,3.0,0.0,-3.0,3.0,3.0
13277,401-06,intermittent,intermittent,2025-03-01,2025-06-01,3,0.0,0.0,0.0,0.0,0.0
13277,401-06,intermittent,intermittent,2025-03-01,2025-07-01,4,14.0,0.0,-14.0,14.0,14.0
13277,401-06,intermittent,intermittent,2025-03-01,2025-07-01,40,17.0,0.0,-17.0,17.0,17.0
13277,401-06,intermittent,intermittent,2025-04-01,2025-05-01,1,3.0,0.0,-3.0,3.0,3.0
13277,401-06,intermittent,intermittent,2025-04-01,2025-06-01,2,0.0,0.0,0.0,0.0,0.0
13277,401-06,intermittent,intermittent,2025-04-01,2025-07-01,3,14.0,0.0,-14.0,14.0,14.0
13277,401-06,intermittent,intermittent,2025-04-01,2025-08-01,4,0.0,0.0,0.0,0.0,0.0
13277,401-06,intermittent,intermittent,2025-04-01,2025-08-01,40,17.0,0.0,-17.0,17.0,17.0
13277,401-06,intermittent,intermittent,2025-05-01,2025-06-01,1,0.0,0.0,0.0,0.0,0.0
13277,401-06,intermittent,intermittent,2025-05-01,2025-07-01,2,14.0,0.0,-14.0,14.0,14.0
13277,401-06,intermittent,intermittent,2025-05-01,2025-08-01,3,0.0,0.0,0.0,0.0,0.0
13277,401-06,intermittent,intermittent,2025-05-01,2025-09-01,4,0.0,0.0,0.0,0.0,0.0
13277,401-06,intermittent,intermittent,2025-05-01,2025-09-01,40,14.0,0.0,-14.0,14.0,14.0
13277,401-06,intermittent,intermittent,2025-06-01,2025-07-01,1,14.0,0.0,-14.0,14.0,14.0
13277,401-06,intermittent,intermittent,2025-06-01,2025-08-01,2,0.0,0.0,0.0,0.0,0.0
13277,401-06,intermittent,intermittent,2025-06-01,2025-09-01,3,0.0,0.0,0.0,0.0,0.0
13277,401-06,intermittent,intermittent,2025-06-01,2025-10-01,4,0.0,0.0,0.0,0.0,0.0
13277,401-06,intermittent,intermittent,2025-06-01,2025-10-01,40,14.0,0.0,-14.0,14.0,14.0
13277,401-06,intermittent,intermittent,2025-07-01,2025-08-01,1,0.0,1.5,1.5,1.5,0.0
13277,401-06,intermittent,intermittent,2025-07-01,2025-09-01,2,0.0,0.75,0.75,0.75,0.0
13277,401-06,intermittent,intermittent,2025-07-01,2025-10-01,3,0.0,1.125,1.125,1.125,0.0
13277,401-06,intermittent,intermittent,2025-07-01,2025-11-01,4,34.0,0.9375,-33.0625,33.0625,33.0625
13277,401-06,intermittent,intermittent,2025-07-01,2025-11-01,40,34.0,4.3125,-29.6875,29.6875,29.6875
13277,401-06,intermittent,intermittent,2025-08-01,2025-09-01,1,0.0,0.0,0.0,0.0,0.0
13277,401-06,intermittent,intermittent,2025-08-01,2025-10-01,2,0.0,0.0,0.0,0.0,0.0
13277,401-06,intermittent,intermittent,2025-08-01,2025-11-01,3,34.0,0.0,-34.0,34.0,34.0
13277,401-06,intermittent,intermittent,2025-08-01,2025-12-01,4,4.0,0.0,-4.0,4.0,4.0
13277,401-06,intermittent,intermittent,2025-08-01,2025-12-01,40,38.0,0.0,-38.0,38.0,38.0
13277,401-06,intermittent,intermittent,2025-09-01,2025-10-01,1,0.0,0.0,0.0,0.0,0.0
13277,401-06,intermittent,intermittent,2025-09-01,2025-11-01,2,34.0,0.0,-34.0,34.0,34.0
13277,401-06,intermittent,intermittent,2025-09-01,2025-12-01,3,4.0,0.0,-4.0,4.0,4.0
13277,401-06,intermittent,intermittent,2025-09-01,2026-01-01,4,16.0,0.0,-16.0,16.0,16.0
13277,401-06,intermittent,intermittent,2025-09-01,2026-01-01,40,54.0,0.0,-54.0,54.0,54.0
13277,401-06,intermittent,intermittent,2025-10-01,2025-11-01,1,34.0,0.0,-34.0,34.0,34.0
13277,401-06,intermittent,intermittent,2025-10-01,2025-12-01,2,4.0,0.0,-4.0,4.0,4.0
13277,401-06,intermittent,intermittent,2025-10-01,2026-01-01,3,16.0,0.0,-16.0,16.0,16.0
13277,401-06,intermittent,intermittent,2025-10-01,2026-02-01,4,0.0,0.0,0.0,0.0,0.0
13277,401-06,intermittent,intermittent,2025-10-01,2026-02-01,40,54.0,0.0,-54.0,54.0,54.0
13277,401-06,intermittent,intermittent,2025-11-01,2025-12-01,1,4.0,0.0,-4.0,4.0,4.0
13277,401-06,intermittent,intermittent,2025-11-01,2026-01-01,2,16.0,0.0,-16.0,16.0,16.0
13277,401-06,intermittent,intermittent,2025-11-01,2026-02-01,3,0.0,0.0,0.0,0.0,0.0
13277,401-06,intermittent,intermittent,2025-11-01,2026-03-01,4,0.0,0.0,0.0,0.0,0.0
13277,401-06,intermittent,intermittent,2025-11-01,2026-03-01,40,20.0,0.0,-20.0,20.0,20.0
13277,401-06,intermittent,intermittent,2025-12-01,2026-01-01,1,16.0,2.0,-14.0,14.0,14.0
13277,401-06,intermittent,intermittent,2025-12-01,2026-02-01,2,0.0,3.0,3.0,3.0,0.0
13277,401-06,intermittent,intermittent,2025-12-01,2026-03-01,3,0.0,2.5,2.5,2.5,0.0
13277,401-06,intermittent,intermittent,2025-12-01,2026-04-01,4,30.0,2.25,-27.75,27.75,27.75
13277,401-06,intermittent,intermittent,2025-12-01,2026-04-01,40,46.0,9.75,-36.25,36.25,36.25
13277,401-06,intermittent,intermittent,2026-01-01,2026-02-01,1,0.0,10.0,10.0,10.0,0.0
13277,401-06,intermittent,intermittent,2026-01-01,2026-03-01,2,0.0,7.0,7.0,7.0,0.0
13277,401-06,intermittent,intermittent,2026-01-01,2026-04-01,3,30.0,8.5,-21.5,21.5,21.5
13277,401-06,intermittent,intermittent,2026-01-01,2026-05-01,4,0.0,7.75,7.75,7.75,0.0
13277,401-06,intermittent,intermittent,2026-01-01,2026-05-01,40,30.0,33.25,3.25,3.25,0.0
13277,401-06,intermittent,intermittent,2026-02-01,2026-03-01,1,0.0,2.0,2.0,2.0,0.0
13277,401-06,intermittent,intermittent,2026-02-01,2026-04-01,2,30.0,1.0,-29.0,29.0,29.0
13277,401-06,intermittent,intermittent,2026-02-01,2026-05-01,3,0.0,0.5,0.5,0.5,0.0
13277,401-06,intermittent,intermittent,2026-02-01,2026-06-01,4,0.0,0.75,0.75,0.75,0.0
13277,401-06,intermittent,intermittent,2026-02-01,2026-06-01,40,30.0,4.25,-25.75,25.75,25.75
13277,401-06,intermittent,intermittent,2026-03-01,2026-04-01,1,30.0,0.0,-30.0,30.0,30.0
13277,401-06,intermittent,intermittent,2026-03-01,2026-05-01,2,0.0,0.0,0.0,0.0,0.0
13277,401-06,intermittent,intermittent,2026-03-01,2026-06-01,3,0.0,0.0,0.0,0.0,0.0
13277,401-06,intermittent,intermittent,2026-03-01,2026-07-01,4,0.0,0.0,0.0,0.0,0.0
13277,401-06,intermittent,intermittent,2026-03-01,2026-07-01,40,30.0,0.0,-30.0,30.0,30.0
13277,401-06,intermittent,intermittent,2026-04-01,2026-05-01,1,0.0,0.0,0.0,0.0,0.0
13277,401-06,intermittent,intermittent,2026-04-01,2026-06-01,2,0.0,0.0,0.0,0.0,0.0
13277,401-06,intermittent,intermittent,2026-04-01,2026-07-01,3,0.0,0.0,0.0,0.0,0.0
13277,401-06,intermittent,intermittent,2026-04-01,2026-08-01,4,12.0,0.0,-12.0,12.0,12.0
13277,401-06,intermittent,intermittent,2026-04-01,2026-08-01,40,12.0,0.0,-12.0,12.0,12.0
13277,401-06,intermittent,intermittent,2026-05-01,2026-06-01,1,0.0,0.0,0.0,0.0,0.0
13277,401-06,intermittent,intermittent,2026-05-01,2026-07-01,2,0.0,0.0,0.0,0.0,0.0
13277,401-06,intermittent,intermittent,2026-05-01,2026-08-01,3,12.0,0.0,-12.0,12.0,12.0
13277,401-06,intermittent,intermittent,2026-05-01,2026-09-01,4,0.0,0.0,0.0,0.0,0.0
13277,401-06,intermittent,intermittent,2026-05-01,2026-09-01,40,12.0,0.0,-12.0,12.0,12.0
13277,401-06,intermittent,intermittent,2026-06-01,2026-07-01,1,0.0,0.0,0.0,0.0,0.0
13277,401-06,intermittent,intermittent,2026-06-01,2026-08-01,2,12.0,0.0,-12.0,12.0,12.0
13277,401-06,intermittent,intermittent,2026-06-01,2026-09-01,3,0.0,0.0,0.0,0.0,0.0
13277,401-06,intermittent,intermittent,2026-07-01,2026-08-01,1,12.0,0.0,-12.0,12.0,12.0
13277,401-06,intermittent,intermittent,2026-07-01,2026-09-01,2,0.0,0.0,0.0,0.0,0.0
13277,401-06,intermittent,intermittent,2026-08-01,2026-09-01,1,0.0,0.0,0.0,0.0,0.0
