group_id,group_code,month,demand,stock_evidence,classification,reason,forecast_before,forecast_after,selected_model_before,selected_model_after
10699,393-29,2024-01,10.0,"start=0.0,end=-10.0,max=-10.0",NORMAL_DEMAND,positive_sales,8.93,19.8,croston,ses
10699,393-29,2024-02,0.0,"start=-10.0,end=-10.0,max=-10.0",STOCKOUT_SUPPRESSED,zero_sales_with_depleted_stock(max_stock=-10.0<=threshold=1.0),8.93,19.8,croston,ses
10699,393-29,2024-03,5.5,"start=-10.0,end=-15.5,max=-15.5",NORMAL_DEMAND,positive_sales,8.93,19.8,croston,ses
10699,393-29,2024-04,28.7,"start=-15.5,end=-44.2,max=-21.5",NORMAL_DEMAND,positive_sales,8.93,19.8,croston,ses
10699,393-29,2024-05,0.0,"start=-44.2,end=-44.2,max=-44.2",STOCKOUT_SUPPRESSED,zero_sales_with_depleted_stock(max_stock=-44.2<=threshold=1.0),8.93,19.8,croston,ses
10699,393-29,2024-06,33.0,"start=-44.2,end=-77.2,max=-77.2",NORMAL_DEMAND,positive_sales,8.93,19.8,croston,ses
10699,393-29,2024-07,41.5,"start=-77.2,end=-118.7,max=-98.2",NORMAL_DEMAND,positive_sales,8.93,19.8,croston,ses
10699,393-29,2024-08,21.5,"start=-118.7,end=-140.2,max=-127.2",NORMAL_DEMAND,positive_sales,8.93,19.8,croston,ses
10699,393-29,2024-09,10.5,"start=-140.2,end=-150.7,max=-150.7",NORMAL_DEMAND,positive_sales,8.93,19.8,croston,ses
10699,393-29,2024-10,7.0,"start=-150.7,end=-157.7,max=-157.7",NORMAL_DEMAND,positive_sales,8.93,19.8,croston,ses
10699,393-29,2024-11,0.0,"start=-157.7,end=-157.7,max=-157.7",STOCKOUT_SUPPRESSED,zero_sales_with_depleted_stock(max_stock=-157.7<=threshold=1.0),8.93,19.8,croston,ses
10699,393-29,2024-12,0.0,"start=-157.7,end=-65.4,max=-65.4",STOCKOUT_SUPPRESSED,zero_sales_with_depleted_stock(max_stock=-65.4<=threshold=1.0),8.93,19.8,croston,ses
10699,393-29,2025-01,0.0,"start=-65.4,end=-65.4,max=-65.4",STOCKOUT_SUPPRESSED,zero_sales_with_depleted_stock(max_stock=-65.4<=threshold=1.0),8.93,19.8,croston,ses
10699,393-29,2025-02,22.0,"start=-65.4,end=-87.4,max=-43.4",NORMAL_DEMAND,positive_sales,8.93,19.8,croston,ses
10699,393-29,2025-03,0.0,"start=-87.4,end=-87.4,max=-87.4",STOCKOUT_SUPPRESSED,zero_sales_with_depleted_stock(max_stock=-87.4<=threshold=1.0),8.93,19.8,croston,ses
10699,393-29,2025-04,0.0,"start=-87.4,end=-215.2,max=-92.7",STOCKOUT_SUPPRESSED,zero_sales_with_depleted_stock(max_stock=-92.7<=threshold=1.0),8.93,19.8,croston,ses
10699,393-29,2025-05,15.5,"start=-215.2,end=-230.7,max=-199.7",NORMAL_DEMAND,positive_sales,8.93,19.8,croston,ses
10699,393-29,2025-06,0.0,"start=-230.7,end=-230.7,max=-230.7",STOCKOUT_SUPPRESSED,zero_sales_with_depleted_stock(max_stock=-230.7<=threshold=1.0),8.93,19.8,croston,ses
10699,393-29,2025-07,0.0,"start=-230.7,end=-174.7,max=-174.7",STOCKOUT_SUPPRESSED,zero_sales_with_depleted_stock(max_stock=-174.7<=threshold=1.0),8.93,19.8,croston,ses
10699,393-29,2025-08,0.3,"start=-174.7,end=-175.0,max=-174.4",NORMAL_DEMAND,positive_sales,8.93,19.8,croston,ses
10699,393-29,2025-09,0.0,"start=-175.0,end=-175.0,max=-175.0",STOCKOUT_SUPPRESSED,zero_sales_with_depleted_stock(max_stock=-175.0<=threshold=1.0),8.93,19.8,croston,ses
10699,393-29,2025-10,10.0,"start=-175.0,end=-74.2,max=-74.2",NORMAL_DEMAND,positive_sales,8.93,19.8,croston,ses
10699,393-29,2025-11,0.0,"start=-74.2,end=-74.2,max=-74.2",STOCKOUT_SUPPRESSED,zero_sales_with_depleted_stock(max_stock=-74.2<=threshold=1.0),8.93,19.8,croston,ses
10699,393-29,2025-12,0.0,"start=-74.2,end=-74.2,max=-74.2",STOCKOUT_SUPPRESSED,zero_sales_with_depleted_stock(max_stock=-74.2<=threshold=1.0),8.93,19.8,croston,ses
10699,393-29,2026-01,0.0,"start=-74.2,end=-69.2,max=-69.2",STOCKOUT_SUPPRESSED,zero_sales_with_depleted_stock(max_stock=-69.2<=threshold=1.0),8.93,19.8,croston,ses
10699,393-29,2026-02,0.0,"start=-69.2,end=-69.2,max=-69.2",STOCKOUT_SUPPRESSED,zero_sales_with_depleted_stock(max_stock=-69.2<=threshold=1.0),8.93,19.8,croston,ses
10699,393-29,2026-03,0.0,"start=-69.2,end=-69.2,max=-69.2",STOCKOUT_SUPPRESSED,zero_sales_with_depleted_stock(max_stock=-69.2<=threshold=1.0),8.93,19.8,croston,ses
10699,393-29,2026-04,55.0,"start=-69.2,end=-124.2,max=-14.2",NORMAL_DEMAND,positive_sales,8.93,19.8,croston,ses
10699,393-29,2026-05,0.0,"start=-124.2,end=-124.2,max=-124.2",STOCKOUT_SUPPRESSED,zero_sales_with_depleted_stock(max_stock=-124.2<=threshold=1.0),8.93,19.8,croston,ses
10699,393-29,2026-06,11.0,"start=-124.2,end=-135.2,max=-113.2",NORMAL_DEMAND,positive_sales,8.93,19.8,croston,ses
10699,393-29,2026-07,25.5,"start=-135.2,end=-160.7,max=-109.7",NORMAL_DEMAND,positive_sales,8.93,19.8,croston,ses
10699,393-29,2026-08,0.0,"start=-160.7,end=-160.7,max=-160.7",STOCKOUT_SUPPRESSED,zero_sales_with_depleted_stock(max_stock=-160.7<=threshold=1.0),8.93,19.8,croston,ses
10699,393-29,2026-09,0.0,"start=-160.7,end=-160.7,max=-160.7",STOCKOUT_SUPPRESSED,zero_sales_with_depleted_stock(max_stock=-160.7<=threshold=1.0),8.93,19.8,croston,ses
4985,1104-39,2023-11,12.0,"start=385.0,end=385.0,max=385.0",NORMAL_DEMAND,positive_sales,8.45,8.45,croston,croston
4985,1104-39,2023-12,61.5,"start=385.0,end=323.5,max=361.0",NORMAL_DEMAND,positive_sales,8.45,8.45,croston,croston
4985,1104-39,2024-01,8.0,"start=323.5,end=315.5,max=323.5",NORMAL_DEMAND,positive_sales,8.45,8.45,croston,croston
4985,1104-39,2024-02,16.0,"start=315.5,end=315.5,max=331.5",NORMAL_DEMAND,positive_sales,8.45,8.45,croston,croston
4985,1104-39,2024-03,0.0,"start=315.5,end=315.5,max=315.5",NORMAL_ZERO_DEMAND,zero_sales_with_available_stock(max_stock=315.5>threshold=1.1),8.45,8.45,croston,croston
4985,1104-39,2024-04,0.0,"start=315.5,end=299.5,max=299.5",NORMAL_ZERO_DEMAND,zero_sales_with_available_stock(max_stock=299.5>threshold=1.1),8.45,8.45,croston,croston
4985,1104-39,2024-05,0.0,"start=299.5,end=299.5,max=299.5",NORMAL_ZERO_DEMAND,zero_sales_with_available_stock(max_stock=299.5>threshold=1.1),8.45,8.45,croston,croston
4985,1104-39,2024-06,0.0,"start=299.5,end=299.5,max=299.5",NORMAL_ZERO_DEMAND,zero_sales_with_available_stock(max_stock=299.5>threshold=1.1),8.45,8.45,croston,croston
4985,1104-39,2024-07,11.0,"start=299.5,end=278.8,max=299.5",NORMAL_DEMAND,positive_sales,8.45,8.45,croston,croston
4985,1104-39,2024-08,0.0,"start=278.8,end=296.8,max=296.8",NORMAL_ZERO_DEMAND,zero_sales_with_available_stock(max_stock=296.8>threshold=1.1),8.45,8.45,croston,croston
4985,1104-39,2024-09,21.0,"start=296.8,end=275.8,max=275.8",NORMAL_DEMAND,positive_sales,8.45,8.45,croston,croston
4985,1104-39,2024-10,0.0,"start=275.8,end=275.8,max=275.8",NORMAL_ZERO_DEMAND,zero_sales_with_available_stock(max_stock=275.8>threshold=1.1),8.45,8.45,croston,croston
4985,1104-39,2024-11,26.0,"start=275.8,end=249.8,max=249.8",NORMAL_DEMAND,positive_sales,8.45,8.45,croston,croston
4985,1104-39,2024-12,50.0,"start=249.8,end=249.8,max=249.8",NORMAL_DEMAND,positive_sales,8.45,8.45,croston,croston
4985,1104-39,2025-01,0.0,"start=249.8,end=249.8,max=249.8",NORMAL_ZERO_DEMAND,zero_sales_with_available_stock(max_stock=249.8>threshold=1.1),8.45,8.45,croston,croston
4985,1104-39,2025-02,0.0,"start=249.8,end=249.8,max=249.8",NORMAL_ZERO_DEMAND,zero_sales_with_available_stock(max_stock=249.8>threshold=1.1),8.45,8.45,croston,croston
4985,1104-39,2025-03,0.0,"start=249.8,end=249.8,max=249.8",NORMAL_ZERO_DEMAND,zero_sales_with_available_stock(max_stock=249.8>threshold=1.1),8.45,8.45,croston,croston
4985,1104-39,2025-04,0.0,"start=249.8,end=249.8,max=249.8",NORMAL_ZERO_DEMAND,zero_sales_with_available_stock(max_stock=249.8>threshold=1.1),8.45,8.45,croston,croston
4985,1104-39,2025-05,0.0,"start=249.8,end=249.8,max=249.8",NORMAL_ZERO_DEMAND,zero_sales_with_available_stock(max_stock=249.8>threshold=1.1),8.45,8.45,croston,croston
4985,1104-39,2025-06,0.0,"start=249.8,end=249.8,max=249.8",NORMAL_ZERO_DEMAND,zero_sales_with_available_stock(max_stock=249.8>threshold=1.1),8.45,8.45,croston,croston
4985,1104-39,2025-07,0.0,"start=249.8,end=249.8,max=249.8",NORMAL_ZERO_DEMAND,zero_sales_with_available_stock(max_stock=249.8>threshold=1.1),8.45,8.45,croston,croston
4985,1104-39,2025-08,0.0,"start=249.8,end=249.8,max=249.8",NORMAL_ZERO_DEMAND,zero_sales_with_available_stock(max_stock=249.8>threshold=1.1),8.45,8.45,croston,croston
4985,1104-39,2025-09,0.0,"start=249.8,end=249.8,max=249.8",NORMAL_ZERO_DEMAND,zero_sales_with_available_stock(max_stock=249.8>threshold=1.1),8.45,8.45,croston,croston
4985,1104-39,2025-10,0.0,"start=249.8,end=249.8,max=249.8",NORMAL_ZERO_DEMAND,zero_sales_with_available_stock(max_stock=249.8>threshold=1.1),8.45,8.45,croston,croston
4985,1104-39,2025-11,0.0,"start=249.8,end=249.8,max=249.8",NORMAL_ZERO_DEMAND,zero_sales_with_available_stock(max_stock=249.8>threshold=1.1),8.45,8.45,croston,croston
4985,1104-39,2025-12,0.0,"start=249.8,end=249.8,max=249.8",NORMAL_ZERO_DEMAND,zero_sales_with_available_stock(max_stock=249.8>threshold=1.1),8.45,8.45,croston,croston
4985,1104-39,2026-01,0.0,"start=249.8,end=249.8,max=249.8",NORMAL_ZERO_DEMAND,zero_sales_with_available_stock(max_stock=249.8>threshold=1.1),8.45,8.45,croston,croston
4985,1104-39,2026-02,0.0,"start=249.8,end=249.8,max=249.8",NORMAL_ZERO_DEMAND,zero_sales_with_available_stock(max_stock=249.8>threshold=1.1),8.45,8.45,croston,croston
4985,1104-39,2026-03,0.0,"start=249.8,end=249.8,max=249.8",NORMAL_ZERO_DEMAND,zero_sales_with_available_stock(max_stock=249.8>threshold=1.1),8.45,8.45,croston,croston
4985,1104-39,2026-04,0.0,"start=249.8,end=249.8,max=249.8",NORMAL_ZERO_DEMAND,zero_sales_with_available_stock(max_stock=249.8>threshold=1.1),8.45,8.45,croston,croston
4985,1104-39,2026-05,0.0,"start=249.8,end=249.8,max=249.8",NORMAL_ZERO_DEMAND,zero_sales_with_available_stock(max_stock=249.8>threshold=1.1),8.45,8.45,croston,croston
4985,1104-39,2026-06,80.0,"start=249.8,end=88.8,max=289.8",NORMAL_DEMAND,positive_sales,8.45,8.45,croston,croston
4985,1104-39,2026-07,0.0,"start=88.8,end=88.8,max=88.8",NORMAL_ZERO_DEMAND,zero_sales_with_available_stock(max_stock=88.8>threshold=1.1),8.45,8.45,croston,croston
4985,1104-39,2026-08,0.0,"start=88.8,end=88.8,max=88.8",NORMAL_ZERO_DEMAND,zero_sales_with_available_stock(max_stock=88.8>threshold=1.1),8.45,8.45,croston,croston
4985,1104-39,2026-09,0.0,"start=88.8,end=88.8,max=88.8",NORMAL_ZERO_DEMAND,zero_sales_with_available_stock(max_stock=88.8>threshold=1.1),8.45,8.45,croston,croston
11440,1102-27,2023-06,3.5,"start=88.0,end=84.5,max=85.5",NORMAL_DEMAND,positive_sales,0.0,13.0,seasonal_naive,trimmed_mean_3
11440,1102-27,2023-07,3.0,"start=84.5,end=105.5,max=105.5",NORMAL_DEMAND,positive_sales,0.0,13.0,seasonal_naive,trimmed_mean_3
11440,1102-27,2023-08,0.0,"start=105.5,end=105.5,max=105.5",NORMAL_ZERO_DEMAND,zero_sales_with_available_stock(max_stock=105.5>threshold=1.0),0.0,13.0,seasonal_naive,trimmed_mean_3
11440,1102-27,2023-09,0.0,"start=105.5,end=105.5,max=105.5",NORMAL_ZERO_DEMAND,zero_sales_with_available_stock(max_stock=105.5>threshold=1.0),0.0,13.0,seasonal_naive,trimmed_mean_3
11440,1102-27,2023-10,1.5,"start=105.5,end=104.0,max=104.0",NORMAL_DEMAND,positive_sales,0.0,13.0,seasonal_naive,trimmed_mean_3
11440,1102-27,2023-11,0.0,"start=104.0,end=101.0,max=104.0",NORMAL_ZERO_DEMAND,zero_sales_with_available_stock(max_stock=104.0>threshold=1.0),0.0,13.0,seasonal_naive,trimmed_mean_3
11440,1102-27,2023-12,0.0,"start=101.0,end=101.0,max=101.0",NORMAL_ZERO_DEMAND,zero_sales_with_available_stock(max_stock=101.0>threshold=1.0),0.0,13.0,seasonal_naive,trimmed_mean_3
11440,1102-27,2024-01,0.0,"start=101.0,end=101.0,max=101.0",NORMAL_ZERO_DEMAND,zero_sales_with_available_stock(max_stock=101.0>threshold=1.0),0.0,13.0,seasonal_naive,trimmed_mean_3
11440,1102-27,2024-02,0.0,"start=101.0,end=101.0,max=101.0",NORMAL_ZERO_DEMAND,zero_sales_with_available_stock(max_stock=101.0>threshold=1.0),0.0,13.0,seasonal_naive,trimmed_mean_3
11440,1102-27,2024-03,41.0,"start=101.0,end=60.0,max=60.0",NORMAL_DEMAND,positive_sales,0.0,13.0,seasonal_naive,trimmed_mean_3
11440,1102-27,2024-04,68.0,"start=60.0,end=-8.0,max=-8.0",NORMAL_DEMAND,positive_sales,0.0,13.0,seasonal_naive,trimmed_mean_3
11440,1102-27,2024-05,1.5,"start=-8.0,end=-9.5,max=-9.5",NORMAL_DEMAND,positive_sales,0.0,13.0,seasonal_naive,trimmed_mean_3
11440,1102-27,2024-06,0.0,"start=-9.5,end=-130.5,max=-130.5",STOCKOUT_SUPPRESSED,zero_sales_with_depleted_stock(max_stock=-130.5<=threshold=1.0),0.0,13.0,seasonal_naive,trimmed_mean_3
11440,1102-27,2024-07,0.0,"start=-130.5,end=-130.5,max=-130.5",STOCKOUT_SUPPRESSED,zero_sales_with_depleted_stock(max_stock=-130.5<=threshold=1.0),0.0,13.0,seasonal_naive,trimmed_mean_3
11440,1102-27,2024-08,0.0,"start=-130.5,end=-130.5,max=-130.5",STOCKOUT_SUPPRESSED,zero_sales_with_depleted_stock(max_stock=-130.5<=threshold=1.0),0.0,13.0,seasonal_naive,trimmed_mean_3
11440,1102-27,2024-09,6.0,"start=-130.5,end=-136.5,max=-136.5",NORMAL_DEMAND,positive_sales,0.0,13.0,seasonal_naive,trimmed_mean_3
11440,1102-27,2024-10,0.0,"start=-136.5,end=-136.5,max=-136.5",STOCKOUT_SUPPRESSED,zero_sales_with_depleted_stock(max_stock=-136.5<=threshold=1.0),0.0,13.0,seasonal_naive,trimmed_mean_3
11440,1102-27,2024-11,3.0,"start=-136.5,end=-111.0,max=-111.0",NORMAL_DEMAND,positive_sales,0.0,13.0,seasonal_naive,trimmed_mean_3
11440,1102-27,2024-12,38.0,"start=-111.0,end=-148.0,max=-117.0",NORMAL_DEMAND,positive_sales,0.0,13.0,seasonal_naive,trimmed_mean_3
11440,1102-27,2025-01,15.5,"start=-148.0,end=-141.0,max=-141.0",NORMAL_DEMAND,positive_sales,0.0,13.0,seasonal_naive,trimmed_mean_3
11440,1102-27,2025-02,0.0,"start=-141.0,end=-141.0,max=-141.0",STOCKOUT_SUPPRESSED,zero_sales_with_depleted_stock(max_stock=-141.0<=threshold=1.0),0.0,13.0,seasonal_naive,trimmed_mean_3
11440,1102-27,2025-03,0.0,"start=-141.0,end=-141.0,max=-141.0",STOCKOUT_SUPPRESSED,zero_sales_with_depleted_stock(max_stock=-141.0<=threshold=1.0),0.0,13.0,seasonal_naive,trimmed_mean_3
11440,1102-27,2025-04,0.0,"start=-141.0,end=-141.0,max=-141.0",STOCKOUT_SUPPRESSED,zero_sales_with_depleted_stock(max_stock=-141.0<=threshold=1.0),0.0,13.0,seasonal_naive,trimmed_mean_3
11440,1102-27,2025-05,0.0,"start=-141.0,end=21.5,max=21.5",NORMAL_ZERO_DEMAND,zero_sales_with_available_stock(max_stock=21.5>threshold=1.0),0.0,13.0,seasonal_naive,trimmed_mean_3
11440,1102-27,2025-06,0.0,"start=21.5,end=21.5,max=21.5",NORMAL_ZERO_DEMAND,zero_sales_with_available_stock(max_stock=21.5>threshold=1.0),0.0,13.0,seasonal_naive,trimmed_mean_3
11440,1102-27,2025-07,0.0,"start=21.5,end=21.5,max=21.5",NORMAL_ZERO_DEMAND,zero_sales_with_available_stock(max_stock=21.5>threshold=1.0),0.0,13.0,seasonal_naive,trimmed_mean_3
11440,1102-27,2025-08,0.0,"start=21.5,end=21.5,max=21.5",NORMAL_ZERO_DEMAND,zero_sales_with_available_stock(max_stock=21.5>threshold=1.0),0.0,13.0,seasonal_naive,trimmed_mean_3
11440,1102-27,2025-09,0.0,"start=21.5,end=21.5,max=21.5",NORMAL_ZERO_DEMAND,zero_sales_with_available_stock(max_stock=21.5>threshold=1.0),0.0,13.0,seasonal_naive,trimmed_mean_3
11440,1102-27,2025-10,0.0,"start=21.5,end=21.5,max=21.5",NORMAL_ZERO_DEMAND,zero_sales_with_available_stock(max_stock=21.5>threshold=1.0),0.0,13.0,seasonal_naive,trimmed_mean_3
11440,1102-27,2025-11,0.0,"start=21.5,end=21.5,max=21.5",NORMAL_ZERO_DEMAND,zero_sales_with_available_stock(max_stock=21.5>threshold=1.0),0.0,13.0,seasonal_naive,trimmed_mean_3
11440,1102-27,2025-12,0.0,"start=21.5,end=21.5,max=21.5",NORMAL_ZERO_DEMAND,zero_sales_with_available_stock(max_stock=21.5>threshold=1.0),0.0,13.0,seasonal_naive,trimmed_mean_3
11440,1102-27,2026-01,25.0,"start=21.5,end=-3.5,max=46.5",NORMAL_DEMAND,positive_sales,0.0,13.0,seasonal_naive,trimmed_mean_3
11440,1102-27,2026-02,41.0,"start=-3.5,end=-44.5,max=11.5",NORMAL_DEMAND,positive_sales,0.0,13.0,seasonal_naive,trimmed_mean_3
11440,1102-27,2026-03,0.0,"start=-44.5,end=-44.5,max=-44.5",STOCKOUT_SUPPRESSED,zero_sales_with_depleted_stock(max_stock=-44.5<=threshold=1.0),0.0,13.0,seasonal_naive,trimmed_mean_3
11440,1102-27,2026-04,0.0,"start=-44.5,end=-44.5,max=-44.5",STOCKOUT_SUPPRESSED,zero_sales_with_depleted_stock(max_stock=-44.5<=threshold=1.0),0.0,13.0,seasonal_naive,trimmed_mean_3
11440,1102-27,2026-05,0.0,"start=-44.5,end=-44.5,max=-44.5",STOCKOUT_SUPPRESSED,zero_sales_with_depleted_stock(max_stock=-44.5<=threshold=1.0),0.0,13.0,seasonal_naive,trimmed_mean_3
11440,1102-27,2026-06,0.0,"start=-44.5,end=-44.5,max=-44.5",STOCKOUT_SUPPRESSED,zero_sales_with_depleted_stock(max_stock=-44.5<=threshold=1.0),0.0,13.0,seasonal_naive,trimmed_mean_3
11440,1102-27,2026-07,0.0,"start=-44.5,end=-44.5,max=-44.5",STOCKOUT_SUPPRESSED,zero_sales_with_depleted_stock(max_stock=-44.5<=threshold=1.0),0.0,13.0,seasonal_naive,trimmed_mean_3
11440,1102-27,2026-08,0.0,"start=-44.5,end=-44.5,max=-44.5",STOCKOUT_SUPPRESSED,zero_sales_with_depleted_stock(max_stock=-44.5<=threshold=1.0),0.0,13.0,seasonal_naive,trimmed_mean_3
11440,1102-27,2026-09,1.0,"start=-44.5,end=-45.5,max=-43.5",NORMAL_DEMAND,positive_sales,0.0,13.0,seasonal_naive,trimmed_mean_3
820,DE-V1-160,2023-06,19.0,"start=266.9,end=84.4,max=254.9",NORMAL_DEMAND,positive_sales,0.0,0.0,seasonal_naive,seasonal_naive
820,DE-V1-160,2023-07,5.0,"start=84.4,end=80.4,max=84.4",NORMAL_DEMAND,positive_sales,0.0,0.0,seasonal_naive,seasonal_naive
820,DE-V1-160,2023-08,2.0,"start=80.4,end=420.6,max=420.6",NORMAL_DEMAND,positive_sales,0.0,0.0,seasonal_naive,seasonal_naive
820,DE-V1-160,2023-09,1.0,"start=420.6,end=332.8,max=421.6",NORMAL_DEMAND,positive_sales,0.0,0.0,seasonal_naive,seasonal_naive
820,DE-V1-160,2023-10,52.0,"start=332.8,end=344.2,max=452.2",NORMAL_DEMAND,positive_sales,0.0,0.0,seasonal_naive,seasonal_naive
820,DE-V1-160,2023-11,17.0,"start=344.2,end=262.1,max=341.2",NORMAL_DEMAND,positive_sales,0.0,0.0,seasonal_naive,seasonal_naive
820,DE-V1-160,2023-12,0.0,"start=262.1,end=172.3,max=260.6",NORMAL_ZERO_DEMAND,zero_sales_with_available_stock(max_stock=260.6>threshold=1.0),0.0,0.0,seasonal_naive,seasonal_naive
820,DE-V1-160,2024-01,0.0,"start=172.3,end=160.3,max=172.3",NORMAL_ZERO_DEMAND,zero_sales_with_available_stock(max_stock=172.3>threshold=1.0),0.0,0.0,seasonal_naive,seasonal_naive
820,DE-V1-160,2024-02,0.0,"start=160.3,end=129.8,max=150.3",NORMAL_ZERO_DEMAND,zero_sales_with_available_stock(max_stock=150.3>threshold=1.0),0.0,0.0,seasonal_naive,seasonal_naive
820,DE-V1-160,2024-03,0.0,"start=129.8,end=415.3,max=419.8",NORMAL_ZERO_DEMAND,zero_sales_with_available_stock(max_stock=419.8>threshold=1.0),0.0,0.0,seasonal_naive,seasonal_naive
820,DE-V1-160,2024-04,0.0,"start=415.3,end=314.9,max=415.3",NORMAL_ZERO_DEMAND,zero_sales_with_available_stock(max_stock=415.3>threshold=1.0),0.0,0.0,seasonal_naive,seasonal_naive
820,DE-V1-160,2024-05,0.0,"start=314.9,end=205.6,max=314.9",NORMAL_ZERO_DEMAND,zero_sales_with_available_stock(max_stock=314.9>threshold=1.0),0.0,0.0,seasonal_naive,seasonal_naive
820,DE-V1-160,2024-06,0.0,"start=205.6,end=167.6,max=190.6",NORMAL_ZERO_DEMAND,zero_sales_with_available_stock(max_stock=190.6>threshold=1.0),0.0,0.0,seasonal_naive,seasonal_naive
820,DE-V1-160,2024-07,0.0,"start=167.6,end=118.9,max=161.6",NORMAL_ZERO_DEMAND,zero_sales_with_available_stock(max_stock=161.6>threshold=1.0),0.0,0.0,seasonal_naive,seasonal_naive
820,DE-V1-160,2024-08,0.0,"start=118.9,end=453.9,max=495.9",NORMAL_ZERO_DEMAND,zero_sales_with_available_stock(max_stock=495.9>threshold=1.0),0.0,0.0,seasonal_naive,seasonal_naive
820,DE-V1-160,2024-09,0.0,"start=453.9,end=393.5,max=451.9",NORMAL_ZERO_DEMAND,zero_sales_with_available_stock(max_stock=451.9>threshold=1.0),0.0,0.0,seasonal_naive,seasonal_naive
820,DE-V1-160,2024-10,0.0,"start=393.5,end=641.1,max=698.6",NORMAL_ZERO_DEMAND,zero_sales_with_available_stock(max_stock=698.6>threshold=1.0),0.0,0.0,seasonal_naive,seasonal_naive
820,DE-V1-160,2024-11,0.0,"start=641.1,end=590.8,max=619.1",NORMAL_ZERO_DEMAND,zero_sales_with_available_stock(max_stock=619.1>threshold=1.0),0.0,0.0,seasonal_naive,seasonal_naive
820,DE-V1-160,2024-12,0.0,"start=590.8,end=575.3,max=585.3",NORMAL_ZERO_DEMAND,zero_sales_with_available_stock(max_stock=585.3>threshold=1.0),0.0,0.0,seasonal_naive,seasonal_naive
820,DE-V1-160,2025-01,0.0,"start=575.3,end=590.1,max=605.1",NORMAL_ZERO_DEMAND,zero_sales_with_available_stock(max_stock=605.1>threshold=1.0),0.0,0.0,seasonal_naive,seasonal_naive
820,DE-V1-160,2025-02,0.0,"start=590.1,end=410.1,max=590.1",NORMAL_ZERO_DEMAND,zero_sales_with_available_stock(max_stock=590.1>threshold=1.0),0.0,0.0,seasonal_naive,seasonal_naive
820,DE-V1-160,2025-03,2.0,"start=410.1,end=367.1,max=421.1",NORMAL_DEMAND,positive_sales,0.0,0.0,seasonal_naive,seasonal_naive
820,DE-V1-160,2025-04,0.0,"start=367.1,end=207.2,max=370.6",NORMAL_ZERO_DEMAND,zero_sales_with_available_stock(max_stock=370.6>threshold=1.0),0.0,0.0,seasonal_naive,seasonal_naive
820,DE-V1-160,2025-05,0.0,"start=207.2,end=159.5,max=213.5",NORMAL_ZERO_DEMAND,zero_sales_with_available_stock(max_stock=213.5>threshold=1.0),0.0,0.0,seasonal_naive,seasonal_naive
820,DE-V1-160,2025-06,0.0,"start=159.5,end=140.0,max=163.0",NORMAL_ZERO_DEMAND,zero_sales_with_available_stock(max_stock=163.0>threshold=1.0),0.0,0.0,seasonal_naive,seasonal_naive
820,DE-V1-160,2025-07,0.0,"start=140.0,end=121.0,max=149.0",NORMAL_ZERO_DEMAND,zero_sales_with_available_stock(max_stock=149.0>threshold=1.0),0.0,0.0,seasonal_naive,seasonal_naive
820,DE-V1-160,2025-08,0.0,"start=121.0,end=377.7,max=377.7",NORMAL_ZERO_DEMAND,zero_sales_with_available_stock(max_stock=377.7>threshold=1.0),0.0,0.0,seasonal_naive,seasonal_naive
820,DE-V1-160,2025-09,0.0,"start=377.7,end=376.7,max=378.7",NORMAL_ZERO_DEMAND,zero_sales_with_available_stock(max_stock=378.7>threshold=1.0),0.0,0.0,seasonal_naive,seasonal_naive
820,DE-V1-160,2025-10,0.0,"start=376.7,end=0.0,max=389.7",NORMAL_ZERO_DEMAND,zero_sales_with_available_stock(max_stock=389.7>threshold=1.0),0.0,0.0,seasonal_naive,seasonal_naive
820,DE-V1-160,2025-11,0.0,"start=0.0,end=0.5,max=5.5",NORMAL_ZERO_DEMAND,zero_sales_with_available_stock(max_stock=5.5>threshold=1.0),0.0,0.0,seasonal_naive,seasonal_naive
820,DE-V1-160,2025-12,0.0,"start=0.5,end=49.4,max=49.4",NORMAL_ZERO_DEMAND,zero_sales_with_available_stock(max_stock=49.4>threshold=1.0),0.0,0.0,seasonal_naive,seasonal_naive
820,DE-V1-160,2026-01,0.0,"start=49.4,end=571.1,max=571.1",NORMAL_ZERO_DEMAND,zero_sales_with_available_stock(max_stock=571.1>threshold=1.0),0.0,0.0,seasonal_naive,seasonal_naive
820,DE-V1-160,2026-02,9.0,"start=571.1,end=463.1,max=612.4",NORMAL_DEMAND,positive_sales,0.0,0.0,seasonal_naive,seasonal_naive
820,DE-V1-160,2026-03,0.0,"start=463.1,end=462.6,max=463.6",NORMAL_ZERO_DEMAND,zero_sales_with_available_stock(max_stock=463.6>threshold=1.0),0.0,0.0,seasonal_naive,seasonal_naive
820,DE-V1-160,2026-04,0.0,"start=462.6,end=462.6,max=462.6",NORMAL_ZERO_DEMAND,zero_sales_with_available_stock(max_stock=462.6>threshold=1.0),0.0,0.0,seasonal_naive,seasonal_naive
820,DE-V1-160,2026-05,0.0,"start=462.6,end=453.1,max=464.1",NORMAL_ZERO_DEMAND,zero_sales_with_available_stock(max_stock=464.1>threshold=1.0),0.0,0.0,seasonal_naive,seasonal_naive
820,DE-V1-160,2026-06,0.0,"start=453.1,end=451.1,max=455.1",NORMAL_ZERO_DEMAND,zero_sales_with_available_stock(max_stock=455.1>threshold=1.0),0.0,0.0,seasonal_naive,seasonal_naive
820,DE-V1-160,2026-07,0.0,"start=451.1,end=451.1,max=451.1",NORMAL_ZERO_DEMAND,zero_sales_with_available_stock(max_stock=451.1>threshold=1.0),0.0,0.0,seasonal_naive,seasonal_naive
820,DE-V1-160,2026-08,0.0,"start=451.1,end=421.1,max=481.1",NORMAL_ZERO_DEMAND,zero_sales_with_available_stock(max_stock=481.1>threshold=1.0),0.0,0.0,seasonal_naive,seasonal_naive
820,DE-V1-160,2026-09,0.0,"start=421.1,end=420.6,max=421.6",NORMAL_ZERO_DEMAND,zero_sales_with_available_stock(max_stock=421.6>threshold=1.0),0.0,0.0,seasonal_naive,seasonal_naive
10692,393-22,2024-01,13.5,"start=0.0,end=-13.5,max=-13.5",NORMAL_DEMAND,positive_sales,5.0,7.5,median_baseline,moving_average_6
10692,393-22,2024-02,89.1,"start=-13.5,end=-111.5,max=-23.5",NORMAL_DEMAND,positive_sales,5.0,7.5,median_baseline,moving_average_6
10692,393-22,2024-03,5.0,"start=-111.5,end=-116.5,max=-116.5",NORMAL_DEMAND,positive_sales,5.0,7.5,median_baseline,moving_average_6
10692,393-22,2024-04,30.0,"start=-116.5,end=247.9,max=247.9",NORMAL_DEMAND,positive_sales,5.0,7.5,median_baseline,moving_average_6
10692,393-22,2024-05,6.0,"start=247.9,end=240.9,max=241.9",NORMAL_DEMAND,positive_sales,5.0,7.5,median_baseline,moving_average_6
10692,393-22,2024-06,0.0,"start=240.9,end=240.9,max=240.9",NORMAL_ZERO_DEMAND,zero_sales_with_available_stock(max_stock=240.9>threshold=1.2),5.0,7.5,median_baseline,moving_average_6
10692,393-22,2024-07,63.5,"start=240.9,end=177.4,max=217.4",NORMAL_DEMAND,positive_sales,5.0,7.5,median_baseline,moving_average_6
10692,393-22,2024-08,0.0,"start=177.4,end=177.4,max=177.4",NORMAL_ZERO_DEMAND,zero_sales_with_available_stock(max_stock=177.4>threshold=1.2),5.0,7.5,median_baseline,moving_average_6
10692,393-22,2024-09,35.0,"start=177.4,end=142.4,max=142.4",NORMAL_DEMAND,positive_sales,5.0,7.5,median_baseline,moving_average_6
10692,393-22,2024-10,50.5,"start=142.4,end=91.9,max=142.4",NORMAL_DEMAND,positive_sales,5.0,7.5,median_baseline,moving_average_6
10692,393-22,2024-11,50.0,"start=91.9,end=51.9,max=51.9",NORMAL_DEMAND,positive_sales,5.0,7.5,median_baseline,moving_average_6
10692,393-22,2024-12,28.0,"start=51.9,end=23.9,max=33.9",NORMAL_DEMAND,positive_sales,5.0,7.5,median_baseline,moving_average_6
10692,393-22,2025-01,0.0,"start=23.9,end=14.9,max=14.9",NORMAL_ZERO_DEMAND,zero_sales_with_available_stock(max_stock=14.9>threshold=1.2),5.0,7.5,median_baseline,moving_average_6
10692,393-22,2025-02,4.5,"start=14.9,end=10.4,max=19.4",NORMAL_DEMAND,positive_sales,5.0,7.5,median_baseline,moving_average_6
10692,393-22,2025-03,66.5,"start=10.4,end=-56.1,max=30.4",NORMAL_DEMAND,positive_sales,5.0,7.5,median_baseline,moving_average_6
10692,393-22,2025-04,0.0,"start=-56.1,end=-56.1,max=-56.1",STOCKOUT_SUPPRESSED,zero_sales_with_depleted_stock(max_stock=-56.1<=threshold=1.2),5.0,7.5,median_baseline,moving_average_6
10692,393-22,2025-05,0.0,"start=-56.1,end=-56.1,max=-56.1",STOCKOUT_SUPPRESSED,zero_sales_with_depleted_stock(max_stock=-56.1<=threshold=1.2),5.0,7.5,median_baseline,moving_average_6
10692,393-22,2025-06,0.0,"start=-56.1,end=66.9,max=66.9",NORMAL_ZERO_DEMAND,zero_sales_with_available_stock(max_stock=66.9>threshold=1.2),5.0,7.5,median_baseline,moving_average_6
10692,393-22,2025-07,0.0,"start=66.9,end=66.9,max=66.9",NORMAL_ZERO_DEMAND,zero_sales_with_available_stock(max_stock=66.9>threshold=1.2),5.0,7.5,median_baseline,moving_average_6
10692,393-22,2025-08,0.0,"start=66.9,end=66.9,max=66.9",NORMAL_ZERO_DEMAND,zero_sales_with_available_stock(max_stock=66.9>threshold=1.2),5.0,7.5,median_baseline,moving_average_6
10692,393-22,2025-09,10.0,"start=66.9,end=56.9,max=76.9",NORMAL_DEMAND,positive_sales,5.0,7.5,median_baseline,moving_average_6
10692,393-22,2025-10,13.5,"start=56.9,end=43.4,max=70.4",NORMAL_DEMAND,positive_sales,5.0,7.5,median_baseline,moving_average_6
10692,393-22,2025-11,0.0,"start=43.4,end=43.4,max=43.4",NORMAL_ZERO_DEMAND,zero_sales_with_available_stock(max_stock=43.4>threshold=1.2),5.0,7.5,median_baseline,moving_average_6
10692,393-22,2025-12,10.0,"start=43.4,end=33.4,max=53.4",NORMAL_DEMAND,positive_sales,5.0,7.5,median_baseline,moving_average_6
10692,393-22,2026-01,0.0,"start=33.4,end=33.4,max=33.4",NORMAL_ZERO_DEMAND,zero_sales_with_available_stock(max_stock=33.4>threshold=1.2),5.0,7.5,median_baseline,moving_average_6
10692,393-22,2026-02,22.0,"start=33.4,end=11.4,max=55.4",NORMAL_DEMAND,positive_sales,5.0,7.5,median_baseline,moving_average_6
10692,393-22,2026-03,0.0,"start=11.4,end=11.4,max=11.4",NORMAL_ZERO_DEMAND,zero_sales_with_available_stock(max_stock=11.4>threshold=1.2),5.0,7.5,median_baseline,moving_average_6
10692,393-22,2026-04,0.0,"start=11.4,end=11.4,max=11.4",NORMAL_ZERO_DEMAND,zero_sales_with_available_stock(max_stock=11.4>threshold=1.2),5.0,7.5,median_baseline,moving_average_6
10692,393-22,2026-05,0.0,"start=11.4,end=11.4,max=11.4",NORMAL_ZERO_DEMAND,zero_sales_with_available_stock(max_stock=11.4>threshold=1.2),5.0,7.5,median_baseline,moving_average_6
10692,393-22,2026-06,0.0,"start=11.4,end=11.4,max=11.4",NORMAL_ZERO_DEMAND,zero_sales_with_available_stock(max_stock=11.4>threshold=1.2),5.0,7.5,median_baseline,moving_average_6
10692,393-22,2026-07,0.0,"start=11.4,end=11.4,max=11.4",NORMAL_ZERO_DEMAND,zero_sales_with_available_stock(max_stock=11.4>threshold=1.2),5.0,7.5,median_baseline,moving_average_6
10692,393-22,2026-08,27.0,"start=11.4,end=-9.8,max=32.4",NORMAL_DEMAND,positive_sales,5.0,7.5,median_baseline,moving_average_6
10692,393-22,2026-09,18.0,"start=-9.8,end=-27.8,max=0.2",NORMAL_DEMAND,positive_sales,5.0,7.5,median_baseline,moving_average_6
10693,393-23,2024-02,53.5,"start=-26.0,end=-79.5,max=-72.0",NORMAL_DEMAND,positive_sales,0.0,0.0,seasonal_naive,seasonal_naive
10693,393-23,2024-03,0.0,"start=-79.5,end=-79.5,max=-79.5",STOCKOUT_SUPPRESSED,zero_sales_with_depleted_stock(max_stock=-79.5<=threshold=1.0),0.0,0.0,seasonal_naive,seasonal_naive
10693,393-23,2024-04,11.0,"start=-79.5,end=166.8,max=166.8",NORMAL_DEMAND,positive_sales,0.0,0.0,seasonal_naive,seasonal_naive
10693,393-23,2024-05,11.0,"start=166.8,end=163.8,max=163.8",NORMAL_DEMAND,positive_sales,0.0,0.0,seasonal_naive,seasonal_naive
10693,393-23,2024-06,1.5,"start=163.8,end=170.3,max=171.8",NORMAL_DEMAND,positive_sales,0.0,0.0,seasonal_naive,seasonal_naive
10693,393-23,2024-07,0.0,"start=170.3,end=170.3,max=170.3",NORMAL_ZERO_DEMAND,zero_sales_with_available_stock(max_stock=170.3>threshold=1.0),0.0,0.0,seasonal_naive,seasonal_naive
10693,393-23,2024-08,29.0,"start=170.3,end=141.8,max=155.3",NORMAL_DEMAND,positive_sales,0.0,0.0,seasonal_naive,seasonal_naive
10693,393-23,2024-09,5.0,"start=141.8,end=136.8,max=136.8",NORMAL_DEMAND,positive_sales,0.0,0.0,seasonal_naive,seasonal_naive
10693,393-23,2024-10,42.5,"start=136.8,end=94.3,max=136.8",NORMAL_DEMAND,positive_sales,0.0,0.0,seasonal_naive,seasonal_naive
10693,393-23,2024-11,0.0,"start=94.3,end=94.3,max=94.3",NORMAL_ZERO_DEMAND,zero_sales_with_available_stock(max_stock=94.3>threshold=1.0),0.0,0.0,seasonal_naive,seasonal_naive
10693,393-23,2024-12,0.0,"start=94.3,end=94.3,max=94.3",NORMAL_ZERO_DEMAND,zero_sales_with_available_stock(max_stock=94.3>threshold=1.0),0.0,0.0,seasonal_naive,seasonal_naive
10693,393-23,2025-01,0.0,"start=94.3,end=94.3,max=94.3",NORMAL_ZERO_DEMAND,zero_sales_with_available_stock(max_stock=94.3>threshold=1.0),0.0,0.0,seasonal_naive,seasonal_naive
10693,393-23,2025-02,7.5,"start=94.3,end=86.8,max=101.8",NORMAL_DEMAND,positive_sales,0.0,0.0,seasonal_naive,seasonal_naive
10693,393-23,2025-03,22.5,"start=86.8,end=64.3,max=109.3",NORMAL_DEMAND,positive_sales,0.0,0.0,seasonal_naive,seasonal_naive
10693,393-23,2025-04,0.0,"start=64.3,end=64.3,max=64.3",NORMAL_ZERO_DEMAND,zero_sales_with_available_stock(max_stock=64.3>threshold=1.0),0.0,0.0,seasonal_naive,seasonal_naive
10693,393-23,2025-05,0.0,"start=64.3,end=64.3,max=64.3",NORMAL_ZERO_DEMAND,zero_sales_with_available_stock(max_stock=64.3>threshold=1.0),0.0,0.0,seasonal_naive,seasonal_naive
10693,393-23,2025-06,0.0,"start=64.3,end=64.3,max=64.3",NORMAL_ZERO_DEMAND,zero_sales_with_available_stock(max_stock=64.3>threshold=1.0),0.0,0.0,seasonal_naive,seasonal_naive
10693,393-23,2025-07,9.5,"start=64.3,end=48.7,max=73.8",NORMAL_DEMAND,positive_sales,0.0,0.0,seasonal_naive,seasonal_naive
10693,393-23,2025-08,0.0,"start=48.7,end=48.7,max=48.7",NORMAL_ZERO_DEMAND,zero_sales_with_available_stock(max_stock=48.7>threshold=1.0),0.0,0.0,seasonal_naive,seasonal_naive
10693,393-23,2025-09,0.0,"start=48.7,end=48.7,max=48.7",NORMAL_ZERO_DEMAND,zero_sales_with_available_stock(max_stock=48.7>threshold=1.0),0.0,0.0,seasonal_naive,seasonal_naive
10693,393-23,2025-10,0.0,"start=48.7,end=48.7,max=48.7",NORMAL_ZERO_DEMAND,zero_sales_with_available_stock(max_stock=48.7>threshold=1.0),0.0,0.0,seasonal_naive,seasonal_naive
10693,393-23,2025-11,0.0,"start=48.7,end=48.7,max=48.7",NORMAL_ZERO_DEMAND,zero_sales_with_available_stock(max_stock=48.7>threshold=1.0),0.0,0.0,seasonal_naive,seasonal_naive
10693,393-23,2025-12,12.0,"start=48.7,end=36.7,max=60.7",NORMAL_DEMAND,positive_sales,0.0,0.0,seasonal_naive,seasonal_naive
10693,393-23,2026-01,0.0,"start=36.7,end=36.7,max=39.7",NORMAL_ZERO_DEMAND,zero_sales_with_available_stock(max_stock=39.7>threshold=1.0),0.0,0.0,seasonal_naive,seasonal_naive
10693,393-23,2026-02,0.0,"start=36.7,end=36.7,max=36.7",NORMAL_ZERO_DEMAND,zero_sales_with_available_stock(max_stock=36.7>threshold=1.0),0.0,0.0,seasonal_naive,seasonal_naive
10693,393-23,2026-03,35.0,"start=36.7,end=1.7,max=71.7",NORMAL_DEMAND,positive_sales,0.0,0.0,seasonal_naive,seasonal_naive
10693,393-23,2026-04,0.0,"start=1.7,end=1.7,max=1.7",NORMAL_ZERO_DEMAND,zero_sales_with_available_stock(max_stock=1.7>threshold=1.0),0.0,0.0,seasonal_naive,seasonal_naive
10693,393-23,2026-05,0.0,"start=1.7,end=1.7,max=1.7",NORMAL_ZERO_DEMAND,zero_sales_with_available_stock(max_stock=1.7>threshold=1.0),0.0,0.0,seasonal_naive,seasonal_naive
10693,393-23,2026-06,0.0,"start=1.7,end=1.7,max=1.7",NORMAL_ZERO_DEMAND,zero_sales_with_available_stock(max_stock=1.7>threshold=1.0),0.0,0.0,seasonal_naive,seasonal_naive
10693,393-23,2026-07,0.0,"start=1.7,end=1.7,max=1.7",NORMAL_ZERO_DEMAND,zero_sales_with_available_stock(max_stock=1.7>threshold=1.0),0.0,0.0,seasonal_naive,seasonal_naive
10693,393-23,2026-08,0.0,"start=1.7,end=1.7,max=1.7",NORMAL_ZERO_DEMAND,zero_sales_with_available_stock(max_stock=1.7>threshold=1.0),0.0,0.0,seasonal_naive,seasonal_naive
10693,393-23,2026-09,0.0,"start=1.7,end=1.7,max=1.7",NORMAL_ZERO_DEMAND,zero_sales_with_available_stock(max_stock=1.7>threshold=1.0),0.0,0.0,seasonal_naive,seasonal_naive
6909,373-37,2023-07,0.5,"start=116.0,end=115.5,max=115.5",NORMAL_DEMAND,positive_sales,0.0,45.0,seasonal_naive,seasonal_naive
6909,373-37,2023-08,0.0,"start=115.5,end=115.5,max=115.5",NORMAL_ZERO_DEMAND,zero_sales_with_available_stock(max_stock=115.5>threshold=1.4),0.0,45.0,seasonal_naive,seasonal_naive
6909,373-37,2023-09,39.5,"start=115.5,end=76.0,max=101.0",NORMAL_DEMAND,positive_sales,0.0,45.0,seasonal_naive,seasonal_naive
6909,373-37,2023-10,28.0,"start=76.0,end=52.0,max=76.0",NORMAL_DEMAND,positive_sales,0.0,45.0,seasonal_naive,seasonal_naive
6909,373-37,2023-11,0.0,"start=52.0,end=52.0,max=52.0",NORMAL_ZERO_DEMAND,zero_sales_with_available_stock(max_stock=52.0>threshold=1.4),0.0,45.0,seasonal_naive,seasonal_naive
6909,373-37,2023-12,0.0,"start=52.0,end=52.0,max=52.0",NORMAL_ZERO_DEMAND,zero_sales_with_available_stock(max_stock=52.0>threshold=1.4),0.0,45.0,seasonal_naive,seasonal_naive
6909,373-37,2024-01,40.0,"start=52.0,end=-29.0,max=12.0",NORMAL_DEMAND,positive_sales,0.0,45.0,seasonal_naive,seasonal_naive
6909,373-37,2024-02,23.0,"start=-29.0,end=332.5,max=388.4",NORMAL_DEMAND,positive_sales,0.0,45.0,seasonal_naive,seasonal_naive
6909,373-37,2024-03,0.0,"start=332.5,end=372.5,max=372.5",NORMAL_ZERO_DEMAND,zero_sales_with_available_stock(max_stock=372.5>threshold=1.4),0.0,45.0,seasonal_naive,seasonal_naive
6909,373-37,2024-04,0.0,"start=372.5,end=313.8,max=369.0",NORMAL_ZERO_DEMAND,zero_sales_with_available_stock(max_stock=369.0>threshold=1.4),0.0,45.0,seasonal_naive,seasonal_naive
6909,373-37,2024-05,0.0,"start=313.8,end=315.8,max=318.8",NORMAL_ZERO_DEMAND,zero_sales_with_available_stock(max_stock=318.8>threshold=1.4),0.0,45.0,seasonal_naive,seasonal_naive
6909,373-37,2024-06,0.0,"start=315.8,end=319.8,max=319.8",NORMAL_ZERO_DEMAND,zero_sales_with_available_stock(max_stock=319.8>threshold=1.4),0.0,45.0,seasonal_naive,seasonal_naive
6909,373-37,2024-07,0.0,"start=319.8,end=308.4,max=319.8",NORMAL_ZERO_DEMAND,zero_sales_with_available_stock(max_stock=319.8>threshold=1.4),0.0,45.0,seasonal_naive,seasonal_naive
6909,373-37,2024-08,1.0,"start=308.4,end=307.4,max=307.4",NORMAL_DEMAND,positive_sales,0.0,45.0,seasonal_naive,seasonal_naive
6909,373-37,2024-09,0.0,"start=307.4,end=307.4,max=307.4",NORMAL_ZERO_DEMAND,zero_sales_with_available_stock(max_stock=307.4>threshold=1.4),0.0,45.0,seasonal_naive,seasonal_naive
6909,373-37,2024-10,0.0,"start=307.4,end=299.4,max=303.4",NORMAL_ZERO_DEMAND,zero_sales_with_available_stock(max_stock=303.4>threshold=1.4),0.0,45.0,seasonal_naive,seasonal_naive
6909,373-37,2024-11,0.0,"start=299.4,end=303.4,max=303.4",NORMAL_ZERO_DEMAND,zero_sales_with_available_stock(max_stock=303.4>threshold=1.4),0.0,45.0,seasonal_naive,seasonal_naive
6909,373-37,2024-12,0.0,"start=303.4,end=301.9,max=301.9",NORMAL_ZERO_DEMAND,zero_sales_with_available_stock(max_stock=301.9>threshold=1.4),0.0,45.0,seasonal_naive,seasonal_naive
6909,373-37,2025-01,0.0,"start=301.9,end=300.9,max=301.9",NORMAL_ZERO_DEMAND,zero_sales_with_available_stock(max_stock=301.9>threshold=1.4),0.0,45.0,seasonal_naive,seasonal_naive
6909,373-37,2025-02,2.5,"start=300.9,end=298.4,max=300.9",NORMAL_DEMAND,positive_sales,0.0,45.0,seasonal_naive,seasonal_naive
6909,373-37,2025-03,7.0,"start=298.4,end=291.4,max=305.4",NORMAL_DEMAND,positive_sales,0.0,45.0,seasonal_naive,seasonal_naive
6909,373-37,2025-04,0.0,"start=291.4,end=322.8,max=343.4",NORMAL_ZERO_DEMAND,zero_sales_with_available_stock(max_stock=343.4>threshold=1.4),0.0,45.0,seasonal_naive,seasonal_naive
6909,373-37,2025-05,0.0,"start=322.8,end=255.8,max=286.8",NORMAL_ZERO_DEMAND,zero_sales_with_available_stock(max_stock=286.8>threshold=1.4),0.0,45.0,seasonal_naive,seasonal_naive
6909,373-37,2025-06,90.5,"start=255.8,end=165.3,max=283.3",NORMAL_DEMAND,positive_sales,0.0,45.0,seasonal_naive,seasonal_naive
6909,373-37,2025-07,51.0,"start=165.3,end=112.3,max=208.3",NORMAL_DEMAND,positive_sales,0.0,45.0,seasonal_naive,seasonal_naive
6909,373-37,2025-08,45.0,"start=112.3,end=57.3,max=127.3",NORMAL_DEMAND,positive_sales,0.0,45.0,seasonal_naive,seasonal_naive
6909,373-37,2025-09,0.0,"start=57.3,end=57.3,max=57.3",NORMAL_ZERO_DEMAND,zero_sales_with_available_stock(max_stock=57.3>threshold=1.4),0.0,45.0,seasonal_naive,seasonal_naive
6909,373-37,2025-10,0.0,"start=57.3,end=57.3,max=57.3",NORMAL_ZERO_DEMAND,zero_sales_with_available_stock(max_stock=57.3>threshold=1.4),0.0,45.0,seasonal_naive,seasonal_naive
6909,373-37,2025-11,0.0,"start=57.3,end=57.3,max=57.3",NORMAL_ZERO_DEMAND,zero_sales_with_available_stock(max_stock=57.3>threshold=1.4),0.0,45.0,seasonal_naive,seasonal_naive
6909,373-37,2025-12,35.0,"start=57.3,end=22.3,max=92.3",NORMAL_DEMAND,positive_sales,0.0,45.0,seasonal_naive,seasonal_naive
6909,373-37,2026-01,0.0,"start=22.3,end=22.3,max=22.3",NORMAL_ZERO_DEMAND,zero_sales_with_available_stock(max_stock=22.3>threshold=1.4),0.0,45.0,seasonal_naive,seasonal_naive
6909,373-37,2026-02,2.0,"start=22.3,end=19.8,max=23.3",NORMAL_DEMAND,positive_sales,0.0,45.0,seasonal_naive,seasonal_naive
6909,373-37,2026-03,0.0,"start=19.8,end=19.8,max=19.8",NORMAL_ZERO_DEMAND,zero_sales_with_available_stock(max_stock=19.8>threshold=1.4),0.0,45.0,seasonal_naive,seasonal_naive
6909,373-37,2026-04,0.0,"start=19.8,end=19.8,max=19.8",NORMAL_ZERO_DEMAND,zero_sales_with_available_stock(max_stock=19.8>threshold=1.4),0.0,45.0,seasonal_naive,seasonal_naive
6909,373-37,2026-05,0.0,"start=19.8,end=19.8,max=19.8",NORMAL_ZERO_DEMAND,zero_sales_with_available_stock(max_stock=19.8>threshold=1.4),0.0,45.0,seasonal_naive,seasonal_naive
6909,373-37,2026-06,76.0,"start=19.8,end=-63.1,max=56.2",NORMAL_DEMAND,positive_sales,0.0,45.0,seasonal_naive,seasonal_naive
6909,373-37,2026-07,0.0,"start=-63.1,end=-63.1,max=-63.1",STOCKOUT_SUPPRESSED,zero_sales_with_depleted_stock(max_stock=-63.1<=threshold=1.4),0.0,45.0,seasonal_naive,seasonal_naive
6909,373-37,2026-08,15.0,"start=-63.1,end=-75.1,max=-38.1",NORMAL_DEMAND,positive_sales,0.0,45.0,seasonal_naive,seasonal_naive
6909,373-37,2026-09,0.0,"start=-75.1,end=-75.1,max=-75.1",STOCKOUT_SUPPRESSED,zero_sales_with_depleted_stock(max_stock=-75.1<=threshold=1.4),0.0,45.0,seasonal_naive,seasonal_naive
6623,379-06,2023-06,400.0,"start=498.5,end=98.5,max=449.5",NORMAL_DEMAND,positive_sales,12.25,12.25,trimmed_mean_3,trimmed_mean_3
6623,379-06,2023-07,96.5,"start=98.5,end=751.6,max=823.6",NORMAL_DEMAND,positive_sales,12.25,12.25,trimmed_mean_3,trimmed_mean_3
6623,379-06,2023-08,328.0,"start=751.6,end=1392.0,max=1399.0",NORMAL_DEMAND,positive_sales,12.25,12.25,trimmed_mean_3,trimmed_mean_3
6623,379-06,2023-09,463.5,"start=1392.0,end=925.4,max=1392.0",NORMAL_DEMAND,positive_sales,12.25,12.25,trimmed_mean_3,trimmed_mean_3
6623,379-06,2023-10,759.0,"start=925.4,end=116.7,max=901.4",NORMAL_DEMAND,positive_sales,12.25,12.25,trimmed_mean_3,trimmed_mean_3
6623,379-06,2023-11,8.5,"start=116.7,end=137.7,max=146.2",NORMAL_DEMAND,positive_sales,12.25,12.25,trimmed_mean_3,trimmed_mean_3
6623,379-06,2023-12,989.0,"start=137.7,end=150.9,max=1186.6",NORMAL_DEMAND,positive_sales,12.25,12.25,trimmed_mean_3,trimmed_mean_3
6623,379-06,2024-01,221.0,"start=150.9,end=47.5,max=179.4",NORMAL_DEMAND,positive_sales,12.25,12.25,trimmed_mean_3,trimmed_mean_3
6623,379-06,2024-02,6.0,"start=47.5,end=47.5,max=53.5",NORMAL_DEMAND,positive_sales,12.25,12.25,trimmed_mean_3,trimmed_mean_3
6623,379-06,2024-03,6.5,"start=47.5,end=47.5,max=55.0",NORMAL_DEMAND,positive_sales,12.25,12.25,trimmed_mean_3,trimmed_mean_3
6623,379-06,2024-04,256.0,"start=47.5,end=1387.7,max=1413.7",NORMAL_DEMAND,positive_sales,12.25,12.25,trimmed_mean_3,trimmed_mean_3
6623,379-06,2024-05,621.5,"start=1387.7,end=1112.2,max=1465.6",NORMAL_DEMAND,positive_sales,12.25,12.25,trimmed_mean_3,trimmed_mean_3
6623,379-06,2024-06,711.5,"start=1112.2,end=994.9,max=1044.2",NORMAL_DEMAND,positive_sales,12.25,12.25,trimmed_mean_3,trimmed_mean_3
6623,379-06,2024-07,479.0,"start=994.9,end=117.9,max=994.9",NORMAL_DEMAND,positive_sales,12.25,12.25,trimmed_mean_3,trimmed_mean_3
6623,379-06,2024-08,45.5,"start=117.9,end=117.9,max=163.4",NORMAL_DEMAND,positive_sales,12.25,12.25,trimmed_mean_3,trimmed_mean_3
6623,379-06,2024-09,49.0,"start=117.9,end=61.0,max=102.4",NORMAL_DEMAND,positive_sales,12.25,12.25,trimmed_mean_3,trimmed_mean_3
6623,379-06,2024-10,1156.5,"start=61.0,end=67.9,max=1218.6",NORMAL_DEMAND,positive_sales,12.25,12.25,trimmed_mean_3,trimmed_mean_3
6623,379-06,2024-11,231.0,"start=67.9,end=53.9,max=293.9",NORMAL_DEMAND,positive_sales,12.25,12.25,trimmed_mean_3,trimmed_mean_3
6623,379-06,2024-12,1080.0,"start=53.9,end=512.5,max=1595.7",NORMAL_DEMAND,positive_sales,12.25,12.25,trimmed_mean_3,trimmed_mean_3
6623,379-06,2025-01,309.5,"start=512.5,end=194.3,max=433.5",NORMAL_DEMAND,positive_sales,12.25,12.25,trimmed_mean_3,trimmed_mean_3
6623,379-06,2025-02,81.0,"start=194.3,end=55.2,max=194.3",NORMAL_DEMAND,positive_sales,12.25,12.25,trimmed_mean_3,trimmed_mean_3
6623,379-06,2025-03,244.0,"start=55.2,end=25.4,max=378.1",NORMAL_DEMAND,positive_sales,12.25,12.25,trimmed_mean_3,trimmed_mean_3
6623,379-06,2025-04,0.0,"start=25.4,end=25.4,max=25.4",NORMAL_ZERO_DEMAND,zero_sales_with_available_stock(max_stock=25.4>threshold=5.0),12.25,12.25,trimmed_mean_3,trimmed_mean_3
6623,379-06,2025-05,10.5,"start=25.4,end=14.9,max=35.9",NORMAL_DEMAND,positive_sales,12.25,12.25,trimmed_mean_3,trimmed_mean_3
6623,379-06,2025-06,0.0,"start=14.9,end=14.9,max=14.9",NORMAL_ZERO_DEMAND,zero_sales_with_available_stock(max_stock=14.9>threshold=5.0),12.25,12.25,trimmed_mean_3,trimmed_mean_3
6623,379-06,2025-07,521.0,"start=14.9,end=2824.9,max=2840.9",NORMAL_DEMAND,positive_sales,12.25,12.25,trimmed_mean_3,trimmed_mean_3
6623,379-06,2025-08,606.0,"start=2824.9,end=2213.6,max=2943.3",NORMAL_DEMAND,positive_sales,12.25,12.25,trimmed_mean_3,trimmed_mean_3
6623,379-06,2025-09,838.0,"start=2213.6,end=201.5,max=2320.6",NORMAL_DEMAND,positive_sales,12.25,12.25,trimmed_mean_3,trimmed_mean_3
6623,379-06,2025-10,152.5,"start=201.5,end=35.5,max=256.1",NORMAL_DEMAND,positive_sales,12.25,12.25,trimmed_mean_3,trimmed_mean_3
6623,379-06,2025-11,0.0,"start=35.5,end=629.4,max=629.4",NORMAL_ZERO_DEMAND,zero_sales_with_available_stock(max_stock=629.4>threshold=5.0),12.25,12.25,trimmed_mean_3,trimmed_mean_3
6623,379-06,2025-12,557.45,"start=629.4,end=70.0,max=749.4",NORMAL_DEMAND,positive_sales,12.25,12.25,trimmed_mean_3,trimmed_mean_3
6623,379-06,2026-01,18.0,"start=70.0,end=52.0,max=80.0",NORMAL_DEMAND,positive_sales,12.25,12.25,trimmed_mean_3,trimmed_mean_3
6623,379-06,2026-02,0.0,"start=52.0,end=52.0,max=52.0",NORMAL_ZERO_DEMAND,zero_sales_with_available_stock(max_stock=52.0>threshold=5.0),12.25,12.25,trimmed_mean_3,trimmed_mean_3
6623,379-06,2026-03,0.0,"start=52.0,end=52.0,max=52.0",NORMAL_ZERO_DEMAND,zero_sales_with_available_stock(max_stock=52.0>threshold=5.0),12.25,12.25,trimmed_mean_3,trimmed_mean_3
6623,379-06,2026-04,0.0,"start=52.0,end=31.5,max=35.5",NORMAL_ZERO_DEMAND,zero_sales_with_available_stock(max_stock=35.5>threshold=5.0),12.25,12.25,trimmed_mean_3,trimmed_mean_3
6623,379-06,2026-05,0.0,"start=31.5,end=31.5,max=31.5",NORMAL_ZERO_DEMAND,zero_sales_with_available_stock(max_stock=31.5>threshold=5.0),12.25,12.25,trimmed_mean_3,trimmed_mean_3
6623,379-06,2026-06,0.0,"start=31.5,end=31.5,max=31.5",NORMAL_ZERO_DEMAND,zero_sales_with_available_stock(max_stock=31.5>threshold=5.0),12.25,12.25,trimmed_mean_3,trimmed_mean_3
6623,379-06,2026-07,0.0,"start=31.5,end=1440.4,max=1829.9",NORMAL_ZERO_DEMAND,zero_sales_with_available_stock(max_stock=1829.9>threshold=5.0),12.25,12.25,trimmed_mean_3,trimmed_mean_3
6623,379-06,2026-08,24.5,"start=1440.4,end=975.0,max=1303.1",NORMAL_DEMAND,positive_sales,12.25,12.25,trimmed_mean_3,trimmed_mean_3
6623,379-06,2026-09,187.5,"start=975.0,end=753.7,max=1031.7",NORMAL_DEMAND,positive_sales,12.25,12.25,trimmed_mean_3,trimmed_mean_3
6032,18825,2023-09,7.0,"start=323.5,end=316.5,max=316.5",NORMAL_DEMAND,positive_sales,0.0,0.0,trimmed_mean_3,trimmed_mean_3
6032,18825,2023-10,33.5,"start=316.5,end=288.0,max=314.0",NORMAL_DEMAND,positive_sales,0.0,0.0,trimmed_mean_3,trimmed_mean_3
6032,18825,2023-11,56.0,"start=288.0,end=201.9,max=254.4",NORMAL_DEMAND,positive_sales,0.0,0.0,trimmed_mean_3,trimmed_mean_3
6032,18825,2023-12,8.0,"start=201.9,end=193.9,max=193.9",NORMAL_DEMAND,positive_sales,0.0,0.0,trimmed_mean_3,trimmed_mean_3
6032,18825,2024-01,38.0,"start=193.9,end=155.9,max=193.9",NORMAL_DEMAND,positive_sales,0.0,0.0,trimmed_mean_3,trimmed_mean_3
6032,18825,2024-02,12.5,"start=155.9,end=137.4,max=143.4",NORMAL_DEMAND,positive_sales,0.0,0.0,trimmed_mean_3,trimmed_mean_3
6032,18825,2024-03,4.0,"start=137.4,end=190.4,max=194.4",NORMAL_DEMAND,positive_sales,0.0,0.0,trimmed_mean_3,trimmed_mean_3
6032,18825,2024-04,7.0,"start=190.4,end=181.4,max=183.4",NORMAL_DEMAND,positive_sales,0.0,0.0,trimmed_mean_3,trimmed_mean_3
6032,18825,2024-05,1.5,"start=181.4,end=180.9,max=182.4",NORMAL_DEMAND,positive_sales,0.0,0.0,trimmed_mean_3,trimmed_mean_3
6032,18825,2024-06,0.0,"start=180.9,end=180.9,max=180.9",NORMAL_ZERO_DEMAND,zero_sales_with_available_stock(max_stock=180.9>threshold=1.0),0.0,0.0,trimmed_mean_3,trimmed_mean_3
6032,18825,2024-07,0.0,"start=180.9,end=180.9,max=180.9",NORMAL_ZERO_DEMAND,zero_sales_with_available_stock(max_stock=180.9>threshold=1.0),0.0,0.0,trimmed_mean_3,trimmed_mean_3
6032,18825,2024-08,0.0,"start=180.9,end=180.9,max=180.9",NORMAL_ZERO_DEMAND,zero_sales_with_available_stock(max_stock=180.9>threshold=1.0),0.0,0.0,trimmed_mean_3,trimmed_mean_3
6032,18825,2024-09,2.0,"start=180.9,end=178.9,max=178.9",NORMAL_DEMAND,positive_sales,0.0,0.0,trimmed_mean_3,trimmed_mean_3
6032,18825,2024-10,4.5,"start=178.9,end=174.4,max=176.9",NORMAL_DEMAND,positive_sales,0.0,0.0,trimmed_mean_3,trimmed_mean_3
6032,18825,2024-11,9.0,"start=174.4,end=165.4,max=169.4",NORMAL_DEMAND,positive_sales,0.0,0.0,trimmed_mean_3,trimmed_mean_3
6032,18825,2024-12,7.0,"start=165.4,end=258.2,max=265.2",NORMAL_DEMAND,positive_sales,0.0,0.0,trimmed_mean_3,trimmed_mean_3
6032,18825,2025-01,2.0,"start=258.2,end=256.2,max=258.2",NORMAL_DEMAND,positive_sales,0.0,0.0,trimmed_mean_3,trimmed_mean_3
6032,18825,2025-02,40.0,"start=256.2,end=182.7,max=291.7",NORMAL_DEMAND,positive_sales,0.0,0.0,trimmed_mean_3,trimmed_mean_3
6032,18825,2025-03,3.5,"start=182.7,end=179.2,max=182.7",NORMAL_DEMAND,positive_sales,0.0,0.0,trimmed_mean_3,trimmed_mean_3
6032,18825,2025-04,4.0,"start=179.2,end=175.2,max=183.2",NORMAL_DEMAND,positive_sales,0.0,0.0,trimmed_mean_3,trimmed_mean_3
6032,18825,2025-05,37.5,"start=175.2,end=105.3,max=178.7",NORMAL_DEMAND,positive_sales,0.0,0.0,trimmed_mean_3,trimmed_mean_3
6032,18825,2025-06,0.0,"start=105.3,end=105.3,max=105.3",NORMAL_ZERO_DEMAND,zero_sales_with_available_stock(max_stock=105.3>threshold=1.0),0.0,0.0,trimmed_mean_3,trimmed_mean_3
6032,18825,2025-07,0.0,"start=105.3,end=105.3,max=105.3",NORMAL_ZERO_DEMAND,zero_sales_with_available_stock(max_stock=105.3>threshold=1.0),0.0,0.0,trimmed_mean_3,trimmed_mean_3
6032,18825,2025-08,0.0,"start=105.3,end=105.3,max=105.3",NORMAL_ZERO_DEMAND,zero_sales_with_available_stock(max_stock=105.3>threshold=1.0),0.0,0.0,trimmed_mean_3,trimmed_mean_3
6032,18825,2025-09,1.5,"start=105.3,end=103.8,max=106.8",NORMAL_DEMAND,positive_sales,0.0,0.0,trimmed_mean_3,trimmed_mean_3
6032,18825,2025-10,10.5,"start=103.8,end=93.3,max=111.3",NORMAL_DEMAND,positive_sales,0.0,0.0,trimmed_mean_3,trimmed_mean_3
6032,18825,2025-11,0.0,"start=93.3,end=93.3,max=93.3",NORMAL_ZERO_DEMAND,zero_sales_with_available_stock(max_stock=93.3>threshold=1.0),0.0,0.0,trimmed_mean_3,trimmed_mean_3
6032,18825,2025-12,2.0,"start=93.3,end=91.3,max=95.3",NORMAL_DEMAND,positive_sales,0.0,0.0,trimmed_mean_3,trimmed_mean_3
6032,18825,2026-01,0.0,"start=91.3,end=91.3,max=91.3",NORMAL_ZERO_DEMAND,zero_sales_with_available_stock(max_stock=91.3>threshold=1.0),0.0,0.0,trimmed_mean_3,trimmed_mean_3
6032,18825,2026-02,15.0,"start=91.3,end=76.3,max=106.3",NORMAL_DEMAND,positive_sales,0.0,0.0,trimmed_mean_3,trimmed_mean_3
6032,18825,2026-03,0.0,"start=76.3,end=76.3,max=76.3",NORMAL_ZERO_DEMAND,zero_sales_with_available_stock(max_stock=76.3>threshold=1.0),0.0,0.0,trimmed_mean_3,trimmed_mean_3
6032,18825,2026-04,0.0,"start=76.3,end=76.3,max=76.3",NORMAL_ZERO_DEMAND,zero_sales_with_available_stock(max_stock=76.3>threshold=1.0),0.0,0.0,trimmed_mean_3,trimmed_mean_3
6032,18825,2026-05,0.0,"start=76.3,end=76.3,max=76.3",NORMAL_ZERO_DEMAND,zero_sales_with_available_stock(max_stock=76.3>threshold=1.0),0.0,0.0,trimmed_mean_3,trimmed_mean_3
6032,18825,2026-06,0.0,"start=76.3,end=76.3,max=76.3",NORMAL_ZERO_DEMAND,zero_sales_with_available_stock(max_stock=76.3>threshold=1.0),0.0,0.0,trimmed_mean_3,trimmed_mean_3
6032,18825,2026-07,0.0,"start=76.3,end=76.3,max=76.3",NORMAL_ZERO_DEMAND,zero_sales_with_available_stock(max_stock=76.3>threshold=1.0),0.0,0.0,trimmed_mean_3,trimmed_mean_3
6032,18825,2026-08,0.0,"start=76.3,end=76.3,max=76.3",NORMAL_ZERO_DEMAND,zero_sales_with_available_stock(max_stock=76.3>threshold=1.0),0.0,0.0,trimmed_mean_3,trimmed_mean_3
6032,18825,2026-09,0.0,"start=76.3,end=76.3,max=76.3",NORMAL_ZERO_DEMAND,zero_sales_with_available_stock(max_stock=76.3>threshold=1.0),0.0,0.0,trimmed_mean_3,trimmed_mean_3
10063,DE-V1-05,2023-08,70.0,"start=133.2,end=64.2,max=64.2",NORMAL_DEMAND,positive_sales,0.0,0.0,trimmed_mean_3,trimmed_mean_3
10063,DE-V1-05,2023-09,0.0,"start=64.2,end=64.2,max=64.2",NORMAL_ZERO_DEMAND,zero_sales_with_available_stock(max_stock=64.2>threshold=1.0),0.0,0.0,trimmed_mean_3,trimmed_mean_3
10063,DE-V1-05,2023-10,0.0,"start=64.2,end=64.2,max=64.2",NORMAL_ZERO_DEMAND,zero_sales_with_available_stock(max_stock=64.2>threshold=1.0),0.0,0.0,trimmed_mean_3,trimmed_mean_3
10063,DE-V1-05,2023-11,2.5,"start=64.2,end=61.2,max=94.7",NORMAL_DEMAND,positive_sales,0.0,0.0,trimmed_mean_3,trimmed_mean_3
10063,DE-V1-05,2023-12,1.5,"start=61.2,end=171.5,max=173.0",NORMAL_DEMAND,positive_sales,0.0,0.0,trimmed_mean_3,trimmed_mean_3
10063,DE-V1-05,2024-01,0.0,"start=171.5,end=30.3,max=90.3",NORMAL_ZERO_DEMAND,zero_sales_with_available_stock(max_stock=90.3>threshold=1.0),0.0,0.0,trimmed_mean_3,trimmed_mean_3
10063,DE-V1-05,2024-02,0.75,"start=30.3,end=29.6,max=29.6",NORMAL_DEMAND,positive_sales,0.0,0.0,trimmed_mean_3,trimmed_mean_3
10063,DE-V1-05,2024-03,0.0,"start=29.6,end=29.6,max=29.6",NORMAL_ZERO_DEMAND,zero_sales_with_available_stock(max_stock=29.6>threshold=1.0),0.0,0.0,trimmed_mean_3,trimmed_mean_3
10063,DE-V1-05,2024-04,0.0,"start=29.6,end=29.6,max=29.6",NORMAL_ZERO_DEMAND,zero_sales_with_available_stock(max_stock=29.6>threshold=1.0),0.0,0.0,trimmed_mean_3,trimmed_mean_3
10063,DE-V1-05,2024-05,11.0,"start=29.6,end=18.6,max=18.6",NORMAL_DEMAND,positive_sales,0.0,0.0,trimmed_mean_3,trimmed_mean_3
10063,DE-V1-05,2024-06,0.0,"start=18.6,end=67.5,max=67.5",NORMAL_ZERO_DEMAND,zero_sales_with_available_stock(max_stock=67.5>threshold=1.0),0.0,0.0,trimmed_mean_3,trimmed_mean_3
10063,DE-V1-05,2024-07,0.0,"start=67.5,end=67.5,max=67.5",NORMAL_ZERO_DEMAND,zero_sales_with_available_stock(max_stock=67.5>threshold=1.0),0.0,0.0,trimmed_mean_3,trimmed_mean_3
10063,DE-V1-05,2024-08,0.0,"start=67.5,end=124.0,max=124.0",NORMAL_ZERO_DEMAND,zero_sales_with_available_stock(max_stock=124.0>threshold=1.0),0.0,0.0,trimmed_mean_3,trimmed_mean_3
10063,DE-V1-05,2024-09,0.0,"start=124.0,end=124.0,max=124.0",NORMAL_ZERO_DEMAND,zero_sales_with_available_stock(max_stock=124.0>threshold=1.0),0.0,0.0,trimmed_mean_3,trimmed_mean_3
10063,DE-V1-05,2024-10,0.0,"start=124.0,end=124.0,max=124.0",NORMAL_ZERO_DEMAND,zero_sales_with_available_stock(max_stock=124.0>threshold=1.0),0.0,0.0,trimmed_mean_3,trimmed_mean_3
10063,DE-V1-05,2024-11,0.0,"start=124.0,end=124.0,max=124.0",NORMAL_ZERO_DEMAND,zero_sales_with_available_stock(max_stock=124.0>threshold=1.0),0.0,0.0,trimmed_mean_3,trimmed_mean_3
10063,DE-V1-05,2024-12,0.0,"start=124.0,end=124.0,max=124.0",NORMAL_ZERO_DEMAND,zero_sales_with_available_stock(max_stock=124.0>threshold=1.0),0.0,0.0,trimmed_mean_3,trimmed_mean_3
10063,DE-V1-05,2025-01,0.0,"start=124.0,end=124.0,max=124.0",NORMAL_ZERO_DEMAND,zero_sales_with_available_stock(max_stock=124.0>threshold=1.0),0.0,0.0,trimmed_mean_3,trimmed_mean_3
10063,DE-V1-05,2025-02,0.0,"start=124.0,end=124.0,max=124.0",NORMAL_ZERO_DEMAND,zero_sales_with_available_stock(max_stock=124.0>threshold=1.0),0.0,0.0,trimmed_mean_3,trimmed_mean_3
10063,DE-V1-05,2025-03,0.0,"start=124.0,end=124.0,max=124.0",NORMAL_ZERO_DEMAND,zero_sales_with_available_stock(max_stock=124.0>threshold=1.0),0.0,0.0,trimmed_mean_3,trimmed_mean_3
10063,DE-V1-05,2025-04,0.0,"start=124.0,end=97.5,max=153.9",NORMAL_ZERO_DEMAND,zero_sales_with_available_stock(max_stock=153.9>threshold=1.0),0.0,0.0,trimmed_mean_3,trimmed_mean_3
10063,DE-V1-05,2025-05,0.0,"start=97.5,end=97.5,max=97.5",NORMAL_ZERO_DEMAND,zero_sales_with_available_stock(max_stock=97.5>threshold=1.0),0.0,0.0,trimmed_mean_3,trimmed_mean_3
10063,DE-V1-05,2025-06,0.0,"start=97.5,end=97.5,max=97.5",NORMAL_ZERO_DEMAND,zero_sales_with_available_stock(max_stock=97.5>threshold=1.0),0.0,0.0,trimmed_mean_3,trimmed_mean_3
10063,DE-V1-05,2025-07,0.0,"start=97.5,end=97.5,max=97.5",NORMAL_ZERO_DEMAND,zero_sales_with_available_stock(max_stock=97.5>threshold=1.0),0.0,0.0,trimmed_mean_3,trimmed_mean_3
10063,DE-V1-05,2025-08,0.0,"start=97.5,end=97.5,max=97.5",NORMAL_ZERO_DEMAND,zero_sales_with_available_stock(max_stock=97.5>threshold=1.0),0.0,0.0,trimmed_mean_3,trimmed_mean_3
10063,DE-V1-05,2025-09,0.0,"start=97.5,end=97.5,max=97.5",NORMAL_ZERO_DEMAND,zero_sales_with_available_stock(max_stock=97.5>threshold=1.0),0.0,0.0,trimmed_mean_3,trimmed_mean_3
10063,DE-V1-05,2025-10,0.0,"start=97.5,end=97.5,max=97.5",NORMAL_ZERO_DEMAND,zero_sales_with_available_stock(max_stock=97.5>threshold=1.0),0.0,0.0,trimmed_mean_3,trimmed_mean_3
10063,DE-V1-05,2025-11,0.0,"start=97.5,end=97.5,max=97.5",NORMAL_ZERO_DEMAND,zero_sales_with_available_stock(max_stock=97.5>threshold=1.0),0.0,0.0,trimmed_mean_3,trimmed_mean_3
10063,DE-V1-05,2025-12,0.0,"start=97.5,end=97.5,max=97.5",NORMAL_ZERO_DEMAND,zero_sales_with_available_stock(max_stock=97.5>threshold=1.0),0.0,0.0,trimmed_mean_3,trimmed_mean_3
10063,DE-V1-05,2026-01,0.0,"start=97.5,end=97.5,max=97.5",NORMAL_ZERO_DEMAND,zero_sales_with_available_stock(max_stock=97.5>threshold=1.0),0.0,0.0,trimmed_mean_3,trimmed_mean_3
10063,DE-V1-05,2026-02,0.0,"start=97.5,end=97.5,max=97.5",NORMAL_ZERO_DEMAND,zero_sales_with_available_stock(max_stock=97.5>threshold=1.0),0.0,0.0,trimmed_mean_3,trimmed_mean_3
10063,DE-V1-05,2026-03,0.0,"start=97.5,end=97.5,max=97.5",NORMAL_ZERO_DEMAND,zero_sales_with_available_stock(max_stock=97.5>threshold=1.0),0.0,0.0,trimmed_mean_3,trimmed_mean_3
10063,DE-V1-05,2026-04,0.0,"start=97.5,end=97.5,max=97.5",NORMAL_ZERO_DEMAND,zero_sales_with_available_stock(max_stock=97.5>threshold=1.0),0.0,0.0,trimmed_mean_3,trimmed_mean_3
10063,DE-V1-05,2026-05,0.0,"start=97.5,end=97.5,max=97.5",NORMAL_ZERO_DEMAND,zero_sales_with_available_stock(max_stock=97.5>threshold=1.0),0.0,0.0,trimmed_mean_3,trimmed_mean_3
10063,DE-V1-05,2026-06,0.0,"start=97.5,end=97.5,max=97.5",NORMAL_ZERO_DEMAND,zero_sales_with_available_stock(max_stock=97.5>threshold=1.0),0.0,0.0,trimmed_mean_3,trimmed_mean_3
10063,DE-V1-05,2026-07,0.0,"start=97.5,end=97.5,max=97.5",NORMAL_ZERO_DEMAND,zero_sales_with_available_stock(max_stock=97.5>threshold=1.0),0.0,0.0,trimmed_mean_3,trimmed_mean_3
10063,DE-V1-05,2026-08,0.0,"start=97.5,end=97.5,max=97.5",NORMAL_ZERO_DEMAND,zero_sales_with_available_stock(max_stock=97.5>threshold=1.0),0.0,0.0,trimmed_mean_3,trimmed_mean_3
10063,DE-V1-05,2026-09,0.0,"start=97.5,end=97.5,max=97.5",NORMAL_ZERO_DEMAND,zero_sales_with_available_stock(max_stock=97.5>threshold=1.0),0.0,0.0,trimmed_mean_3,trimmed_mean_3
10700,393-30,2024-03,11.5,"start=0.0,end=-11.5,max=-11.5",NORMAL_DEMAND,positive_sales,0.0,0.0,trimmed_mean_3,trimmed_mean_3
10700,393-30,2024-04,0.0,"start=-11.5,end=118.3,max=118.3",NORMAL_ZERO_DEMAND,zero_sales_with_available_stock(max_stock=118.3>threshold=1.0),0.0,0.0,trimmed_mean_3,trimmed_mean_3
10700,393-30,2024-05,0.0,"start=118.3,end=118.3,max=118.3",NORMAL_ZERO_DEMAND,zero_sales_with_available_stock(max_stock=118.3>threshold=1.0),0.0,0.0,trimmed_mean_3,trimmed_mean_3
10700,393-30,2024-06,0.0,"start=118.3,end=118.3,max=118.3",NORMAL_ZERO_DEMAND,zero_sales_with_available_stock(max_stock=118.3>threshold=1.0),0.0,0.0,trimmed_mean_3,trimmed_mean_3
10700,393-30,2024-07,11.0,"start=118.3,end=107.3,max=107.3",NORMAL_DEMAND,positive_sales,0.0,0.0,trimmed_mean_3,trimmed_mean_3
10700,393-30,2024-08,0.0,"start=107.3,end=107.3,max=107.3",NORMAL_ZERO_DEMAND,zero_sales_with_available_stock(max_stock=107.3>threshold=1.0),0.0,0.0,trimmed_mean_3,trimmed_mean_3
10700,393-30,2024-09,0.0,"start=107.3,end=107.3,max=107.3",NORMAL_ZERO_DEMAND,zero_sales_with_available_stock(max_stock=107.3>threshold=1.0),0.0,0.0,trimmed_mean_3,trimmed_mean_3
10700,393-30,2024-10,0.0,"start=107.3,end=107.3,max=107.3",NORMAL_ZERO_DEMAND,zero_sales_with_available_stock(max_stock=107.3>threshold=1.0),0.0,0.0,trimmed_mean_3,trimmed_mean_3
10700,393-30,2024-11,0.0,"start=107.3,end=107.3,max=107.3",NORMAL_ZERO_DEMAND,zero_sales_with_available_stock(max_stock=107.3>threshold=1.0),0.0,0.0,trimmed_mean_3,trimmed_mean_3
10700,393-30,2024-12,0.0,"start=107.3,end=85.8,max=101.3",NORMAL_ZERO_DEMAND,zero_sales_with_available_stock(max_stock=101.3>threshold=1.0),0.0,0.0,trimmed_mean_3,trimmed_mean_3
10700,393-30,2025-01,0.0,"start=85.8,end=85.8,max=85.8",NORMAL_ZERO_DEMAND,zero_sales_with_available_stock(max_stock=85.8>threshold=1.0),0.0,0.0,trimmed_mean_3,trimmed_mean_3
10700,393-30,2025-02,0.0,"start=85.8,end=85.8,max=85.8",NORMAL_ZERO_DEMAND,zero_sales_with_available_stock(max_stock=85.8>threshold=1.0),0.0,0.0,trimmed_mean_3,trimmed_mean_3
10700,393-30,2025-03,10.0,"start=85.8,end=75.8,max=95.8",NORMAL_DEMAND,positive_sales,0.0,0.0,trimmed_mean_3,trimmed_mean_3
10700,393-30,2025-04,0.0,"start=75.8,end=75.8,max=75.8",NORMAL_ZERO_DEMAND,zero_sales_with_available_stock(max_stock=75.8>threshold=1.0),0.0,0.0,trimmed_mean_3,trimmed_mean_3
10700,393-30,2025-05,4.0,"start=75.8,end=71.8,max=79.8",NORMAL_DEMAND,positive_sales,0.0,0.0,trimmed_mean_3,trimmed_mean_3
10700,393-30,2025-06,0.0,"start=71.8,end=71.8,max=71.8",NORMAL_ZERO_DEMAND,zero_sales_with_available_stock(max_stock=71.8>threshold=1.0),0.0,0.0,trimmed_mean_3,trimmed_mean_3
10700,393-30,2025-07,0.0,"start=71.8,end=71.8,max=71.8",NORMAL_ZERO_DEMAND,zero_sales_with_available_stock(max_stock=71.8>threshold=1.0),0.0,0.0,trimmed_mean_3,trimmed_mean_3
10700,393-30,2025-08,0.0,"start=71.8,end=71.8,max=71.8",NORMAL_ZERO_DEMAND,zero_sales_with_available_stock(max_stock=71.8>threshold=1.0),0.0,0.0,trimmed_mean_3,trimmed_mean_3
10700,393-30,2025-09,0.0,"start=71.8,end=196.0,max=196.0",NORMAL_ZERO_DEMAND,zero_sales_with_available_stock(max_stock=196.0>threshold=1.0),0.0,0.0,trimmed_mean_3,trimmed_mean_3
10700,393-30,2025-10,0.0,"start=196.0,end=196.0,max=196.0",NORMAL_ZERO_DEMAND,zero_sales_with_available_stock(max_stock=196.0>threshold=1.0),0.0,0.0,trimmed_mean_3,trimmed_mean_3
10700,393-30,2025-11,0.0,"start=196.0,end=196.0,max=196.0",NORMAL_ZERO_DEMAND,zero_sales_with_available_stock(max_stock=196.0>threshold=1.0),0.0,0.0,trimmed_mean_3,trimmed_mean_3
10700,393-30,2025-12,0.0,"start=196.0,end=196.0,max=196.0",NORMAL_ZERO_DEMAND,zero_sales_with_available_stock(max_stock=196.0>threshold=1.0),0.0,0.0,trimmed_mean_3,trimmed_mean_3
10700,393-30,2026-01,0.0,"start=196.0,end=196.0,max=196.0",NORMAL_ZERO_DEMAND,zero_sales_with_available_stock(max_stock=196.0>threshold=1.0),0.0,0.0,trimmed_mean_3,trimmed_mean_3
10700,393-30,2026-02,0.0,"start=196.0,end=196.0,max=196.0",NORMAL_ZERO_DEMAND,zero_sales_with_available_stock(max_stock=196.0>threshold=1.0),0.0,0.0,trimmed_mean_3,trimmed_mean_3
10700,393-30,2026-03,0.0,"start=196.0,end=196.0,max=196.0",NORMAL_ZERO_DEMAND,zero_sales_with_available_stock(max_stock=196.0>threshold=1.0),0.0,0.0,trimmed_mean_3,trimmed_mean_3
10700,393-30,2026-04,0.0,"start=196.0,end=196.0,max=196.0",NORMAL_ZERO_DEMAND,zero_sales_with_available_stock(max_stock=196.0>threshold=1.0),0.0,0.0,trimmed_mean_3,trimmed_mean_3
10700,393-30,2026-05,0.0,"start=196.0,end=196.0,max=196.0",NORMAL_ZERO_DEMAND,zero_sales_with_available_stock(max_stock=196.0>threshold=1.0),0.0,0.0,trimmed_mean_3,trimmed_mean_3
10700,393-30,2026-06,0.0,"start=196.0,end=196.0,max=196.0",NORMAL_ZERO_DEMAND,zero_sales_with_available_stock(max_stock=196.0>threshold=1.0),0.0,0.0,trimmed_mean_3,trimmed_mean_3
10700,393-30,2026-07,0.0,"start=196.0,end=196.0,max=196.0",NORMAL_ZERO_DEMAND,zero_sales_with_available_stock(max_stock=196.0>threshold=1.0),0.0,0.0,trimmed_mean_3,trimmed_mean_3
10700,393-30,2026-08,0.0,"start=196.0,end=196.0,max=196.0",NORMAL_ZERO_DEMAND,zero_sales_with_available_stock(max_stock=196.0>threshold=1.0),0.0,0.0,trimmed_mean_3,trimmed_mean_3
10700,393-30,2026-09,0.0,"start=196.0,end=196.0,max=196.0",NORMAL_ZERO_DEMAND,zero_sales_with_available_stock(max_stock=196.0>threshold=1.0),0.0,0.0,trimmed_mean_3,trimmed_mean_3
9124,385-07,2023-11,146.55,"start=415.0,end=1115.0,max=1165.0",NORMAL_DEMAND,positive_sales,3.0,0.5,previous_month,trimmed_mean_3
9124,385-07,2023-12,143.5,"start=1115.0,end=940.5,max=1115.0",NORMAL_DEMAND,positive_sales,3.0,0.5,previous_month,trimmed_mean_3
9124,385-07,2024-01,295.15,"start=940.5,end=619.0,max=909.0",NORMAL_DEMAND,positive_sales,3.0,0.5,previous_month,trimmed_mean_3
9124,385-07,2024-02,255.0,"start=619.0,end=337.0,max=599.5",NORMAL_DEMAND,positive_sales,3.0,0.5,previous_month,trimmed_mean_3
9124,385-07,2024-03,196.75,"start=337.0,end=39.0,max=333.2",NORMAL_DEMAND,positive_sales,3.0,0.5,previous_month,trimmed_mean_3
9124,385-07,2024-04,0.0,"start=39.0,end=39.0,max=39.0",NORMAL_ZERO_DEMAND,zero_sales_with_available_stock(max_stock=39.0>threshold=5.0),3.0,0.5,previous_month,trimmed_mean_3
9124,385-07,2024-05,0.0,"start=39.0,end=-9.0,max=-9.0",STOCKOUT_SUPPRESSED,zero_sales_with_depleted_stock(max_stock=-9.0<=threshold=5.0),3.0,0.5,previous_month,trimmed_mean_3
9124,385-07,2024-06,0.0,"start=-9.0,end=-23.0,max=-9.0",STOCKOUT_SUPPRESSED,zero_sales_with_depleted_stock(max_stock=-9.0<=threshold=5.0),3.0,0.5,previous_month,trimmed_mean_3
9124,385-07,2024-07,0.0,"start=-23.0,end=-13.0,max=-13.0",STOCKOUT_SUPPRESSED,zero_sales_with_depleted_stock(max_stock=-13.0<=threshold=5.0),3.0,0.5,previous_month,trimmed_mean_3
9124,385-07,2024-08,0.0,"start=-13.0,end=-37.0,max=-14.0",STOCKOUT_SUPPRESSED,zero_sales_with_depleted_stock(max_stock=-14.0<=threshold=5.0),3.0,0.5,previous_month,trimmed_mean_3
9124,385-07,2024-09,30.0,"start=-37.0,end=-37.0,max=8.0",NORMAL_DEMAND,positive_sales,3.0,0.5,previous_month,trimmed_mean_3
9124,385-07,2024-10,0.0,"start=-37.0,end=1011.0,max=1011.0",NORMAL_ZERO_DEMAND,zero_sales_with_available_stock(max_stock=1011.0>threshold=5.0),3.0,0.5,previous_month,trimmed_mean_3
9124,385-07,2024-11,17.0,"start=1011.0,end=994.0,max=1011.0",NORMAL_DEMAND,positive_sales,3.0,0.5,previous_month,trimmed_mean_3
9124,385-07,2024-12,191.5,"start=994.0,end=796.5,max=926.0",NORMAL_DEMAND,positive_sales,3.0,0.5,previous_month,trimmed_mean_3
9124,385-07,2025-01,63.0,"start=796.5,end=729.0,max=769.5",NORMAL_DEMAND,positive_sales,3.0,0.5,previous_month,trimmed_mean_3
9124,385-07,2025-02,61.0,"start=729.0,end=668.0,max=752.0",NORMAL_DEMAND,positive_sales,3.0,0.5,previous_month,trimmed_mean_3
9124,385-07,2025-03,184.0,"start=668.0,end=484.0,max=730.0",NORMAL_DEMAND,positive_sales,3.0,0.5,previous_month,trimmed_mean_3
9124,385-07,2025-04,0.0,"start=484.0,end=484.0,max=484.0",NORMAL_ZERO_DEMAND,zero_sales_with_available_stock(max_stock=484.0>threshold=5.0),3.0,0.5,previous_month,trimmed_mean_3
9124,385-07,2025-05,28.0,"start=484.0,end=456.0,max=534.0",NORMAL_DEMAND,positive_sales,3.0,0.5,previous_month,trimmed_mean_3
9124,385-07,2025-06,23.0,"start=456.0,end=433.0,max=486.0",NORMAL_DEMAND,positive_sales,3.0,0.5,previous_month,trimmed_mean_3
9124,385-07,2025-07,73.0,"start=433.0,end=360.0,max=476.5",NORMAL_DEMAND,positive_sales,3.0,0.5,previous_month,trimmed_mean_3
9124,385-07,2025-08,10.0,"start=360.0,end=350.0,max=370.0",NORMAL_DEMAND,positive_sales,3.0,0.5,previous_month,trimmed_mean_3
9124,385-07,2025-09,23.0,"start=350.0,end=321.5,max=378.5",NORMAL_DEMAND,positive_sales,3.0,0.5,previous_month,trimmed_mean_3
9124,385-07,2025-10,85.0,"start=321.5,end=236.5,max=392.5",NORMAL_DEMAND,positive_sales,3.0,0.5,previous_month,trimmed_mean_3
9124,385-07,2025-11,114.5,"start=236.5,end=58.0,max=269.5",NORMAL_DEMAND,positive_sales,3.0,0.5,previous_month,trimmed_mean_3
9124,385-07,2025-12,18.0,"start=58.0,end=28.5,max=72.5",NORMAL_DEMAND,positive_sales,3.0,0.5,previous_month,trimmed_mean_3
9124,385-07,2026-01,0.0,"start=28.5,end=28.5,max=28.5",NORMAL_ZERO_DEMAND,zero_sales_with_available_stock(max_stock=28.5>threshold=5.0),3.0,0.5,previous_month,trimmed_mean_3
9124,385-07,2026-02,5.5,"start=28.5,end=17.5,max=28.5",NORMAL_DEMAND,positive_sales,3.0,0.5,previous_month,trimmed_mean_3
9124,385-07,2026-03,0.0,"start=17.5,end=17.5,max=17.5",NORMAL_ZERO_DEMAND,zero_sales_with_available_stock(max_stock=17.5>threshold=5.0),3.0,0.5,previous_month,trimmed_mean_3
9124,385-07,2026-04,0.0,"start=17.5,end=17.5,max=17.5",NORMAL_ZERO_DEMAND,zero_sales_with_available_stock(max_stock=17.5>threshold=5.0),3.0,0.5,previous_month,trimmed_mean_3
9124,385-07,2026-05,0.0,"start=17.5,end=17.5,max=17.5",NORMAL_ZERO_DEMAND,zero_sales_with_available_stock(max_stock=17.5>threshold=5.0),3.0,0.5,previous_month,trimmed_mean_3
9124,385-07,2026-06,0.0,"start=17.5,end=17.5,max=17.5",NORMAL_ZERO_DEMAND,zero_sales_with_available_stock(max_stock=17.5>threshold=5.0),3.0,0.5,previous_month,trimmed_mean_3
9124,385-07,2026-07,1.0,"start=17.5,end=16.5,max=18.5",NORMAL_DEMAND,positive_sales,3.0,0.5,previous_month,trimmed_mean_3
9124,385-07,2026-08,0.0,"start=16.5,end=-11.5,max=-11.5",STOCKOUT_SUPPRESSED,zero_sales_with_depleted_stock(max_stock=-11.5<=threshold=5.0),3.0,0.5,previous_month,trimmed_mean_3
9124,385-07,2026-09,3.0,"start=-11.5,end=-14.5,max=-5.0",NORMAL_DEMAND,positive_sales,3.0,0.5,previous_month,trimmed_mean_3
6907,377-14,2023-07,24.0,"start=100.0,end=76.0,max=76.0",NORMAL_DEMAND,positive_sales,0.0,0.0,trimmed_mean_3,trimmed_mean_3
6907,377-14,2023-08,0.0,"start=76.0,end=76.0,max=76.0",NORMAL_ZERO_DEMAND,zero_sales_with_available_stock(max_stock=76.0>threshold=1.4),0.0,0.0,trimmed_mean_3,trimmed_mean_3
6907,377-14,2023-09,0.0,"start=76.0,end=76.0,max=76.0",NORMAL_ZERO_DEMAND,zero_sales_with_available_stock(max_stock=76.0>threshold=1.4),0.0,0.0,trimmed_mean_3,trimmed_mean_3
6907,377-14,2023-10,31.0,"start=76.0,end=25.0,max=51.0",NORMAL_DEMAND,positive_sales,0.0,0.0,trimmed_mean_3,trimmed_mean_3
6907,377-14,2023-11,0.0,"start=25.0,end=25.0,max=28.0",NORMAL_ZERO_DEMAND,zero_sales_with_available_stock(max_stock=28.0>threshold=1.4),0.0,0.0,trimmed_mean_3,trimmed_mean_3
6907,377-14,2023-12,0.0,"start=25.0,end=25.0,max=25.0",NORMAL_ZERO_DEMAND,zero_sales_with_available_stock(max_stock=25.0>threshold=1.4),0.0,0.0,trimmed_mean_3,trimmed_mean_3
6907,377-14,2024-01,0.0,"start=25.0,end=25.0,max=25.0",NORMAL_ZERO_DEMAND,zero_sales_with_available_stock(max_stock=25.0>threshold=1.4),0.0,0.0,trimmed_mean_3,trimmed_mean_3
6907,377-14,2024-02,0.0,"start=25.0,end=27.0,max=27.0",NORMAL_ZERO_DEMAND,zero_sales_with_available_stock(max_stock=27.0>threshold=1.4),0.0,0.0,trimmed_mean_3,trimmed_mean_3
6907,377-14,2024-03,3.0,"start=27.0,end=24.0,max=24.0",NORMAL_DEMAND,positive_sales,0.0,0.0,trimmed_mean_3,trimmed_mean_3
6907,377-14,2024-04,0.0,"start=24.0,end=24.0,max=24.0",NORMAL_ZERO_DEMAND,zero_sales_with_available_stock(max_stock=24.0>threshold=1.4),0.0,0.0,trimmed_mean_3,trimmed_mean_3
6907,377-14,2024-05,0.0,"start=24.0,end=11.0,max=13.0",NORMAL_ZERO_DEMAND,zero_sales_with_available_stock(max_stock=13.0>threshold=1.4),0.0,0.0,trimmed_mean_3,trimmed_mean_3
6907,377-14,2024-06,0.0,"start=11.0,end=11.0,max=11.0",NORMAL_ZERO_DEMAND,zero_sales_with_available_stock(max_stock=11.0>threshold=1.4),0.0,0.0,trimmed_mean_3,trimmed_mean_3
6907,377-14,2024-07,0.0,"start=11.0,end=234.2,max=234.2",NORMAL_ZERO_DEMAND,zero_sales_with_available_stock(max_stock=234.2>threshold=1.4),0.0,0.0,trimmed_mean_3,trimmed_mean_3
6907,377-14,2024-08,0.0,"start=234.2,end=234.2,max=234.2",NORMAL_ZERO_DEMAND,zero_sales_with_available_stock(max_stock=234.2>threshold=1.4),0.0,0.0,trimmed_mean_3,trimmed_mean_3
6907,377-14,2024-09,0.0,"start=234.2,end=234.2,max=234.2",NORMAL_ZERO_DEMAND,zero_sales_with_available_stock(max_stock=234.2>threshold=1.4),0.0,0.0,trimmed_mean_3,trimmed_mean_3
6907,377-14,2024-10,0.0,"start=234.2,end=234.2,max=234.2",NORMAL_ZERO_DEMAND,zero_sales_with_available_stock(max_stock=234.2>threshold=1.4),0.0,0.0,trimmed_mean_3,trimmed_mean_3
6907,377-14,2024-11,45.0,"start=234.2,end=143.7,max=189.2",NORMAL_DEMAND,positive_sales,0.0,0.0,trimmed_mean_3,trimmed_mean_3
6907,377-14,2024-12,0.0,"start=143.7,end=188.7,max=188.7",NORMAL_ZERO_DEMAND,zero_sales_with_available_stock(max_stock=188.7>threshold=1.4),0.0,0.0,trimmed_mean_3,trimmed_mean_3
6907,377-14,2025-01,0.0,"start=188.7,end=188.7,max=188.7",NORMAL_ZERO_DEMAND,zero_sales_with_available_stock(max_stock=188.7>threshold=1.4),0.0,0.0,trimmed_mean_3,trimmed_mean_3
6907,377-14,2025-02,0.0,"start=188.7,end=188.7,max=188.7",NORMAL_ZERO_DEMAND,zero_sales_with_available_stock(max_stock=188.7>threshold=1.4),0.0,0.0,trimmed_mean_3,trimmed_mean_3
6907,377-14,2025-03,0.0,"start=188.7,end=177.7,max=185.7",NORMAL_ZERO_DEMAND,zero_sales_with_available_stock(max_stock=185.7>threshold=1.4),0.0,0.0,trimmed_mean_3,trimmed_mean_3
6907,377-14,2025-04,0.0,"start=177.7,end=170.9,max=170.9",NORMAL_ZERO_DEMAND,zero_sales_with_available_stock(max_stock=170.9>threshold=1.4),0.0,0.0,trimmed_mean_3,trimmed_mean_3
6907,377-14,2025-05,0.0,"start=170.9,end=170.9,max=170.9",NORMAL_ZERO_DEMAND,zero_sales_with_available_stock(max_stock=170.9>threshold=1.4),0.0,0.0,trimmed_mean_3,trimmed_mean_3
6907,377-14,2025-06,0.0,"start=170.9,end=170.9,max=170.9",NORMAL_ZERO_DEMAND,zero_sales_with_available_stock(max_stock=170.9>threshold=1.4),0.0,0.0,trimmed_mean_3,trimmed_mean_3
6907,377-14,2025-07,0.0,"start=170.9,end=170.9,max=170.9",NORMAL_ZERO_DEMAND,zero_sales_with_available_stock(max_stock=170.9>threshold=1.4),0.0,0.0,trimmed_mean_3,trimmed_mean_3
6907,377-14,2025-08,0.0,"start=170.9,end=170.9,max=170.9",NORMAL_ZERO_DEMAND,zero_sales_with_available_stock(max_stock=170.9>threshold=1.4),0.0,0.0,trimmed_mean_3,trimmed_mean_3
6907,377-14,2025-09,0.0,"start=170.9,end=170.9,max=170.9",NORMAL_ZERO_DEMAND,zero_sales_with_available_stock(max_stock=170.9>threshold=1.4),0.0,0.0,trimmed_mean_3,trimmed_mean_3
6907,377-14,2025-10,0.0,"start=170.9,end=170.9,max=170.9",NORMAL_ZERO_DEMAND,zero_sales_with_available_stock(max_stock=170.9>threshold=1.4),0.0,0.0,trimmed_mean_3,trimmed_mean_3
6907,377-14,2025-11,0.0,"start=170.9,end=170.9,max=170.9",NORMAL_ZERO_DEMAND,zero_sales_with_available_stock(max_stock=170.9>threshold=1.4),0.0,0.0,trimmed_mean_3,trimmed_mean_3
6907,377-14,2025-12,0.0,"start=170.9,end=170.9,max=170.9",NORMAL_ZERO_DEMAND,zero_sales_with_available_stock(max_stock=170.9>threshold=1.4),0.0,0.0,trimmed_mean_3,trimmed_mean_3
6907,377-14,2026-01,0.0,"start=170.9,end=170.9,max=170.9",NORMAL_ZERO_DEMAND,zero_sales_with_available_stock(max_stock=170.9>threshold=1.4),0.0,0.0,trimmed_mean_3,trimmed_mean_3
6907,377-14,2026-02,0.0,"start=170.9,end=170.9,max=170.9",NORMAL_ZERO_DEMAND,zero_sales_with_available_stock(max_stock=170.9>threshold=1.4),0.0,0.0,trimmed_mean_3,trimmed_mean_3
6907,377-14,2026-03,0.0,"start=170.9,end=170.9,max=170.9",NORMAL_ZERO_DEMAND,zero_sales_with_available_stock(max_stock=170.9>threshold=1.4),0.0,0.0,trimmed_mean_3,trimmed_mean_3
6907,377-14,2026-04,0.0,"start=170.9,end=170.9,max=170.9",NORMAL_ZERO_DEMAND,zero_sales_with_available_stock(max_stock=170.9>threshold=1.4),0.0,0.0,trimmed_mean_3,trimmed_mean_3
6907,377-14,2026-05,0.0,"start=170.9,end=170.9,max=170.9",NORMAL_ZERO_DEMAND,zero_sales_with_available_stock(max_stock=170.9>threshold=1.4),0.0,0.0,trimmed_mean_3,trimmed_mean_3
6907,377-14,2026-06,0.0,"start=170.9,end=170.9,max=170.9",NORMAL_ZERO_DEMAND,zero_sales_with_available_stock(max_stock=170.9>threshold=1.4),0.0,0.0,trimmed_mean_3,trimmed_mean_3
6907,377-14,2026-07,0.0,"start=170.9,end=170.9,max=170.9",NORMAL_ZERO_DEMAND,zero_sales_with_available_stock(max_stock=170.9>threshold=1.4),0.0,0.0,trimmed_mean_3,trimmed_mean_3
6907,377-14,2026-08,0.0,"start=170.9,end=170.9,max=170.9",NORMAL_ZERO_DEMAND,zero_sales_with_available_stock(max_stock=170.9>threshold=1.4),0.0,0.0,trimmed_mean_3,trimmed_mean_3
6907,377-14,2026-09,0.0,"start=170.9,end=170.9,max=170.9",NORMAL_ZERO_DEMAND,zero_sales_with_available_stock(max_stock=170.9>threshold=1.4),0.0,0.0,trimmed_mean_3,trimmed_mean_3
854,202-18,2023-10,1.0,"start=597.6,end=531.1,max=573.6",NORMAL_DEMAND,positive_sales,55.0,55.0,seasonal_naive,seasonal_naive
854,202-18,2023-11,0.0,"start=531.1,end=501.1,max=516.1",NORMAL_ZERO_DEMAND,zero_sales_with_available_stock(max_stock=516.1>threshold=1.0),55.0,55.0,seasonal_naive,seasonal_naive
854,202-18,2023-12,0.0,"start=501.1,end=501.1,max=501.1",NORMAL_ZERO_DEMAND,zero_sales_with_available_stock(max_stock=501.1>threshold=1.0),55.0,55.0,seasonal_naive,seasonal_naive
854,202-18,2024-01,0.0,"start=501.1,end=497.1,max=556.0",NORMAL_ZERO_DEMAND,zero_sales_with_available_stock(max_stock=556.0>threshold=1.0),55.0,55.0,seasonal_naive,seasonal_naive
854,202-18,2024-02,0.0,"start=497.1,end=494.1,max=494.1",NORMAL_ZERO_DEMAND,zero_sales_with_available_stock(max_stock=494.1>threshold=1.0),55.0,55.0,seasonal_naive,seasonal_naive
854,202-18,2024-03,0.0,"start=494.1,end=494.1,max=494.1",NORMAL_ZERO_DEMAND,zero_sales_with_available_stock(max_stock=494.1>threshold=1.0),55.0,55.0,seasonal_naive,seasonal_naive
854,202-18,2024-04,0.0,"start=494.1,end=487.6,max=495.6",NORMAL_ZERO_DEMAND,zero_sales_with_available_stock(max_stock=495.6>threshold=1.0),55.0,55.0,seasonal_naive,seasonal_naive
854,202-18,2024-05,0.0,"start=487.6,end=355.1,max=422.6",NORMAL_ZERO_DEMAND,zero_sales_with_available_stock(max_stock=422.6>threshold=1.0),55.0,55.0,seasonal_naive,seasonal_naive
854,202-18,2024-06,0.0,"start=355.1,end=318.5,max=357.5",NORMAL_ZERO_DEMAND,zero_sales_with_available_stock(max_stock=357.5>threshold=1.0),55.0,55.0,seasonal_naive,seasonal_naive
854,202-18,2024-07,0.0,"start=318.5,end=288.5,max=288.5",NORMAL_ZERO_DEMAND,zero_sales_with_available_stock(max_stock=288.5>threshold=1.0),55.0,55.0,seasonal_naive,seasonal_naive
854,202-18,2024-08,0.0,"start=288.5,end=288.5,max=288.5",NORMAL_ZERO_DEMAND,zero_sales_with_available_stock(max_stock=288.5>threshold=1.0),55.0,55.0,seasonal_naive,seasonal_naive
854,202-18,2024-09,0.0,"start=288.5,end=418.5,max=418.5",NORMAL_ZERO_DEMAND,zero_sales_with_available_stock(max_stock=418.5>threshold=1.0),55.0,55.0,seasonal_naive,seasonal_naive
854,202-18,2024-10,0.0,"start=418.5,end=418.5,max=418.5",NORMAL_ZERO_DEMAND,zero_sales_with_available_stock(max_stock=418.5>threshold=1.0),55.0,55.0,seasonal_naive,seasonal_naive
854,202-18,2024-11,0.0,"start=418.5,end=409.5,max=409.5",NORMAL_ZERO_DEMAND,zero_sales_with_available_stock(max_stock=409.5>threshold=1.0),55.0,55.0,seasonal_naive,seasonal_naive
854,202-18,2024-12,0.0,"start=409.5,end=409.5,max=409.5",NORMAL_ZERO_DEMAND,zero_sales_with_available_stock(max_stock=409.5>threshold=1.0),55.0,55.0,seasonal_naive,seasonal_naive
854,202-18,2025-01,0.0,"start=409.5,end=409.5,max=409.5",NORMAL_ZERO_DEMAND,zero_sales_with_available_stock(max_stock=409.5>threshold=1.0),55.0,55.0,seasonal_naive,seasonal_naive
854,202-18,2025-02,0.0,"start=409.5,end=409.5,max=409.5",NORMAL_ZERO_DEMAND,zero_sales_with_available_stock(max_stock=409.5>threshold=1.0),55.0,55.0,seasonal_naive,seasonal_naive
854,202-18,2025-03,0.0,"start=409.5,end=409.5,max=409.5",NORMAL_ZERO_DEMAND,zero_sales_with_available_stock(max_stock=409.5>threshold=1.0),55.0,55.0,seasonal_naive,seasonal_naive
854,202-18,2025-04,0.0,"start=409.5,end=409.5,max=409.5",NORMAL_ZERO_DEMAND,zero_sales_with_available_stock(max_stock=409.5>threshold=1.0),55.0,55.0,seasonal_naive,seasonal_naive
854,202-18,2025-05,0.0,"start=409.5,end=461.4,max=461.4",NORMAL_ZERO_DEMAND,zero_sales_with_available_stock(max_stock=461.4>threshold=1.0),55.0,55.0,seasonal_naive,seasonal_naive
854,202-18,2025-06,0.0,"start=461.4,end=422.4,max=422.4",NORMAL_ZERO_DEMAND,zero_sales_with_available_stock(max_stock=422.4>threshold=1.0),55.0,55.0,seasonal_naive,seasonal_naive
854,202-18,2025-07,0.0,"start=422.4,end=422.4,max=422.4",NORMAL_ZERO_DEMAND,zero_sales_with_available_stock(max_stock=422.4>threshold=1.0),55.0,55.0,seasonal_naive,seasonal_naive
854,202-18,2025-08,0.0,"start=422.4,end=422.4,max=422.4",NORMAL_ZERO_DEMAND,zero_sales_with_available_stock(max_stock=422.4>threshold=1.0),55.0,55.0,seasonal_naive,seasonal_naive
854,202-18,2025-09,1.0,"start=422.4,end=421.4,max=429.4",NORMAL_DEMAND,positive_sales,55.0,55.0,seasonal_naive,seasonal_naive
854,202-18,2025-10,55.0,"start=421.4,end=337.6,max=476.2",NORMAL_DEMAND,positive_sales,55.0,55.0,seasonal_naive,seasonal_naive
854,202-18,2025-11,2.0,"start=337.6,end=331.6,max=339.6",NORMAL_DEMAND,positive_sales,55.0,55.0,seasonal_naive,seasonal_naive
854,202-18,2025-12,0.0,"start=331.6,end=331.6,max=331.6",NORMAL_ZERO_DEMAND,zero_sales_with_available_stock(max_stock=331.6>threshold=1.0),55.0,55.0,seasonal_naive,seasonal_naive
854,202-18,2026-01,40.0,"start=331.6,end=291.6,max=371.6",NORMAL_DEMAND,positive_sales,55.0,55.0,seasonal_naive,seasonal_naive
854,202-18,2026-02,0.0,"start=291.6,end=291.6,max=291.6",NORMAL_ZERO_DEMAND,zero_sales_with_available_stock(max_stock=291.6>threshold=1.0),55.0,55.0,seasonal_naive,seasonal_naive
854,202-18,2026-03,0.0,"start=291.6,end=291.6,max=291.6",NORMAL_ZERO_DEMAND,zero_sales_with_available_stock(max_stock=291.6>threshold=1.0),55.0,55.0,seasonal_naive,seasonal_naive
854,202-18,2026-04,0.0,"start=291.6,end=291.6,max=291.6",NORMAL_ZERO_DEMAND,zero_sales_with_available_stock(max_stock=291.6>threshold=1.0),55.0,55.0,seasonal_naive,seasonal_naive
854,202-18,2026-05,0.0,"start=291.6,end=291.6,max=291.6",NORMAL_ZERO_DEMAND,zero_sales_with_available_stock(max_stock=291.6>threshold=1.0),55.0,55.0,seasonal_naive,seasonal_naive
854,202-18,2026-06,0.0,"start=291.6,end=291.6,max=291.6",NORMAL_ZERO_DEMAND,zero_sales_with_available_stock(max_stock=291.6>threshold=1.0),55.0,55.0,seasonal_naive,seasonal_naive
854,202-18,2026-07,1.0,"start=291.6,end=290.6,max=292.6",NORMAL_DEMAND,positive_sales,55.0,55.0,seasonal_naive,seasonal_naive
854,202-18,2026-08,0.0,"start=290.6,end=290.6,max=290.6",NORMAL_ZERO_DEMAND,zero_sales_with_available_stock(max_stock=290.6>threshold=1.0),55.0,55.0,seasonal_naive,seasonal_naive
854,202-18,2026-09,0.0,"start=290.6,end=290.6,max=290.6",NORMAL_ZERO_DEMAND,zero_sales_with_available_stock(max_stock=290.6>threshold=1.0),55.0,55.0,seasonal_naive,seasonal_naive
8502,360-30,2023-09,8.0,"start=0.0,end=-8.0,max=-8.0",NORMAL_DEMAND,positive_sales,0.0,8.0,trimmed_mean_3,trimmed_mean_3
8502,360-30,2023-10,0.0,"start=-8.0,end=-8.0,max=-8.0",STOCKOUT_SUPPRESSED,zero_sales_with_depleted_stock(max_stock=-8.0<=threshold=1.0),0.0,8.0,trimmed_mean_3,trimmed_mean_3
8502,360-30,2023-11,0.0,"start=-8.0,end=-8.0,max=-8.0",STOCKOUT_SUPPRESSED,zero_sales_with_depleted_stock(max_stock=-8.0<=threshold=1.0),0.0,8.0,trimmed_mean_3,trimmed_mean_3
8502,360-30,2023-12,0.0,"start=-8.0,end=-8.0,max=-8.0",STOCKOUT_SUPPRESSED,zero_sales_with_depleted_stock(max_stock=-8.0<=threshold=1.0),0.0,8.0,trimmed_mean_3,trimmed_mean_3
8502,360-30,2024-01,0.0,"start=-8.0,end=-8.0,max=-8.0",STOCKOUT_SUPPRESSED,zero_sales_with_depleted_stock(max_stock=-8.0<=threshold=1.0),0.0,8.0,trimmed_mean_3,trimmed_mean_3
8502,360-30,2024-02,0.0,"start=-8.0,end=-8.0,max=-8.0",STOCKOUT_SUPPRESSED,zero_sales_with_depleted_stock(max_stock=-8.0<=threshold=1.0),0.0,8.0,trimmed_mean_3,trimmed_mean_3
8502,360-30,2024-03,0.0,"start=-8.0,end=-8.0,max=-8.0",STOCKOUT_SUPPRESSED,zero_sales_with_depleted_stock(max_stock=-8.0<=threshold=1.0),0.0,8.0,trimmed_mean_3,trimmed_mean_3
8502,360-30,2024-04,0.0,"start=-8.0,end=-8.0,max=-8.0",STOCKOUT_SUPPRESSED,zero_sales_with_depleted_stock(max_stock=-8.0<=threshold=1.0),0.0,8.0,trimmed_mean_3,trimmed_mean_3
8502,360-30,2024-05,0.0,"start=-8.0,end=-8.0,max=-8.0",STOCKOUT_SUPPRESSED,zero_sales_with_depleted_stock(max_stock=-8.0<=threshold=1.0),0.0,8.0,trimmed_mean_3,trimmed_mean_3
8502,360-30,2024-06,0.0,"start=-8.0,end=-8.0,max=-8.0",STOCKOUT_SUPPRESSED,zero_sales_with_depleted_stock(max_stock=-8.0<=threshold=1.0),0.0,8.0,trimmed_mean_3,trimmed_mean_3
8502,360-30,2024-07,0.0,"start=-8.0,end=-8.0,max=-8.0",STOCKOUT_SUPPRESSED,zero_sales_with_depleted_stock(max_stock=-8.0<=threshold=1.0),0.0,8.0,trimmed_mean_3,trimmed_mean_3
8502,360-30,2024-08,0.0,"start=-8.0,end=-8.0,max=-8.0",STOCKOUT_SUPPRESSED,zero_sales_with_depleted_stock(max_stock=-8.0<=threshold=1.0),0.0,8.0,trimmed_mean_3,trimmed_mean_3
8502,360-30,2024-09,0.0,"start=-8.0,end=-8.0,max=-8.0",STOCKOUT_SUPPRESSED,zero_sales_with_depleted_stock(max_stock=-8.0<=threshold=1.0),0.0,8.0,trimmed_mean_3,trimmed_mean_3
8502,360-30,2024-10,0.0,"start=-8.0,end=-8.0,max=-8.0",STOCKOUT_SUPPRESSED,zero_sales_with_depleted_stock(max_stock=-8.0<=threshold=1.0),0.0,8.0,trimmed_mean_3,trimmed_mean_3
8502,360-30,2024-11,0.0,"start=-8.0,end=-8.0,max=-8.0",STOCKOUT_SUPPRESSED,zero_sales_with_depleted_stock(max_stock=-8.0<=threshold=1.0),0.0,8.0,trimmed_mean_3,trimmed_mean_3
8502,360-30,2024-12,0.0,"start=-8.0,end=-8.0,max=-8.0",STOCKOUT_SUPPRESSED,zero_sales_with_depleted_stock(max_stock=-8.0<=threshold=1.0),0.0,8.0,trimmed_mean_3,trimmed_mean_3
8502,360-30,2025-01,0.0,"start=-8.0,end=-8.0,max=-8.0",STOCKOUT_SUPPRESSED,zero_sales_with_depleted_stock(max_stock=-8.0<=threshold=1.0),0.0,8.0,trimmed_mean_3,trimmed_mean_3
8502,360-30,2025-02,0.0,"start=-8.0,end=-8.0,max=-8.0",STOCKOUT_SUPPRESSED,zero_sales_with_depleted_stock(max_stock=-8.0<=threshold=1.0),0.0,8.0,trimmed_mean_3,trimmed_mean_3
8502,360-30,2025-03,0.0,"start=-8.0,end=-8.0,max=-8.0",STOCKOUT_SUPPRESSED,zero_sales_with_depleted_stock(max_stock=-8.0<=threshold=1.0),0.0,8.0,trimmed_mean_3,trimmed_mean_3
8502,360-30,2025-04,0.0,"start=-8.0,end=-8.0,max=-8.0",STOCKOUT_SUPPRESSED,zero_sales_with_depleted_stock(max_stock=-8.0<=threshold=1.0),0.0,8.0,trimmed_mean_3,trimmed_mean_3
8502,360-30,2025-05,0.0,"start=-8.0,end=-8.0,max=-8.0",STOCKOUT_SUPPRESSED,zero_sales_with_depleted_stock(max_stock=-8.0<=threshold=1.0),0.0,8.0,trimmed_mean_3,trimmed_mean_3
8502,360-30,2025-06,0.0,"start=-8.0,end=-8.0,max=-8.0",STOCKOUT_SUPPRESSED,zero_sales_with_depleted_stock(max_stock=-8.0<=threshold=1.0),0.0,8.0,trimmed_mean_3,trimmed_mean_3
8502,360-30,2025-07,0.0,"start=-8.0,end=-8.0,max=-8.0",STOCKOUT_SUPPRESSED,zero_sales_with_depleted_stock(max_stock=-8.0<=threshold=1.0),0.0,8.0,trimmed_mean_3,trimmed_mean_3
8502,360-30,2025-08,0.0,"start=-8.0,end=-8.0,max=-8.0",STOCKOUT_SUPPRESSED,zero_sales_with_depleted_stock(max_stock=-8.0<=threshold=1.0),0.0,8.0,trimmed_mean_3,trimmed_mean_3
8502,360-30,2025-09,0.0,"start=-8.0,end=-8.0,max=-8.0",STOCKOUT_SUPPRESSED,zero_sales_with_depleted_stock(max_stock=-8.0<=threshold=1.0),0.0,8.0,trimmed_mean_3,trimmed_mean_3
8502,360-30,2025-10,0.0,"start=-8.0,end=-8.0,max=-8.0",STOCKOUT_SUPPRESSED,zero_sales_with_depleted_stock(max_stock=-8.0<=threshold=1.0),0.0,8.0,trimmed_mean_3,trimmed_mean_3
8502,360-30,2025-11,0.0,"start=-8.0,end=-8.0,max=-8.0",STOCKOUT_SUPPRESSED,zero_sales_with_depleted_stock(max_stock=-8.0<=threshold=1.0),0.0,8.0,trimmed_mean_3,trimmed_mean_3
8502,360-30,2025-12,0.0,"start=-8.0,end=-8.0,max=-8.0",STOCKOUT_SUPPRESSED,zero_sales_with_depleted_stock(max_stock=-8.0<=threshold=1.0),0.0,8.0,trimmed_mean_3,trimmed_mean_3
8502,360-30,2026-01,0.0,"start=-8.0,end=-8.0,max=-8.0",STOCKOUT_SUPPRESSED,zero_sales_with_depleted_stock(max_stock=-8.0<=threshold=1.0),0.0,8.0,trimmed_mean_3,trimmed_mean_3
8502,360-30,2026-02,0.0,"start=-8.0,end=-8.0,max=-8.0",STOCKOUT_SUPPRESSED,zero_sales_with_depleted_stock(max_stock=-8.0<=threshold=1.0),0.0,8.0,trimmed_mean_3,trimmed_mean_3
8502,360-30,2026-03,0.0,"start=-8.0,end=-8.0,max=-8.0",STOCKOUT_SUPPRESSED,zero_sales_with_depleted_stock(max_stock=-8.0<=threshold=1.0),0.0,8.0,trimmed_mean_3,trimmed_mean_3
8502,360-30,2026-04,0.0,"start=-8.0,end=-8.0,max=-8.0",STOCKOUT_SUPPRESSED,zero_sales_with_depleted_stock(max_stock=-8.0<=threshold=1.0),0.0,8.0,trimmed_mean_3,trimmed_mean_3
8502,360-30,2026-05,0.0,"start=-8.0,end=-8.0,max=-8.0",STOCKOUT_SUPPRESSED,zero_sales_with_depleted_stock(max_stock=-8.0<=threshold=1.0),0.0,8.0,trimmed_mean_3,trimmed_mean_3
8502,360-30,2026-06,0.0,"start=-8.0,end=-8.0,max=-8.0",STOCKOUT_SUPPRESSED,zero_sales_with_depleted_stock(max_stock=-8.0<=threshold=1.0),0.0,8.0,trimmed_mean_3,trimmed_mean_3
8502,360-30,2026-07,0.0,"start=-8.0,end=-8.0,max=-8.0",STOCKOUT_SUPPRESSED,zero_sales_with_depleted_stock(max_stock=-8.0<=threshold=1.0),0.0,8.0,trimmed_mean_3,trimmed_mean_3
8502,360-30,2026-08,0.0,"start=-8.0,end=-8.0,max=-8.0",STOCKOUT_SUPPRESSED,zero_sales_with_depleted_stock(max_stock=-8.0<=threshold=1.0),0.0,8.0,trimmed_mean_3,trimmed_mean_3
8502,360-30,2026-09,0.0,"start=-8.0,end=-8.0,max=-8.0",STOCKOUT_SUPPRESSED,zero_sales_with_depleted_stock(max_stock=-8.0<=threshold=1.0),0.0,8.0,trimmed_mean_3,trimmed_mean_3
1882,301-02,2023-09,27.0,"start=452.1,end=425.1,max=425.1",NORMAL_DEMAND,positive_sales,0.0,0.0,trimmed_mean_3,trimmed_mean_3
1882,301-02,2023-10,16.0,"start=425.1,end=409.1,max=409.1",NORMAL_DEMAND,positive_sales,0.0,0.0,trimmed_mean_3,trimmed_mean_3
1882,301-02,2023-11,0.0,"start=409.1,end=409.1,max=409.1",NORMAL_ZERO_DEMAND,zero_sales_with_available_stock(max_stock=409.1>threshold=1.1),0.0,0.0,trimmed_mean_3,trimmed_mean_3
1882,301-02,2023-12,0.0,"start=409.1,end=409.1,max=409.1",NORMAL_ZERO_DEMAND,zero_sales_with_available_stock(max_stock=409.1>threshold=1.1),0.0,0.0,trimmed_mean_3,trimmed_mean_3
1882,301-02,2024-01,0.0,"start=409.1,end=409.1,max=409.1",NORMAL_ZERO_DEMAND,zero_sales_with_available_stock(max_stock=409.1>threshold=1.1),0.0,0.0,trimmed_mean_3,trimmed_mean_3
1882,301-02,2024-02,52.0,"start=409.1,end=357.1,max=357.1",NORMAL_DEMAND,positive_sales,0.0,0.0,trimmed_mean_3,trimmed_mean_3
1882,301-02,2024-03,0.0,"start=357.1,end=357.1,max=357.1",NORMAL_ZERO_DEMAND,zero_sales_with_available_stock(max_stock=357.1>threshold=1.1),0.0,0.0,trimmed_mean_3,trimmed_mean_3
1882,301-02,2024-04,0.0,"start=357.1,end=401.1,max=401.1",NORMAL_ZERO_DEMAND,zero_sales_with_available_stock(max_stock=401.1>threshold=1.1),0.0,0.0,trimmed_mean_3,trimmed_mean_3
1882,301-02,2024-05,0.0,"start=401.1,end=373.1,max=373.1",NORMAL_ZERO_DEMAND,zero_sales_with_available_stock(max_stock=373.1>threshold=1.1),0.0,0.0,trimmed_mean_3,trimmed_mean_3
1882,301-02,2024-06,0.0,"start=373.1,end=161.7,max=161.7",NORMAL_ZERO_DEMAND,zero_sales_with_available_stock(max_stock=161.7>threshold=1.1),0.0,0.0,trimmed_mean_3,trimmed_mean_3
1882,301-02,2024-07,0.0,"start=161.7,end=161.7,max=161.7",NORMAL_ZERO_DEMAND,zero_sales_with_available_stock(max_stock=161.7>threshold=1.1),0.0,0.0,trimmed_mean_3,trimmed_mean_3
1882,301-02,2024-08,0.0,"start=161.7,end=161.7,max=161.7",NORMAL_ZERO_DEMAND,zero_sales_with_available_stock(max_stock=161.7>threshold=1.1),0.0,0.0,trimmed_mean_3,trimmed_mean_3
1882,301-02,2024-09,0.0,"start=161.7,end=161.7,max=161.7",NORMAL_ZERO_DEMAND,zero_sales_with_available_stock(max_stock=161.7>threshold=1.1),0.0,0.0,trimmed_mean_3,trimmed_mean_3
1882,301-02,2024-10,0.0,"start=161.7,end=161.7,max=161.7",NORMAL_ZERO_DEMAND,zero_sales_with_available_stock(max_stock=161.7>threshold=1.1),0.0,0.0,trimmed_mean_3,trimmed_mean_3
1882,301-02,2024-11,0.0,"start=161.7,end=161.7,max=161.7",NORMAL_ZERO_DEMAND,zero_sales_with_available_stock(max_stock=161.7>threshold=1.1),0.0,0.0,trimmed_mean_3,trimmed_mean_3
1882,301-02,2024-12,0.0,"start=161.7,end=161.7,max=161.7",NORMAL_ZERO_DEMAND,zero_sales_with_available_stock(max_stock=161.7>threshold=1.1),0.0,0.0,trimmed_mean_3,trimmed_mean_3
1882,301-02,2025-01,3.5,"start=161.7,end=158.2,max=165.2",NORMAL_DEMAND,positive_sales,0.0,0.0,trimmed_mean_3,trimmed_mean_3
1882,301-02,2025-02,0.0,"start=158.2,end=158.2,max=158.2",NORMAL_ZERO_DEMAND,zero_sales_with_available_stock(max_stock=158.2>threshold=1.1),0.0,0.0,trimmed_mean_3,trimmed_mean_3
1882,301-02,2025-03,0.0,"start=158.2,end=158.2,max=158.2",NORMAL_ZERO_DEMAND,zero_sales_with_available_stock(max_stock=158.2>threshold=1.1),0.0,0.0,trimmed_mean_3,trimmed_mean_3
1882,301-02,2025-04,0.0,"start=158.2,end=158.2,max=158.2",NORMAL_ZERO_DEMAND,zero_sales_with_available_stock(max_stock=158.2>threshold=1.1),0.0,0.0,trimmed_mean_3,trimmed_mean_3
1882,301-02,2025-05,0.0,"start=158.2,end=158.2,max=158.2",NORMAL_ZERO_DEMAND,zero_sales_with_available_stock(max_stock=158.2>threshold=1.1),0.0,0.0,trimmed_mean_3,trimmed_mean_3
1882,301-02,2025-06,0.0,"start=158.2,end=158.2,max=158.2",NORMAL_ZERO_DEMAND,zero_sales_with_available_stock(max_stock=158.2>threshold=1.1),0.0,0.0,trimmed_mean_3,trimmed_mean_3
1882,301-02,2025-07,0.0,"start=158.2,end=158.2,max=158.2",NORMAL_ZERO_DEMAND,zero_sales_with_available_stock(max_stock=158.2>threshold=1.1),0.0,0.0,trimmed_mean_3,trimmed_mean_3
1882,301-02,2025-08,0.0,"start=158.2,end=158.2,max=158.2",NORMAL_ZERO_DEMAND,zero_sales_with_available_stock(max_stock=158.2>threshold=1.1),0.0,0.0,trimmed_mean_3,trimmed_mean_3
1882,301-02,2025-09,0.0,"start=158.2,end=158.2,max=158.2",NORMAL_ZERO_DEMAND,zero_sales_with_available_stock(max_stock=158.2>threshold=1.1),0.0,0.0,trimmed_mean_3,trimmed_mean_3
1882,301-02,2025-10,0.0,"start=158.2,end=158.2,max=158.2",NORMAL_ZERO_DEMAND,zero_sales_with_available_stock(max_stock=158.2>threshold=1.1),0.0,0.0,trimmed_mean_3,trimmed_mean_3
1882,301-02,2025-11,0.0,"start=158.2,end=158.2,max=158.2",NORMAL_ZERO_DEMAND,zero_sales_with_available_stock(max_stock=158.2>threshold=1.1),0.0,0.0,trimmed_mean_3,trimmed_mean_3
1882,301-02,2025-12,0.0,"start=158.2,end=158.2,max=158.2",NORMAL_ZERO_DEMAND,zero_sales_with_available_stock(max_stock=158.2>threshold=1.1),0.0,0.0,trimmed_mean_3,trimmed_mean_3
1882,301-02,2026-01,0.0,"start=158.2,end=158.2,max=158.2",NORMAL_ZERO_DEMAND,zero_sales_with_available_stock(max_stock=158.2>threshold=1.1),0.0,0.0,trimmed_mean_3,trimmed_mean_3
1882,301-02,2026-02,0.0,"start=158.2,end=158.2,max=158.2",NORMAL_ZERO_DEMAND,zero_sales_with_available_stock(max_stock=158.2>threshold=1.1),0.0,0.0,trimmed_mean_3,trimmed_mean_3
1882,301-02,2026-03,0.0,"start=158.2,end=158.2,max=158.2",NORMAL_ZERO_DEMAND,zero_sales_with_available_stock(max_stock=158.2>threshold=1.1),0.0,0.0,trimmed_mean_3,trimmed_mean_3
1882,301-02,2026-04,0.0,"start=158.2,end=158.2,max=158.2",NORMAL_ZERO_DEMAND,zero_sales_with_available_stock(max_stock=158.2>threshold=1.1),0.0,0.0,trimmed_mean_3,trimmed_mean_3
1882,301-02,2026-05,0.0,"start=158.2,end=158.2,max=158.2",NORMAL_ZERO_DEMAND,zero_sales_with_available_stock(max_stock=158.2>threshold=1.1),0.0,0.0,trimmed_mean_3,trimmed_mean_3
1882,301-02,2026-06,0.0,"start=158.2,end=158.2,max=158.2",NORMAL_ZERO_DEMAND,zero_sales_with_available_stock(max_stock=158.2>threshold=1.1),0.0,0.0,trimmed_mean_3,trimmed_mean_3
1882,301-02,2026-07,0.0,"start=158.2,end=158.2,max=158.2",NORMAL_ZERO_DEMAND,zero_sales_with_available_stock(max_stock=158.2>threshold=1.1),0.0,0.0,trimmed_mean_3,trimmed_mean_3
1882,301-02,2026-08,0.0,"start=158.2,end=158.2,max=158.2",NORMAL_ZERO_DEMAND,zero_sales_with_available_stock(max_stock=158.2>threshold=1.1),0.0,0.0,trimmed_mean_3,trimmed_mean_3
1882,301-02,2026-09,0.0,"start=158.2,end=158.2,max=158.2",NORMAL_ZERO_DEMAND,zero_sales_with_available_stock(max_stock=158.2>threshold=1.1),0.0,0.0,trimmed_mean_3,trimmed_mean_3
14403,394-27,2024-08,8.0,"start=312.0,end=297.5,max=305.5",NORMAL_DEMAND,positive_sales,90.0,90.0,seasonal_naive,seasonal_naive
14403,394-27,2024-09,0.0,"start=297.5,end=297.5,max=305.5",NORMAL_ZERO_DEMAND,zero_sales_with_available_stock(max_stock=305.5>threshold=1.0),90.0,90.0,seasonal_naive,seasonal_naive
14403,394-27,2024-10,0.0,"start=297.5,end=297.5,max=297.5",NORMAL_ZERO_DEMAND,zero_sales_with_available_stock(max_stock=297.5>threshold=1.0),90.0,90.0,seasonal_naive,seasonal_naive
14403,394-27,2024-11,0.0,"start=297.5,end=297.5,max=297.5",NORMAL_ZERO_DEMAND,zero_sales_with_available_stock(max_stock=297.5>threshold=1.0),90.0,90.0,seasonal_naive,seasonal_naive
14403,394-27,2024-12,0.0,"start=297.5,end=297.5,max=297.5",NORMAL_ZERO_DEMAND,zero_sales_with_available_stock(max_stock=297.5>threshold=1.0),90.0,90.0,seasonal_naive,seasonal_naive
14403,394-27,2025-01,0.0,"start=297.5,end=269.5,max=269.5",NORMAL_ZERO_DEMAND,zero_sales_with_available_stock(max_stock=269.5>threshold=1.0),90.0,90.0,seasonal_naive,seasonal_naive
14403,394-27,2025-02,0.0,"start=269.5,end=269.5,max=269.5",NORMAL_ZERO_DEMAND,zero_sales_with_available_stock(max_stock=269.5>threshold=1.0),90.0,90.0,seasonal_naive,seasonal_naive
14403,394-27,2025-03,0.0,"start=269.5,end=269.5,max=269.5",NORMAL_ZERO_DEMAND,zero_sales_with_available_stock(max_stock=269.5>threshold=1.0),90.0,90.0,seasonal_naive,seasonal_naive
14403,394-27,2025-04,10.0,"start=269.5,end=259.5,max=279.5",NORMAL_DEMAND,positive_sales,90.0,90.0,seasonal_naive,seasonal_naive
14403,394-27,2025-05,0.0,"start=259.5,end=259.5,max=259.5",NORMAL_ZERO_DEMAND,zero_sales_with_available_stock(max_stock=259.5>threshold=1.0),90.0,90.0,seasonal_naive,seasonal_naive
14403,394-27,2025-06,0.0,"start=259.5,end=259.5,max=259.5",NORMAL_ZERO_DEMAND,zero_sales_with_available_stock(max_stock=259.5>threshold=1.0),90.0,90.0,seasonal_naive,seasonal_naive
14403,394-27,2025-07,19.5,"start=259.5,end=240.0,max=270.5",NORMAL_DEMAND,positive_sales,90.0,90.0,seasonal_naive,seasonal_naive
14403,394-27,2025-08,61.0,"start=240.0,end=179.0,max=261.0",NORMAL_DEMAND,positive_sales,90.0,90.0,seasonal_naive,seasonal_naive
14403,394-27,2025-09,0.0,"start=179.0,end=179.0,max=179.0",NORMAL_ZERO_DEMAND,zero_sales_with_available_stock(max_stock=179.0>threshold=1.0),90.0,90.0,seasonal_naive,seasonal_naive
14403,394-27,2025-10,90.0,"start=179.0,end=942.3,max=1102.3",NORMAL_DEMAND,positive_sales,90.0,90.0,seasonal_naive,seasonal_naive
14403,394-27,2025-11,21.5,"start=942.3,end=911.8,max=951.3",NORMAL_DEMAND,positive_sales,90.0,90.0,seasonal_naive,seasonal_naive
14403,394-27,2025-12,0.0,"start=911.8,end=911.8,max=911.8",NORMAL_ZERO_DEMAND,zero_sales_with_available_stock(max_stock=911.8>threshold=1.0),90.0,90.0,seasonal_naive,seasonal_naive
14403,394-27,2026-01,0.0,"start=911.8,end=911.8,max=911.8",NORMAL_ZERO_DEMAND,zero_sales_with_available_stock(max_stock=911.8>threshold=1.0),90.0,90.0,seasonal_naive,seasonal_naive
14403,394-27,2026-02,8.5,"start=911.8,end=903.3,max=920.3",NORMAL_DEMAND,positive_sales,90.0,90.0,seasonal_naive,seasonal_naive
14403,394-27,2026-03,0.0,"start=903.3,end=903.3,max=903.3",NORMAL_ZERO_DEMAND,zero_sales_with_available_stock(max_stock=903.3>threshold=1.0),90.0,90.0,seasonal_naive,seasonal_naive
14403,394-27,2026-04,0.0,"start=903.3,end=903.3,max=903.3",NORMAL_ZERO_DEMAND,zero_sales_with_available_stock(max_stock=903.3>threshold=1.0),90.0,90.0,seasonal_naive,seasonal_naive
14403,394-27,2026-05,1.0,"start=903.3,end=902.3,max=904.3",NORMAL_DEMAND,positive_sales,90.0,90.0,seasonal_naive,seasonal_naive
14403,394-27,2026-06,0.0,"start=902.3,end=902.3,max=902.3",NORMAL_ZERO_DEMAND,zero_sales_with_available_stock(max_stock=902.3>threshold=1.0),90.0,90.0,seasonal_naive,seasonal_naive
14403,394-27,2026-07,0.0,"start=902.3,end=902.3,max=902.3",NORMAL_ZERO_DEMAND,zero_sales_with_available_stock(max_stock=902.3>threshold=1.0),90.0,90.0,seasonal_naive,seasonal_naive
14403,394-27,2026-08,591.0,"start=902.3,end=292.8,max=971.4",NORMAL_DEMAND,positive_sales,90.0,90.0,seasonal_naive,seasonal_naive
14403,394-27,2026-09,0.0,"start=292.8,end=292.8,max=292.8",NORMAL_ZERO_DEMAND,zero_sales_with_available_stock(max_stock=292.8>threshold=1.0),90.0,90.0,seasonal_naive,seasonal_naive
273,344-06,2023-08,41.5,"start=833.8,end=787.8,max=812.3",NORMAL_DEMAND,positive_sales,0.0,0.0,seasonal_naive,seasonal_naive
273,344-06,2023-09,0.0,"start=787.8,end=787.8,max=787.8",NORMAL_ZERO_DEMAND,zero_sales_with_available_stock(max_stock=787.8>threshold=1.0),0.0,0.0,seasonal_naive,seasonal_naive
273,344-06,2023-10,0.0,"start=787.8,end=792.8,max=792.8",NORMAL_ZERO_DEMAND,zero_sales_with_available_stock(max_stock=792.8>threshold=1.0),0.0,0.0,seasonal_naive,seasonal_naive
273,344-06,2023-11,0.0,"start=792.8,end=792.8,max=792.8",NORMAL_ZERO_DEMAND,zero_sales_with_available_stock(max_stock=792.8>threshold=1.0),0.0,0.0,seasonal_naive,seasonal_naive
273,344-06,2023-12,0.0,"start=792.8,end=792.8,max=792.8",NORMAL_ZERO_DEMAND,zero_sales_with_available_stock(max_stock=792.8>threshold=1.0),0.0,0.0,seasonal_naive,seasonal_naive
273,344-06,2024-01,0.0,"start=792.8,end=792.8,max=792.8",NORMAL_ZERO_DEMAND,zero_sales_with_available_stock(max_stock=792.8>threshold=1.0),0.0,0.0,seasonal_naive,seasonal_naive
273,344-06,2024-02,0.0,"start=792.8,end=692.8,max=692.8",NORMAL_ZERO_DEMAND,zero_sales_with_available_stock(max_stock=692.8>threshold=1.0),0.0,0.0,seasonal_naive,seasonal_naive
273,344-06,2024-03,0.0,"start=692.8,end=692.8,max=692.8",NORMAL_ZERO_DEMAND,zero_sales_with_available_stock(max_stock=692.8>threshold=1.0),0.0,0.0,seasonal_naive,seasonal_naive
273,344-06,2024-04,0.0,"start=692.8,end=692.8,max=692.8",NORMAL_ZERO_DEMAND,zero_sales_with_available_stock(max_stock=692.8>threshold=1.0),0.0,0.0,seasonal_naive,seasonal_naive
273,344-06,2024-05,0.0,"start=692.8,end=692.8,max=692.8",NORMAL_ZERO_DEMAND,zero_sales_with_available_stock(max_stock=692.8>threshold=1.0),0.0,0.0,seasonal_naive,seasonal_naive
273,344-06,2024-06,0.0,"start=692.8,end=692.8,max=692.8",NORMAL_ZERO_DEMAND,zero_sales_with_available_stock(max_stock=692.8>threshold=1.0),0.0,0.0,seasonal_naive,seasonal_naive
273,344-06,2024-07,0.0,"start=692.8,end=692.8,max=692.8",NORMAL_ZERO_DEMAND,zero_sales_with_available_stock(max_stock=692.8>threshold=1.0),0.0,0.0,seasonal_naive,seasonal_naive
273,344-06,2024-08,0.0,"start=692.8,end=692.8,max=692.8",NORMAL_ZERO_DEMAND,zero_sales_with_available_stock(max_stock=692.8>threshold=1.0),0.0,0.0,seasonal_naive,seasonal_naive
273,344-06,2024-09,0.0,"start=692.8,end=692.8,max=692.8",NORMAL_ZERO_DEMAND,zero_sales_with_available_stock(max_stock=692.8>threshold=1.0),0.0,0.0,seasonal_naive,seasonal_naive
273,344-06,2024-10,0.0,"start=692.8,end=692.8,max=692.8",NORMAL_ZERO_DEMAND,zero_sales_with_available_stock(max_stock=692.8>threshold=1.0),0.0,0.0,seasonal_naive,seasonal_naive
273,344-06,2024-11,0.0,"start=692.8,end=692.8,max=692.8",NORMAL_ZERO_DEMAND,zero_sales_with_available_stock(max_stock=692.8>threshold=1.0),0.0,0.0,seasonal_naive,seasonal_naive
273,344-06,2024-12,0.0,"start=692.8,end=692.8,max=692.8",NORMAL_ZERO_DEMAND,zero_sales_with_available_stock(max_stock=692.8>threshold=1.0),0.0,0.0,seasonal_naive,seasonal_naive
273,344-06,2025-01,0.0,"start=692.8,end=692.8,max=692.8",NORMAL_ZERO_DEMAND,zero_sales_with_available_stock(max_stock=692.8>threshold=1.0),0.0,0.0,seasonal_naive,seasonal_naive
273,344-06,2025-02,0.0,"start=692.8,end=692.8,max=692.8",NORMAL_ZERO_DEMAND,zero_sales_with_available_stock(max_stock=692.8>threshold=1.0),0.0,0.0,seasonal_naive,seasonal_naive
273,344-06,2025-03,0.0,"start=692.8,end=692.8,max=692.8",NORMAL_ZERO_DEMAND,zero_sales_with_available_stock(max_stock=692.8>threshold=1.0),0.0,0.0,seasonal_naive,seasonal_naive
273,344-06,2025-04,0.0,"start=692.8,end=692.8,max=692.8",NORMAL_ZERO_DEMAND,zero_sales_with_available_stock(max_stock=692.8>threshold=1.0),0.0,0.0,seasonal_naive,seasonal_naive
273,344-06,2025-05,0.0,"start=692.8,end=692.8,max=692.8",NORMAL_ZERO_DEMAND,zero_sales_with_available_stock(max_stock=692.8>threshold=1.0),0.0,0.0,seasonal_naive,seasonal_naive
273,344-06,2025-06,2.0,"start=692.8,end=690.8,max=694.8",NORMAL_DEMAND,positive_sales,0.0,0.0,seasonal_naive,seasonal_naive
273,344-06,2025-07,0.0,"start=690.8,end=690.8,max=690.8",NORMAL_ZERO_DEMAND,zero_sales_with_available_stock(max_stock=690.8>threshold=1.0),0.0,0.0,seasonal_naive,seasonal_naive
273,344-06,2025-08,0.0,"start=690.8,end=690.8,max=690.8",NORMAL_ZERO_DEMAND,zero_sales_with_available_stock(max_stock=690.8>threshold=1.0),0.0,0.0,seasonal_naive,seasonal_naive
273,344-06,2025-09,25.0,"start=690.8,end=665.8,max=715.8",NORMAL_DEMAND,positive_sales,0.0,0.0,seasonal_naive,seasonal_naive
273,344-06,2025-10,0.0,"start=665.8,end=665.8,max=665.8",NORMAL_ZERO_DEMAND,zero_sales_with_available_stock(max_stock=665.8>threshold=1.0),0.0,0.0,seasonal_naive,seasonal_naive
273,344-06,2025-11,7.0,"start=665.8,end=658.8,max=672.8",NORMAL_DEMAND,positive_sales,0.0,0.0,seasonal_naive,seasonal_naive
273,344-06,2025-12,0.0,"start=658.8,end=658.8,max=658.8",NORMAL_ZERO_DEMAND,zero_sales_with_available_stock(max_stock=658.8>threshold=1.0),0.0,0.0,seasonal_naive,seasonal_naive
273,344-06,2026-01,0.0,"start=658.8,end=658.8,max=658.8",NORMAL_ZERO_DEMAND,zero_sales_with_available_stock(max_stock=658.8>threshold=1.0),0.0,0.0,seasonal_naive,seasonal_naive
273,344-06,2026-02,0.0,"start=658.8,end=658.8,max=658.8",NORMAL_ZERO_DEMAND,zero_sales_with_available_stock(max_stock=658.8>threshold=1.0),0.0,0.0,seasonal_naive,seasonal_naive
273,344-06,2026-03,0.0,"start=658.8,end=658.8,max=658.8",NORMAL_ZERO_DEMAND,zero_sales_with_available_stock(max_stock=658.8>threshold=1.0),0.0,0.0,seasonal_naive,seasonal_naive
273,344-06,2026-04,0.0,"start=658.8,end=658.8,max=658.8",NORMAL_ZERO_DEMAND,zero_sales_with_available_stock(max_stock=658.8>threshold=1.0),0.0,0.0,seasonal_naive,seasonal_naive
273,344-06,2026-05,0.0,"start=658.8,end=658.8,max=658.8",NORMAL_ZERO_DEMAND,zero_sales_with_available_stock(max_stock=658.8>threshold=1.0),0.0,0.0,seasonal_naive,seasonal_naive
273,344-06,2026-06,0.0,"start=658.8,end=658.8,max=658.8",NORMAL_ZERO_DEMAND,zero_sales_with_available_stock(max_stock=658.8>threshold=1.0),0.0,0.0,seasonal_naive,seasonal_naive
273,344-06,2026-07,10.5,"start=658.8,end=648.3,max=669.3",NORMAL_DEMAND,positive_sales,0.0,0.0,seasonal_naive,seasonal_naive
273,344-06,2026-08,0.0,"start=648.3,end=648.3,max=648.3",NORMAL_ZERO_DEMAND,zero_sales_with_available_stock(max_stock=648.3>threshold=1.0),0.0,0.0,seasonal_naive,seasonal_naive
273,344-06,2026-09,2.5,"start=648.3,end=645.8,max=650.8",NORMAL_DEMAND,positive_sales,0.0,0.0,seasonal_naive,seasonal_naive
176,345-65,2023-07,11.0,"start=306.0,end=295.0,max=295.0",NORMAL_DEMAND,positive_sales,0.0,0.0,trimmed_mean_3,trimmed_mean_3
176,345-65,2023-08,0.0,"start=295.0,end=295.0,max=295.0",NORMAL_ZERO_DEMAND,zero_sales_with_available_stock(max_stock=295.0>threshold=1.3),0.0,0.0,trimmed_mean_3,trimmed_mean_3
176,345-65,2023-09,26.0,"start=295.0,end=269.0,max=277.0",NORMAL_DEMAND,positive_sales,0.0,0.0,trimmed_mean_3,trimmed_mean_3
176,345-65,2023-10,0.0,"start=269.0,end=381.6,max=381.6",NORMAL_ZERO_DEMAND,zero_sales_with_available_stock(max_stock=381.6>threshold=1.3),0.0,0.0,trimmed_mean_3,trimmed_mean_3
176,345-65,2023-11,0.0,"start=381.6,end=381.6,max=381.6",NORMAL_ZERO_DEMAND,zero_sales_with_available_stock(max_stock=381.6>threshold=1.3),0.0,0.0,trimmed_mean_3,trimmed_mean_3
176,345-65,2023-12,63.0,"start=381.6,end=318.6,max=381.6",NORMAL_DEMAND,positive_sales,0.0,0.0,trimmed_mean_3,trimmed_mean_3
176,345-65,2024-01,0.0,"start=318.6,end=286.8,max=286.8",NORMAL_ZERO_DEMAND,zero_sales_with_available_stock(max_stock=286.8>threshold=1.3),0.0,0.0,trimmed_mean_3,trimmed_mean_3
176,345-65,2024-02,0.0,"start=286.8,end=350.8,max=350.8",NORMAL_ZERO_DEMAND,zero_sales_with_available_stock(max_stock=350.8>threshold=1.3),0.0,0.0,trimmed_mean_3,trimmed_mean_3
176,345-65,2024-03,0.0,"start=350.8,end=350.8,max=350.8",NORMAL_ZERO_DEMAND,zero_sales_with_available_stock(max_stock=350.8>threshold=1.3),0.0,0.0,trimmed_mean_3,trimmed_mean_3
176,345-65,2024-04,0.0,"start=350.8,end=350.8,max=350.8",NORMAL_ZERO_DEMAND,zero_sales_with_available_stock(max_stock=350.8>threshold=1.3),0.0,0.0,trimmed_mean_3,trimmed_mean_3
176,345-65,2024-05,0.0,"start=350.8,end=338.8,max=338.8",NORMAL_ZERO_DEMAND,zero_sales_with_available_stock(max_stock=338.8>threshold=1.3),0.0,0.0,trimmed_mean_3,trimmed_mean_3
176,345-65,2024-06,0.0,"start=338.8,end=397.8,max=397.8",NORMAL_ZERO_DEMAND,zero_sales_with_available_stock(max_stock=397.8>threshold=1.3),0.0,0.0,trimmed_mean_3,trimmed_mean_3
176,345-65,2024-07,0.0,"start=397.8,end=397.8,max=397.8",NORMAL_ZERO_DEMAND,zero_sales_with_available_stock(max_stock=397.8>threshold=1.3),0.0,0.0,trimmed_mean_3,trimmed_mean_3
176,345-65,2024-08,0.0,"start=397.8,end=442.8,max=442.8",NORMAL_ZERO_DEMAND,zero_sales_with_available_stock(max_stock=442.8>threshold=1.3),0.0,0.0,trimmed_mean_3,trimmed_mean_3
176,345-65,2024-09,0.0,"start=442.8,end=442.8,max=442.8",NORMAL_ZERO_DEMAND,zero_sales_with_available_stock(max_stock=442.8>threshold=1.3),0.0,0.0,trimmed_mean_3,trimmed_mean_3
176,345-65,2024-10,0.0,"start=442.8,end=442.8,max=442.8",NORMAL_ZERO_DEMAND,zero_sales_with_available_stock(max_stock=442.8>threshold=1.3),0.0,0.0,trimmed_mean_3,trimmed_mean_3
176,345-65,2024-11,0.0,"start=442.8,end=442.8,max=442.8",NORMAL_ZERO_DEMAND,zero_sales_with_available_stock(max_stock=442.8>threshold=1.3),0.0,0.0,trimmed_mean_3,trimmed_mean_3
176,345-65,2024-12,0.0,"start=442.8,end=442.8,max=442.8",NORMAL_ZERO_DEMAND,zero_sales_with_available_stock(max_stock=442.8>threshold=1.3),0.0,0.0,trimmed_mean_3,trimmed_mean_3
176,345-65,2025-01,0.0,"start=442.8,end=442.8,max=442.8",NORMAL_ZERO_DEMAND,zero_sales_with_available_stock(max_stock=442.8>threshold=1.3),0.0,0.0,trimmed_mean_3,trimmed_mean_3
176,345-65,2025-02,0.0,"start=442.8,end=442.8,max=442.8",NORMAL_ZERO_DEMAND,zero_sales_with_available_stock(max_stock=442.8>threshold=1.3),0.0,0.0,trimmed_mean_3,trimmed_mean_3
176,345-65,2025-03,0.0,"start=442.8,end=442.8,max=442.8",NORMAL_ZERO_DEMAND,zero_sales_with_available_stock(max_stock=442.8>threshold=1.3),0.0,0.0,trimmed_mean_3,trimmed_mean_3
176,345-65,2025-04,0.0,"start=442.8,end=419.3,max=419.3",NORMAL_ZERO_DEMAND,zero_sales_with_available_stock(max_stock=419.3>threshold=1.3),0.0,0.0,trimmed_mean_3,trimmed_mean_3
176,345-65,2025-05,0.0,"start=419.3,end=419.3,max=419.3",NORMAL_ZERO_DEMAND,zero_sales_with_available_stock(max_stock=419.3>threshold=1.3),0.0,0.0,trimmed_mean_3,trimmed_mean_3
176,345-65,2025-06,0.0,"start=419.3,end=419.3,max=419.3",NORMAL_ZERO_DEMAND,zero_sales_with_available_stock(max_stock=419.3>threshold=1.3),0.0,0.0,trimmed_mean_3,trimmed_mean_3
176,345-65,2025-07,0.0,"start=419.3,end=419.3,max=419.3",NORMAL_ZERO_DEMAND,zero_sales_with_available_stock(max_stock=419.3>threshold=1.3),0.0,0.0,trimmed_mean_3,trimmed_mean_3
176,345-65,2025-08,0.0,"start=419.3,end=419.3,max=419.3",NORMAL_ZERO_DEMAND,zero_sales_with_available_stock(max_stock=419.3>threshold=1.3),0.0,0.0,trimmed_mean_3,trimmed_mean_3
176,345-65,2025-09,0.0,"start=419.3,end=419.3,max=419.3",NORMAL_ZERO_DEMAND,zero_sales_with_available_stock(max_stock=419.3>threshold=1.3),0.0,0.0,trimmed_mean_3,trimmed_mean_3
176,345-65,2025-10,0.0,"start=419.3,end=419.3,max=419.3",NORMAL_ZERO_DEMAND,zero_sales_with_available_stock(max_stock=419.3>threshold=1.3),0.0,0.0,trimmed_mean_3,trimmed_mean_3
176,345-65,2025-11,0.0,"start=419.3,end=419.3,max=419.3",NORMAL_ZERO_DEMAND,zero_sales_with_available_stock(max_stock=419.3>threshold=1.3),0.0,0.0,trimmed_mean_3,trimmed_mean_3
176,345-65,2025-12,0.0,"start=419.3,end=419.3,max=419.3",NORMAL_ZERO_DEMAND,zero_sales_with_available_stock(max_stock=419.3>threshold=1.3),0.0,0.0,trimmed_mean_3,trimmed_mean_3
176,345-65,2026-01,0.0,"start=419.3,end=419.3,max=419.3",NORMAL_ZERO_DEMAND,zero_sales_with_available_stock(max_stock=419.3>threshold=1.3),0.0,0.0,trimmed_mean_3,trimmed_mean_3
176,345-65,2026-02,0.0,"start=419.3,end=419.3,max=419.3",NORMAL_ZERO_DEMAND,zero_sales_with_available_stock(max_stock=419.3>threshold=1.3),0.0,0.0,trimmed_mean_3,trimmed_mean_3
176,345-65,2026-03,0.0,"start=419.3,end=419.3,max=419.3",NORMAL_ZERO_DEMAND,zero_sales_with_available_stock(max_stock=419.3>threshold=1.3),0.0,0.0,trimmed_mean_3,trimmed_mean_3
176,345-65,2026-04,0.0,"start=419.3,end=419.3,max=419.3",NORMAL_ZERO_DEMAND,zero_sales_with_available_stock(max_stock=419.3>threshold=1.3),0.0,0.0,trimmed_mean_3,trimmed_mean_3
176,345-65,2026-05,0.0,"start=419.3,end=419.3,max=419.3",NORMAL_ZERO_DEMAND,zero_sales_with_available_stock(max_stock=419.3>threshold=1.3),0.0,0.0,trimmed_mean_3,trimmed_mean_3
176,345-65,2026-06,0.0,"start=419.3,end=419.3,max=419.3",NORMAL_ZERO_DEMAND,zero_sales_with_available_stock(max_stock=419.3>threshold=1.3),0.0,0.0,trimmed_mean_3,trimmed_mean_3
176,345-65,2026-07,0.0,"start=419.3,end=419.3,max=419.3",NORMAL_ZERO_DEMAND,zero_sales_with_available_stock(max_stock=419.3>threshold=1.3),0.0,0.0,trimmed_mean_3,trimmed_mean_3
176,345-65,2026-08,0.0,"start=419.3,end=419.3,max=419.3",NORMAL_ZERO_DEMAND,zero_sales_with_available_stock(max_stock=419.3>threshold=1.3),0.0,0.0,trimmed_mean_3,trimmed_mean_3
176,345-65,2026-09,0.0,"start=419.3,end=419.3,max=419.3",NORMAL_ZERO_DEMAND,zero_sales_with_available_stock(max_stock=419.3>threshold=1.3),0.0,0.0,trimmed_mean_3,trimmed_mean_3
15820,407-44,2024-04,27.0,"start=0.0,end=36.6,max=63.6",NORMAL_DEMAND,positive_sales,0.0,0.0,trimmed_mean_3,trimmed_mean_3
15820,407-44,2024-05,0.0,"start=36.6,end=36.6,max=36.6",NORMAL_ZERO_DEMAND,zero_sales_with_available_stock(max_stock=36.6>threshold=1.0),0.0,0.0,trimmed_mean_3,trimmed_mean_3
15820,407-44,2024-06,0.0,"start=36.6,end=36.6,max=36.6",NORMAL_ZERO_DEMAND,zero_sales_with_available_stock(max_stock=36.6>threshold=1.0),0.0,0.0,trimmed_mean_3,trimmed_mean_3
15820,407-44,2024-07,0.0,"start=36.6,end=36.6,max=36.6",NORMAL_ZERO_DEMAND,zero_sales_with_available_stock(max_stock=36.6>threshold=1.0),0.0,0.0,trimmed_mean_3,trimmed_mean_3
15820,407-44,2024-08,0.0,"start=36.6,end=35.0,max=35.0",NORMAL_ZERO_DEMAND,zero_sales_with_available_stock(max_stock=35.0>threshold=1.0),0.0,0.0,trimmed_mean_3,trimmed_mean_3
15820,407-44,2024-09,0.0,"start=35.0,end=35.0,max=35.0",NORMAL_ZERO_DEMAND,zero_sales_with_available_stock(max_stock=35.0>threshold=1.0),0.0,0.0,trimmed_mean_3,trimmed_mean_3
15820,407-44,2024-10,0.0,"start=35.0,end=35.0,max=35.0",NORMAL_ZERO_DEMAND,zero_sales_with_available_stock(max_stock=35.0>threshold=1.0),0.0,0.0,trimmed_mean_3,trimmed_mean_3
15820,407-44,2024-11,0.0,"start=35.0,end=35.0,max=35.0",NORMAL_ZERO_DEMAND,zero_sales_with_available_stock(max_stock=35.0>threshold=1.0),0.0,0.0,trimmed_mean_3,trimmed_mean_3
15820,407-44,2024-12,0.0,"start=35.0,end=35.0,max=35.0",NORMAL_ZERO_DEMAND,zero_sales_with_available_stock(max_stock=35.0>threshold=1.0),0.0,0.0,trimmed_mean_3,trimmed_mean_3
15820,407-44,2025-01,0.0,"start=35.0,end=35.0,max=35.0",NORMAL_ZERO_DEMAND,zero_sales_with_available_stock(max_stock=35.0>threshold=1.0),0.0,0.0,trimmed_mean_3,trimmed_mean_3
15820,407-44,2025-02,0.0,"start=35.0,end=35.0,max=35.0",NORMAL_ZERO_DEMAND,zero_sales_with_available_stock(max_stock=35.0>threshold=1.0),0.0,0.0,trimmed_mean_3,trimmed_mean_3
15820,407-44,2025-03,8.0,"start=35.0,end=27.0,max=43.0",NORMAL_DEMAND,positive_sales,0.0,0.0,trimmed_mean_3,trimmed_mean_3
15820,407-44,2025-04,0.0,"start=27.0,end=27.0,max=27.0",NORMAL_ZERO_DEMAND,zero_sales_with_available_stock(max_stock=27.0>threshold=1.0),0.0,0.0,trimmed_mean_3,trimmed_mean_3
15820,407-44,2025-05,0.0,"start=27.0,end=27.0,max=27.0",NORMAL_ZERO_DEMAND,zero_sales_with_available_stock(max_stock=27.0>threshold=1.0),0.0,0.0,trimmed_mean_3,trimmed_mean_3
15820,407-44,2025-06,0.0,"start=27.0,end=75.0,max=75.0",NORMAL_ZERO_DEMAND,zero_sales_with_available_stock(max_stock=75.0>threshold=1.0),0.0,0.0,trimmed_mean_3,trimmed_mean_3
15820,407-44,2025-07,0.0,"start=75.0,end=75.0,max=75.0",NORMAL_ZERO_DEMAND,zero_sales_with_available_stock(max_stock=75.0>threshold=1.0),0.0,0.0,trimmed_mean_3,trimmed_mean_3
15820,407-44,2025-08,1.0,"start=75.0,end=74.0,max=76.0",NORMAL_DEMAND,positive_sales,0.0,0.0,trimmed_mean_3,trimmed_mean_3
15820,407-44,2025-09,0.0,"start=74.0,end=74.0,max=74.0",NORMAL_ZERO_DEMAND,zero_sales_with_available_stock(max_stock=74.0>threshold=1.0),0.0,0.0,trimmed_mean_3,trimmed_mean_3
15820,407-44,2025-10,5.0,"start=74.0,end=69.0,max=77.0",NORMAL_DEMAND,positive_sales,0.0,0.0,trimmed_mean_3,trimmed_mean_3
15820,407-44,2025-11,0.0,"start=69.0,end=69.0,max=69.0",NORMAL_ZERO_DEMAND,zero_sales_with_available_stock(max_stock=69.0>threshold=1.0),0.0,0.0,trimmed_mean_3,trimmed_mean_3
15820,407-44,2025-12,0.0,"start=69.0,end=69.0,max=69.0",NORMAL_ZERO_DEMAND,zero_sales_with_available_stock(max_stock=69.0>threshold=1.0),0.0,0.0,trimmed_mean_3,trimmed_mean_3
15820,407-44,2026-01,0.0,"start=69.0,end=69.0,max=69.0",NORMAL_ZERO_DEMAND,zero_sales_with_available_stock(max_stock=69.0>threshold=1.0),0.0,0.0,trimmed_mean_3,trimmed_mean_3
15820,407-44,2026-02,0.0,"start=69.0,end=69.0,max=69.0",NORMAL_ZERO_DEMAND,zero_sales_with_available_stock(max_stock=69.0>threshold=1.0),0.0,0.0,trimmed_mean_3,trimmed_mean_3
15820,407-44,2026-03,0.0,"start=69.0,end=69.0,max=69.0",NORMAL_ZERO_DEMAND,zero_sales_with_available_stock(max_stock=69.0>threshold=1.0),0.0,0.0,trimmed_mean_3,trimmed_mean_3
15820,407-44,2026-04,0.0,"start=69.0,end=69.0,max=69.0",NORMAL_ZERO_DEMAND,zero_sales_with_available_stock(max_stock=69.0>threshold=1.0),0.0,0.0,trimmed_mean_3,trimmed_mean_3
15820,407-44,2026-05,0.0,"start=69.0,end=69.0,max=69.0",NORMAL_ZERO_DEMAND,zero_sales_with_available_stock(max_stock=69.0>threshold=1.0),0.0,0.0,trimmed_mean_3,trimmed_mean_3
15820,407-44,2026-06,0.0,"start=69.0,end=69.0,max=69.0",NORMAL_ZERO_DEMAND,zero_sales_with_available_stock(max_stock=69.0>threshold=1.0),0.0,0.0,trimmed_mean_3,trimmed_mean_3
15820,407-44,2026-07,0.0,"start=69.0,end=69.0,max=69.0",NORMAL_ZERO_DEMAND,zero_sales_with_available_stock(max_stock=69.0>threshold=1.0),0.0,0.0,trimmed_mean_3,trimmed_mean_3
15820,407-44,2026-08,0.0,"start=69.0,end=69.0,max=69.0",NORMAL_ZERO_DEMAND,zero_sales_with_available_stock(max_stock=69.0>threshold=1.0),0.0,0.0,trimmed_mean_3,trimmed_mean_3
15820,407-44,2026-09,0.0,"start=69.0,end=69.0,max=69.0",NORMAL_ZERO_DEMAND,zero_sales_with_available_stock(max_stock=69.0>threshold=1.0),0.0,0.0,trimmed_mean_3,trimmed_mean_3
790,324-53,2023-06,12.0,"start=456.0,end=444.0,max=444.0",NORMAL_DEMAND,positive_sales,0.0,0.0,trimmed_mean_3,trimmed_mean_3
790,324-53,2023-07,130.0,"start=444.0,end=314.0,max=444.0",NORMAL_DEMAND,positive_sales,0.0,0.0,trimmed_mean_3,trimmed_mean_3
790,324-53,2023-08,0.0,"start=314.0,end=314.0,max=314.0",NORMAL_ZERO_DEMAND,zero_sales_with_available_stock(max_stock=314.0>threshold=1.1),0.0,0.0,trimmed_mean_3,trimmed_mean_3
790,324-53,2023-09,0.0,"start=314.0,end=314.0,max=314.0",NORMAL_ZERO_DEMAND,zero_sales_with_available_stock(max_stock=314.0>threshold=1.1),0.0,0.0,trimmed_mean_3,trimmed_mean_3
790,324-53,2023-10,0.0,"start=314.0,end=201.0,max=311.0",NORMAL_ZERO_DEMAND,zero_sales_with_available_stock(max_stock=311.0>threshold=1.1),0.0,0.0,trimmed_mean_3,trimmed_mean_3
790,324-53,2023-11,21.0,"start=201.0,end=180.0,max=190.5",NORMAL_DEMAND,positive_sales,0.0,0.0,trimmed_mean_3,trimmed_mean_3
790,324-53,2023-12,52.0,"start=180.0,end=394.6,max=394.6",NORMAL_DEMAND,positive_sales,0.0,0.0,trimmed_mean_3,trimmed_mean_3
790,324-53,2024-01,0.0,"start=394.6,end=358.9,max=358.9",NORMAL_ZERO_DEMAND,zero_sales_with_available_stock(max_stock=358.9>threshold=1.1),0.0,0.0,trimmed_mean_3,trimmed_mean_3
790,324-53,2024-02,0.0,"start=358.9,end=358.9,max=358.9",NORMAL_ZERO_DEMAND,zero_sales_with_available_stock(max_stock=358.9>threshold=1.1),0.0,0.0,trimmed_mean_3,trimmed_mean_3
790,324-53,2024-03,0.0,"start=358.9,end=358.9,max=358.9",NORMAL_ZERO_DEMAND,zero_sales_with_available_stock(max_stock=358.9>threshold=1.1),0.0,0.0,trimmed_mean_3,trimmed_mean_3
790,324-53,2024-04,0.0,"start=358.9,end=358.9,max=358.9",NORMAL_ZERO_DEMAND,zero_sales_with_available_stock(max_stock=358.9>threshold=1.1),0.0,0.0,trimmed_mean_3,trimmed_mean_3
790,324-53,2024-05,0.0,"start=358.9,end=360.9,max=360.9",NORMAL_ZERO_DEMAND,zero_sales_with_available_stock(max_stock=360.9>threshold=1.1),0.0,0.0,trimmed_mean_3,trimmed_mean_3
790,324-53,2024-06,0.0,"start=360.9,end=360.9,max=360.9",NORMAL_ZERO_DEMAND,zero_sales_with_available_stock(max_stock=360.9>threshold=1.1),0.0,0.0,trimmed_mean_3,trimmed_mean_3
790,324-53,2024-07,0.0,"start=360.9,end=368.9,max=368.9",NORMAL_ZERO_DEMAND,zero_sales_with_available_stock(max_stock=368.9>threshold=1.1),0.0,0.0,trimmed_mean_3,trimmed_mean_3
790,324-53,2024-08,0.0,"start=368.9,end=368.9,max=368.9",NORMAL_ZERO_DEMAND,zero_sales_with_available_stock(max_stock=368.9>threshold=1.1),0.0,0.0,trimmed_mean_3,trimmed_mean_3
790,324-53,2024-09,0.0,"start=368.9,end=368.9,max=368.9",NORMAL_ZERO_DEMAND,zero_sales_with_available_stock(max_stock=368.9>threshold=1.1),0.0,0.0,trimmed_mean_3,trimmed_mean_3
790,324-53,2024-10,18.0,"start=368.9,end=350.9,max=350.9",NORMAL_DEMAND,positive_sales,0.0,0.0,trimmed_mean_3,trimmed_mean_3
790,324-53,2024-11,0.0,"start=350.9,end=350.9,max=350.9",NORMAL_ZERO_DEMAND,zero_sales_with_available_stock(max_stock=350.9>threshold=1.1),0.0,0.0,trimmed_mean_3,trimmed_mean_3
790,324-53,2024-12,0.0,"start=350.9,end=350.9,max=350.9",NORMAL_ZERO_DEMAND,zero_sales_with_available_stock(max_stock=350.9>threshold=1.1),0.0,0.0,trimmed_mean_3,trimmed_mean_3
790,324-53,2025-01,0.0,"start=350.9,end=350.9,max=350.9",NORMAL_ZERO_DEMAND,zero_sales_with_available_stock(max_stock=350.9>threshold=1.1),0.0,0.0,trimmed_mean_3,trimmed_mean_3
790,324-53,2025-02,0.0,"start=350.9,end=350.9,max=350.9",NORMAL_ZERO_DEMAND,zero_sales_with_available_stock(max_stock=350.9>threshold=1.1),0.0,0.0,trimmed_mean_3,trimmed_mean_3
790,324-53,2025-03,0.0,"start=350.9,end=350.9,max=350.9",NORMAL_ZERO_DEMAND,zero_sales_with_available_stock(max_stock=350.9>threshold=1.1),0.0,0.0,trimmed_mean_3,trimmed_mean_3
790,324-53,2025-04,0.0,"start=350.9,end=348.9,max=348.9",NORMAL_ZERO_DEMAND,zero_sales_with_available_stock(max_stock=348.9>threshold=1.1),0.0,0.0,trimmed_mean_3,trimmed_mean_3
790,324-53,2025-05,0.0,"start=348.9,end=348.9,max=348.9",NORMAL_ZERO_DEMAND,zero_sales_with_available_stock(max_stock=348.9>threshold=1.1),0.0,0.0,trimmed_mean_3,trimmed_mean_3
790,324-53,2025-06,0.0,"start=348.9,end=348.9,max=348.9",NORMAL_ZERO_DEMAND,zero_sales_with_available_stock(max_stock=348.9>threshold=1.1),0.0,0.0,trimmed_mean_3,trimmed_mean_3
790,324-53,2025-07,0.0,"start=348.9,end=348.9,max=348.9",NORMAL_ZERO_DEMAND,zero_sales_with_available_stock(max_stock=348.9>threshold=1.1),0.0,0.0,trimmed_mean_3,trimmed_mean_3
790,324-53,2025-08,0.0,"start=348.9,end=323.9,max=323.9",NORMAL_ZERO_DEMAND,zero_sales_with_available_stock(max_stock=323.9>threshold=1.1),0.0,0.0,trimmed_mean_3,trimmed_mean_3
790,324-53,2025-09,0.0,"start=323.9,end=323.9,max=323.9",NORMAL_ZERO_DEMAND,zero_sales_with_available_stock(max_stock=323.9>threshold=1.1),0.0,0.0,trimmed_mean_3,trimmed_mean_3
790,324-53,2025-10,0.0,"start=323.9,end=323.9,max=323.9",NORMAL_ZERO_DEMAND,zero_sales_with_available_stock(max_stock=323.9>threshold=1.1),0.0,0.0,trimmed_mean_3,trimmed_mean_3
790,324-53,2025-11,0.0,"start=323.9,end=323.9,max=323.9",NORMAL_ZERO_DEMAND,zero_sales_with_available_stock(max_stock=323.9>threshold=1.1),0.0,0.0,trimmed_mean_3,trimmed_mean_3
790,324-53,2025-12,0.0,"start=323.9,end=323.9,max=323.9",NORMAL_ZERO_DEMAND,zero_sales_with_available_stock(max_stock=323.9>threshold=1.1),0.0,0.0,trimmed_mean_3,trimmed_mean_3
790,324-53,2026-01,0.0,"start=323.9,end=323.9,max=323.9",NORMAL_ZERO_DEMAND,zero_sales_with_available_stock(max_stock=323.9>threshold=1.1),0.0,0.0,trimmed_mean_3,trimmed_mean_3
790,324-53,2026-02,0.0,"start=323.9,end=323.9,max=323.9",NORMAL_ZERO_DEMAND,zero_sales_with_available_stock(max_stock=323.9>threshold=1.1),0.0,0.0,trimmed_mean_3,trimmed_mean_3
790,324-53,2026-03,0.0,"start=323.9,end=323.9,max=323.9",NORMAL_ZERO_DEMAND,zero_sales_with_available_stock(max_stock=323.9>threshold=1.1),0.0,0.0,trimmed_mean_3,trimmed_mean_3
790,324-53,2026-04,0.0,"start=323.9,end=323.9,max=323.9",NORMAL_ZERO_DEMAND,zero_sales_with_available_stock(max_stock=323.9>threshold=1.1),0.0,0.0,trimmed_mean_3,trimmed_mean_3
790,324-53,2026-05,0.0,"start=323.9,end=323.9,max=323.9",NORMAL_ZERO_DEMAND,zero_sales_with_available_stock(max_stock=323.9>threshold=1.1),0.0,0.0,trimmed_mean_3,trimmed_mean_3
790,324-53,2026-06,0.0,"start=323.9,end=323.9,max=323.9",NORMAL_ZERO_DEMAND,zero_sales_with_available_stock(max_stock=323.9>threshold=1.1),0.0,0.0,trimmed_mean_3,trimmed_mean_3
790,324-53,2026-07,0.0,"start=323.9,end=323.9,max=323.9",NORMAL_ZERO_DEMAND,zero_sales_with_available_stock(max_stock=323.9>threshold=1.1),0.0,0.0,trimmed_mean_3,trimmed_mean_3
790,324-53,2026-08,0.0,"start=323.9,end=323.9,max=323.9",NORMAL_ZERO_DEMAND,zero_sales_with_available_stock(max_stock=323.9>threshold=1.1),0.0,0.0,trimmed_mean_3,trimmed_mean_3
790,324-53,2026-09,0.0,"start=323.9,end=323.9,max=323.9",NORMAL_ZERO_DEMAND,zero_sales_with_available_stock(max_stock=323.9>threshold=1.1),0.0,0.0,trimmed_mean_3,trimmed_mean_3
576,1104-15,2023-06,30.0,"start=444.5,end=452.5,max=512.5",NORMAL_DEMAND,positive_sales,0.0,0.0,trimmed_mean_3,trimmed_mean_3
576,1104-15,2023-07,10.0,"start=452.5,end=417.5,max=452.5",NORMAL_DEMAND,positive_sales,0.0,0.0,trimmed_mean_3,trimmed_mean_3
576,1104-15,2023-08,0.0,"start=417.5,end=565.8,max=565.8",NORMAL_ZERO_DEMAND,zero_sales_with_available_stock(max_stock=565.8>threshold=1.0),0.0,0.0,trimmed_mean_3,trimmed_mean_3
576,1104-15,2023-09,0.0,"start=565.8,end=565.8,max=565.8",NORMAL_ZERO_DEMAND,zero_sales_with_available_stock(max_stock=565.8>threshold=1.0),0.0,0.0,trimmed_mean_3,trimmed_mean_3
576,1104-15,2023-10,0.0,"start=565.8,end=550.8,max=560.8",NORMAL_ZERO_DEMAND,zero_sales_with_available_stock(max_stock=560.8>threshold=1.0),0.0,0.0,trimmed_mean_3,trimmed_mean_3
576,1104-15,2023-11,0.0,"start=550.8,end=550.8,max=550.8",NORMAL_ZERO_DEMAND,zero_sales_with_available_stock(max_stock=550.8>threshold=1.0),0.0,0.0,trimmed_mean_3,trimmed_mean_3
576,1104-15,2023-12,0.0,"start=550.8,end=550.8,max=550.8",NORMAL_ZERO_DEMAND,zero_sales_with_available_stock(max_stock=550.8>threshold=1.0),0.0,0.0,trimmed_mean_3,trimmed_mean_3
576,1104-15,2024-01,0.0,"start=550.8,end=469.3,max=469.3",NORMAL_ZERO_DEMAND,zero_sales_with_available_stock(max_stock=469.3>threshold=1.0),0.0,0.0,trimmed_mean_3,trimmed_mean_3
576,1104-15,2024-02,0.0,"start=469.3,end=469.3,max=469.3",NORMAL_ZERO_DEMAND,zero_sales_with_available_stock(max_stock=469.3>threshold=1.0),0.0,0.0,trimmed_mean_3,trimmed_mean_3
576,1104-15,2024-03,0.0,"start=469.3,end=469.3,max=469.3",NORMAL_ZERO_DEMAND,zero_sales_with_available_stock(max_stock=469.3>threshold=1.0),0.0,0.0,trimmed_mean_3,trimmed_mean_3
576,1104-15,2024-04,0.0,"start=469.3,end=469.3,max=469.3",NORMAL_ZERO_DEMAND,zero_sales_with_available_stock(max_stock=469.3>threshold=1.0),0.0,0.0,trimmed_mean_3,trimmed_mean_3
576,1104-15,2024-05,0.0,"start=469.3,end=470.3,max=484.3",NORMAL_ZERO_DEMAND,zero_sales_with_available_stock(max_stock=484.3>threshold=1.0),0.0,0.0,trimmed_mean_3,trimmed_mean_3
576,1104-15,2024-06,0.0,"start=470.3,end=470.3,max=470.3",NORMAL_ZERO_DEMAND,zero_sales_with_available_stock(max_stock=470.3>threshold=1.0),0.0,0.0,trimmed_mean_3,trimmed_mean_3
576,1104-15,2024-07,0.0,"start=470.3,end=470.3,max=470.3",NORMAL_ZERO_DEMAND,zero_sales_with_available_stock(max_stock=470.3>threshold=1.0),0.0,0.0,trimmed_mean_3,trimmed_mean_3
576,1104-15,2024-08,59.0,"start=470.3,end=361.3,max=500.3",NORMAL_DEMAND,positive_sales,0.0,0.0,trimmed_mean_3,trimmed_mean_3
576,1104-15,2024-09,0.0,"start=361.3,end=361.3,max=361.3",NORMAL_ZERO_DEMAND,zero_sales_with_available_stock(max_stock=361.3>threshold=1.0),0.0,0.0,trimmed_mean_3,trimmed_mean_3
576,1104-15,2024-10,0.0,"start=361.3,end=361.3,max=361.3",NORMAL_ZERO_DEMAND,zero_sales_with_available_stock(max_stock=361.3>threshold=1.0),0.0,0.0,trimmed_mean_3,trimmed_mean_3
576,1104-15,2024-11,0.0,"start=361.3,end=361.3,max=361.3",NORMAL_ZERO_DEMAND,zero_sales_with_available_stock(max_stock=361.3>threshold=1.0),0.0,0.0,trimmed_mean_3,trimmed_mean_3
576,1104-15,2024-12,0.0,"start=361.3,end=337.8,max=361.3",NORMAL_ZERO_DEMAND,zero_sales_with_available_stock(max_stock=361.3>threshold=1.0),0.0,0.0,trimmed_mean_3,trimmed_mean_3
576,1104-15,2025-01,0.0,"start=337.8,end=337.8,max=337.8",NORMAL_ZERO_DEMAND,zero_sales_with_available_stock(max_stock=337.8>threshold=1.0),0.0,0.0,trimmed_mean_3,trimmed_mean_3
576,1104-15,2025-02,0.0,"start=337.8,end=337.8,max=337.8",NORMAL_ZERO_DEMAND,zero_sales_with_available_stock(max_stock=337.8>threshold=1.0),0.0,0.0,trimmed_mean_3,trimmed_mean_3
576,1104-15,2025-03,0.0,"start=337.8,end=337.8,max=337.8",NORMAL_ZERO_DEMAND,zero_sales_with_available_stock(max_stock=337.8>threshold=1.0),0.0,0.0,trimmed_mean_3,trimmed_mean_3
576,1104-15,2025-04,0.0,"start=337.8,end=207.8,max=207.8",NORMAL_ZERO_DEMAND,zero_sales_with_available_stock(max_stock=207.8>threshold=1.0),0.0,0.0,trimmed_mean_3,trimmed_mean_3
576,1104-15,2025-05,0.0,"start=207.8,end=207.8,max=207.8",NORMAL_ZERO_DEMAND,zero_sales_with_available_stock(max_stock=207.8>threshold=1.0),0.0,0.0,trimmed_mean_3,trimmed_mean_3
576,1104-15,2025-06,0.0,"start=207.8,end=212.8,max=212.8",NORMAL_ZERO_DEMAND,zero_sales_with_available_stock(max_stock=212.8>threshold=1.0),0.0,0.0,trimmed_mean_3,trimmed_mean_3
576,1104-15,2025-07,0.0,"start=212.8,end=203.3,max=209.3",NORMAL_ZERO_DEMAND,zero_sales_with_available_stock(max_stock=209.3>threshold=1.0),0.0,0.0,trimmed_mean_3,trimmed_mean_3
576,1104-15,2025-08,0.0,"start=203.3,end=184.3,max=203.3",NORMAL_ZERO_DEMAND,zero_sales_with_available_stock(max_stock=203.3>threshold=1.0),0.0,0.0,trimmed_mean_3,trimmed_mean_3
576,1104-15,2025-09,0.0,"start=184.3,end=184.3,max=184.3",NORMAL_ZERO_DEMAND,zero_sales_with_available_stock(max_stock=184.3>threshold=1.0),0.0,0.0,trimmed_mean_3,trimmed_mean_3
576,1104-15,2025-10,0.0,"start=184.3,end=184.3,max=184.3",NORMAL_ZERO_DEMAND,zero_sales_with_available_stock(max_stock=184.3>threshold=1.0),0.0,0.0,trimmed_mean_3,trimmed_mean_3
576,1104-15,2025-11,0.0,"start=184.3,end=184.3,max=184.3",NORMAL_ZERO_DEMAND,zero_sales_with_available_stock(max_stock=184.3>threshold=1.0),0.0,0.0,trimmed_mean_3,trimmed_mean_3
576,1104-15,2025-12,0.0,"start=184.3,end=184.3,max=184.3",NORMAL_ZERO_DEMAND,zero_sales_with_available_stock(max_stock=184.3>threshold=1.0),0.0,0.0,trimmed_mean_3,trimmed_mean_3
576,1104-15,2026-01,0.0,"start=184.3,end=184.3,max=184.3",NORMAL_ZERO_DEMAND,zero_sales_with_available_stock(max_stock=184.3>threshold=1.0),0.0,0.0,trimmed_mean_3,trimmed_mean_3
576,1104-15,2026-02,0.0,"start=184.3,end=184.3,max=184.3",NORMAL_ZERO_DEMAND,zero_sales_with_available_stock(max_stock=184.3>threshold=1.0),0.0,0.0,trimmed_mean_3,trimmed_mean_3
576,1104-15,2026-03,0.0,"start=184.3,end=184.3,max=184.3",NORMAL_ZERO_DEMAND,zero_sales_with_available_stock(max_stock=184.3>threshold=1.0),0.0,0.0,trimmed_mean_3,trimmed_mean_3
576,1104-15,2026-04,0.0,"start=184.3,end=184.3,max=184.3",NORMAL_ZERO_DEMAND,zero_sales_with_available_stock(max_stock=184.3>threshold=1.0),0.0,0.0,trimmed_mean_3,trimmed_mean_3
576,1104-15,2026-05,0.0,"start=184.3,end=184.3,max=184.3",NORMAL_ZERO_DEMAND,zero_sales_with_available_stock(max_stock=184.3>threshold=1.0),0.0,0.0,trimmed_mean_3,trimmed_mean_3
576,1104-15,2026-06,3.0,"start=184.3,end=181.3,max=187.3",NORMAL_DEMAND,positive_sales,0.0,0.0,trimmed_mean_3,trimmed_mean_3
576,1104-15,2026-07,0.0,"start=181.3,end=181.3,max=181.3",NORMAL_ZERO_DEMAND,zero_sales_with_available_stock(max_stock=181.3>threshold=1.0),0.0,0.0,trimmed_mean_3,trimmed_mean_3
576,1104-15,2026-08,0.0,"start=181.3,end=181.3,max=181.3",NORMAL_ZERO_DEMAND,zero_sales_with_available_stock(max_stock=181.3>threshold=1.0),0.0,0.0,trimmed_mean_3,trimmed_mean_3
576,1104-15,2026-09,0.0,"start=181.3,end=181.3,max=181.3",NORMAL_ZERO_DEMAND,zero_sales_with_available_stock(max_stock=181.3>threshold=1.0),0.0,0.0,trimmed_mean_3,trimmed_mean_3
292,344-25,2023-09,10.0,"start=334.9,end=324.9,max=324.9",NORMAL_DEMAND,positive_sales,0.0,0.0,seasonal_naive,seasonal_naive
292,344-25,2023-10,18.0,"start=324.9,end=306.9,max=324.9",NORMAL_DEMAND,positive_sales,0.0,0.0,seasonal_naive,seasonal_naive
292,344-25,2023-11,0.0,"start=306.9,end=306.9,max=306.9",NORMAL_ZERO_DEMAND,zero_sales_with_available_stock(max_stock=306.9>threshold=1.0),0.0,0.0,seasonal_naive,seasonal_naive
292,344-25,2023-12,0.0,"start=306.9,end=306.9,max=306.9",NORMAL_ZERO_DEMAND,zero_sales_with_available_stock(max_stock=306.9>threshold=1.0),0.0,0.0,seasonal_naive,seasonal_naive
292,344-25,2024-01,0.0,"start=306.9,end=286.5,max=286.5",NORMAL_ZERO_DEMAND,zero_sales_with_available_stock(max_stock=286.5>threshold=1.0),0.0,0.0,seasonal_naive,seasonal_naive
292,344-25,2024-02,0.0,"start=286.5,end=286.5,max=286.5",NORMAL_ZERO_DEMAND,zero_sales_with_available_stock(max_stock=286.5>threshold=1.0),0.0,0.0,seasonal_naive,seasonal_naive
292,344-25,2024-03,0.0,"start=286.5,end=286.5,max=286.5",NORMAL_ZERO_DEMAND,zero_sales_with_available_stock(max_stock=286.5>threshold=1.0),0.0,0.0,seasonal_naive,seasonal_naive
292,344-25,2024-04,0.0,"start=286.5,end=286.5,max=286.5",NORMAL_ZERO_DEMAND,zero_sales_with_available_stock(max_stock=286.5>threshold=1.0),0.0,0.0,seasonal_naive,seasonal_naive
292,344-25,2024-05,0.0,"start=286.5,end=286.5,max=286.5",NORMAL_ZERO_DEMAND,zero_sales_with_available_stock(max_stock=286.5>threshold=1.0),0.0,0.0,seasonal_naive,seasonal_naive
292,344-25,2024-06,0.0,"start=286.5,end=286.5,max=286.5",NORMAL_ZERO_DEMAND,zero_sales_with_available_stock(max_stock=286.5>threshold=1.0),0.0,0.0,seasonal_naive,seasonal_naive
292,344-25,2024-07,0.0,"start=286.5,end=286.5,max=286.5",NORMAL_ZERO_DEMAND,zero_sales_with_available_stock(max_stock=286.5>threshold=1.0),0.0,0.0,seasonal_naive,seasonal_naive
292,344-25,2024-08,0.0,"start=286.5,end=286.5,max=286.5",NORMAL_ZERO_DEMAND,zero_sales_with_available_stock(max_stock=286.5>threshold=1.0),0.0,0.0,seasonal_naive,seasonal_naive
292,344-25,2024-09,0.0,"start=286.5,end=286.5,max=286.5",NORMAL_ZERO_DEMAND,zero_sales_with_available_stock(max_stock=286.5>threshold=1.0),0.0,0.0,seasonal_naive,seasonal_naive
292,344-25,2024-10,0.0,"start=286.5,end=286.5,max=286.5",NORMAL_ZERO_DEMAND,zero_sales_with_available_stock(max_stock=286.5>threshold=1.0),0.0,0.0,seasonal_naive,seasonal_naive
292,344-25,2024-11,0.0,"start=286.5,end=286.5,max=286.5",NORMAL_ZERO_DEMAND,zero_sales_with_available_stock(max_stock=286.5>threshold=1.0),0.0,0.0,seasonal_naive,seasonal_naive
292,344-25,2024-12,0.0,"start=286.5,end=286.5,max=286.5",NORMAL_ZERO_DEMAND,zero_sales_with_available_stock(max_stock=286.5>threshold=1.0),0.0,0.0,seasonal_naive,seasonal_naive
292,344-25,2025-01,0.0,"start=286.5,end=286.5,max=286.5",NORMAL_ZERO_DEMAND,zero_sales_with_available_stock(max_stock=286.5>threshold=1.0),0.0,0.0,seasonal_naive,seasonal_naive
292,344-25,2025-02,0.0,"start=286.5,end=286.5,max=286.5",NORMAL_ZERO_DEMAND,zero_sales_with_available_stock(max_stock=286.5>threshold=1.0),0.0,0.0,seasonal_naive,seasonal_naive
292,344-25,2025-03,0.0,"start=286.5,end=286.5,max=286.5",NORMAL_ZERO_DEMAND,zero_sales_with_available_stock(max_stock=286.5>threshold=1.0),0.0,0.0,seasonal_naive,seasonal_naive
292,344-25,2025-04,0.0,"start=286.5,end=286.5,max=286.5",NORMAL_ZERO_DEMAND,zero_sales_with_available_stock(max_stock=286.5>threshold=1.0),0.0,0.0,seasonal_naive,seasonal_naive
292,344-25,2025-05,0.0,"start=286.5,end=286.5,max=286.5",NORMAL_ZERO_DEMAND,zero_sales_with_available_stock(max_stock=286.5>threshold=1.0),0.0,0.0,seasonal_naive,seasonal_naive
292,344-25,2025-06,0.0,"start=286.5,end=286.5,max=286.5",NORMAL_ZERO_DEMAND,zero_sales_with_available_stock(max_stock=286.5>threshold=1.0),0.0,0.0,seasonal_naive,seasonal_naive
292,344-25,2025-07,0.0,"start=286.5,end=286.5,max=286.5",NORMAL_ZERO_DEMAND,zero_sales_with_available_stock(max_stock=286.5>threshold=1.0),0.0,0.0,seasonal_naive,seasonal_naive
292,344-25,2025-08,0.0,"start=286.5,end=286.5,max=286.5",NORMAL_ZERO_DEMAND,zero_sales_with_available_stock(max_stock=286.5>threshold=1.0),0.0,0.0,seasonal_naive,seasonal_naive
292,344-25,2025-09,0.0,"start=286.5,end=286.5,max=286.5",NORMAL_ZERO_DEMAND,zero_sales_with_available_stock(max_stock=286.5>threshold=1.0),0.0,0.0,seasonal_naive,seasonal_naive
292,344-25,2025-10,0.0,"start=286.5,end=286.5,max=286.5",NORMAL_ZERO_DEMAND,zero_sales_with_available_stock(max_stock=286.5>threshold=1.0),0.0,0.0,seasonal_naive,seasonal_naive
292,344-25,2025-11,0.0,"start=286.5,end=286.5,max=286.5",NORMAL_ZERO_DEMAND,zero_sales_with_available_stock(max_stock=286.5>threshold=1.0),0.0,0.0,seasonal_naive,seasonal_naive
292,344-25,2025-12,268.0,"start=286.5,end=11.0,max=340.5",NORMAL_DEMAND,positive_sales,0.0,0.0,seasonal_naive,seasonal_naive
292,344-25,2026-01,50.0,"start=11.0,end=26.8,max=126.8",NORMAL_DEMAND,positive_sales,0.0,0.0,seasonal_naive,seasonal_naive
292,344-25,2026-02,6.0,"start=26.8,end=20.8,max=32.8",NORMAL_DEMAND,positive_sales,0.0,0.0,seasonal_naive,seasonal_naive
292,344-25,2026-03,0.0,"start=20.8,end=20.8,max=20.8",NORMAL_ZERO_DEMAND,zero_sales_with_available_stock(max_stock=20.8>threshold=1.0),0.0,0.0,seasonal_naive,seasonal_naive
292,344-25,2026-04,0.0,"start=20.8,end=205.8,max=205.8",NORMAL_ZERO_DEMAND,zero_sales_with_available_stock(max_stock=205.8>threshold=1.0),0.0,0.0,seasonal_naive,seasonal_naive
292,344-25,2026-05,0.0,"start=205.8,end=205.8,max=205.8",NORMAL_ZERO_DEMAND,zero_sales_with_available_stock(max_stock=205.8>threshold=1.0),0.0,0.0,seasonal_naive,seasonal_naive
292,344-25,2026-06,0.0,"start=205.8,end=205.8,max=205.8",NORMAL_ZERO_DEMAND,zero_sales_with_available_stock(max_stock=205.8>threshold=1.0),0.0,0.0,seasonal_naive,seasonal_naive
292,344-25,2026-07,0.0,"start=205.8,end=205.8,max=205.8",NORMAL_ZERO_DEMAND,zero_sales_with_available_stock(max_stock=205.8>threshold=1.0),0.0,0.0,seasonal_naive,seasonal_naive
292,344-25,2026-08,0.0,"start=205.8,end=205.8,max=205.8",NORMAL_ZERO_DEMAND,zero_sales_with_available_stock(max_stock=205.8>threshold=1.0),0.0,0.0,seasonal_naive,seasonal_naive
292,344-25,2026-09,0.0,"start=205.8,end=205.8,max=205.8",NORMAL_ZERO_DEMAND,zero_sales_with_available_stock(max_stock=205.8>threshold=1.0),0.0,0.0,seasonal_naive,seasonal_naive
5761,362-26,2023-09,20.0,"start=90.0,end=72.0,max=72.0",NORMAL_DEMAND,positive_sales,0.0,0.0,trimmed_mean_3,trimmed_mean_3
5761,362-26,2023-10,0.0,"start=72.0,end=72.0,max=72.0",NORMAL_ZERO_DEMAND,zero_sales_with_available_stock(max_stock=72.0>threshold=1.1),0.0,0.0,trimmed_mean_3,trimmed_mean_3
5761,362-26,2023-11,0.0,"start=72.0,end=72.0,max=72.0",NORMAL_ZERO_DEMAND,zero_sales_with_available_stock(max_stock=72.0>threshold=1.1),0.0,0.0,trimmed_mean_3,trimmed_mean_3
5761,362-26,2023-12,22.0,"start=72.0,end=50.0,max=50.0",NORMAL_DEMAND,positive_sales,0.0,0.0,trimmed_mean_3,trimmed_mean_3
5761,362-26,2024-01,0.0,"start=50.0,end=198.0,max=198.0",NORMAL_ZERO_DEMAND,zero_sales_with_available_stock(max_stock=198.0>threshold=1.1),0.0,0.0,trimmed_mean_3,trimmed_mean_3
5761,362-26,2024-02,0.0,"start=198.0,end=198.0,max=198.0",NORMAL_ZERO_DEMAND,zero_sales_with_available_stock(max_stock=198.0>threshold=1.1),0.0,0.0,trimmed_mean_3,trimmed_mean_3
5761,362-26,2024-03,0.0,"start=198.0,end=160.0,max=185.0",NORMAL_ZERO_DEMAND,zero_sales_with_available_stock(max_stock=185.0>threshold=1.1),0.0,0.0,trimmed_mean_3,trimmed_mean_3
5761,362-26,2024-04,0.0,"start=160.0,end=160.0,max=160.0",NORMAL_ZERO_DEMAND,zero_sales_with_available_stock(max_stock=160.0>threshold=1.1),0.0,0.0,trimmed_mean_3,trimmed_mean_3
5761,362-26,2024-05,0.0,"start=160.0,end=160.0,max=160.0",NORMAL_ZERO_DEMAND,zero_sales_with_available_stock(max_stock=160.0>threshold=1.1),0.0,0.0,trimmed_mean_3,trimmed_mean_3
5761,362-26,2024-06,0.0,"start=160.0,end=160.0,max=160.0",NORMAL_ZERO_DEMAND,zero_sales_with_available_stock(max_stock=160.0>threshold=1.1),0.0,0.0,trimmed_mean_3,trimmed_mean_3
5761,362-26,2024-07,0.0,"start=160.0,end=150.0,max=150.0",NORMAL_ZERO_DEMAND,zero_sales_with_available_stock(max_stock=150.0>threshold=1.1),0.0,0.0,trimmed_mean_3,trimmed_mean_3
5761,362-26,2024-08,0.0,"start=150.0,end=150.0,max=150.0",NORMAL_ZERO_DEMAND,zero_sales_with_available_stock(max_stock=150.0>threshold=1.1),0.0,0.0,trimmed_mean_3,trimmed_mean_3
5761,362-26,2024-09,0.0,"start=150.0,end=221.9,max=221.9",NORMAL_ZERO_DEMAND,zero_sales_with_available_stock(max_stock=221.9>threshold=1.1),0.0,0.0,trimmed_mean_3,trimmed_mean_3
5761,362-26,2024-10,0.0,"start=221.9,end=221.9,max=221.9",NORMAL_ZERO_DEMAND,zero_sales_with_available_stock(max_stock=221.9>threshold=1.1),0.0,0.0,trimmed_mean_3,trimmed_mean_3
5761,362-26,2024-11,0.0,"start=221.9,end=221.9,max=221.9",NORMAL_ZERO_DEMAND,zero_sales_with_available_stock(max_stock=221.9>threshold=1.1),0.0,0.0,trimmed_mean_3,trimmed_mean_3
5761,362-26,2024-12,0.0,"start=221.9,end=221.9,max=221.9",NORMAL_ZERO_DEMAND,zero_sales_with_available_stock(max_stock=221.9>threshold=1.1),0.0,0.0,trimmed_mean_3,trimmed_mean_3
5761,362-26,2025-01,0.0,"start=221.9,end=221.9,max=221.9",NORMAL_ZERO_DEMAND,zero_sales_with_available_stock(max_stock=221.9>threshold=1.1),0.0,0.0,trimmed_mean_3,trimmed_mean_3
5761,362-26,2025-02,0.0,"start=221.9,end=221.9,max=221.9",NORMAL_ZERO_DEMAND,zero_sales_with_available_stock(max_stock=221.9>threshold=1.1),0.0,0.0,trimmed_mean_3,trimmed_mean_3
5761,362-26,2025-03,0.0,"start=221.9,end=221.9,max=221.9",NORMAL_ZERO_DEMAND,zero_sales_with_available_stock(max_stock=221.9>threshold=1.1),0.0,0.0,trimmed_mean_3,trimmed_mean_3
5761,362-26,2025-04,0.0,"start=221.9,end=221.9,max=221.9",NORMAL_ZERO_DEMAND,zero_sales_with_available_stock(max_stock=221.9>threshold=1.1),0.0,0.0,trimmed_mean_3,trimmed_mean_3
5761,362-26,2025-05,0.0,"start=221.9,end=221.9,max=221.9",NORMAL_ZERO_DEMAND,zero_sales_with_available_stock(max_stock=221.9>threshold=1.1),0.0,0.0,trimmed_mean_3,trimmed_mean_3
5761,362-26,2025-06,0.0,"start=221.9,end=221.9,max=221.9",NORMAL_ZERO_DEMAND,zero_sales_with_available_stock(max_stock=221.9>threshold=1.1),0.0,0.0,trimmed_mean_3,trimmed_mean_3
5761,362-26,2025-07,0.0,"start=221.9,end=221.9,max=221.9",NORMAL_ZERO_DEMAND,zero_sales_with_available_stock(max_stock=221.9>threshold=1.1),0.0,0.0,trimmed_mean_3,trimmed_mean_3
5761,362-26,2025-08,0.0,"start=221.9,end=221.9,max=221.9",NORMAL_ZERO_DEMAND,zero_sales_with_available_stock(max_stock=221.9>threshold=1.1),0.0,0.0,trimmed_mean_3,trimmed_mean_3
5761,362-26,2025-09,0.0,"start=221.9,end=221.9,max=221.9",NORMAL_ZERO_DEMAND,zero_sales_with_available_stock(max_stock=221.9>threshold=1.1),0.0,0.0,trimmed_mean_3,trimmed_mean_3
5761,362-26,2025-10,0.0,"start=221.9,end=221.9,max=221.9",NORMAL_ZERO_DEMAND,zero_sales_with_available_stock(max_stock=221.9>threshold=1.1),0.0,0.0,trimmed_mean_3,trimmed_mean_3
5761,362-26,2025-11,0.0,"start=221.9,end=221.9,max=221.9",NORMAL_ZERO_DEMAND,zero_sales_with_available_stock(max_stock=221.9>threshold=1.1),0.0,0.0,trimmed_mean_3,trimmed_mean_3
5761,362-26,2025-12,0.0,"start=221.9,end=221.9,max=221.9",NORMAL_ZERO_DEMAND,zero_sales_with_available_stock(max_stock=221.9>threshold=1.1),0.0,0.0,trimmed_mean_3,trimmed_mean_3
5761,362-26,2026-01,0.0,"start=221.9,end=221.9,max=221.9",NORMAL_ZERO_DEMAND,zero_sales_with_available_stock(max_stock=221.9>threshold=1.1),0.0,0.0,trimmed_mean_3,trimmed_mean_3
5761,362-26,2026-02,0.0,"start=221.9,end=221.9,max=221.9",NORMAL_ZERO_DEMAND,zero_sales_with_available_stock(max_stock=221.9>threshold=1.1),0.0,0.0,trimmed_mean_3,trimmed_mean_3
5761,362-26,2026-03,0.0,"start=221.9,end=221.9,max=221.9",NORMAL_ZERO_DEMAND,zero_sales_with_available_stock(max_stock=221.9>threshold=1.1),0.0,0.0,trimmed_mean_3,trimmed_mean_3
5761,362-26,2026-04,0.0,"start=221.9,end=221.9,max=221.9",NORMAL_ZERO_DEMAND,zero_sales_with_available_stock(max_stock=221.9>threshold=1.1),0.0,0.0,trimmed_mean_3,trimmed_mean_3
5761,362-26,2026-05,0.0,"start=221.9,end=221.9,max=221.9",NORMAL_ZERO_DEMAND,zero_sales_with_available_stock(max_stock=221.9>threshold=1.1),0.0,0.0,trimmed_mean_3,trimmed_mean_3
5761,362-26,2026-06,0.0,"start=221.9,end=221.9,max=221.9",NORMAL_ZERO_DEMAND,zero_sales_with_available_stock(max_stock=221.9>threshold=1.1),0.0,0.0,trimmed_mean_3,trimmed_mean_3
5761,362-26,2026-07,0.0,"start=221.9,end=221.9,max=221.9",NORMAL_ZERO_DEMAND,zero_sales_with_available_stock(max_stock=221.9>threshold=1.1),0.0,0.0,trimmed_mean_3,trimmed_mean_3
5761,362-26,2026-08,0.0,"start=221.9,end=221.9,max=221.9",NORMAL_ZERO_DEMAND,zero_sales_with_available_stock(max_stock=221.9>threshold=1.1),0.0,0.0,trimmed_mean_3,trimmed_mean_3
5761,362-26,2026-09,0.0,"start=221.9,end=221.9,max=221.9",NORMAL_ZERO_DEMAND,zero_sales_with_available_stock(max_stock=221.9>threshold=1.1),0.0,0.0,trimmed_mean_3,trimmed_mean_3
1552,201-11 CC,2023-06,37.5,"start=1321.5,end=1284.0,max=1333.5",NORMAL_DEMAND,positive_sales,44.25,44.25,trimmed_mean_3,trimmed_mean_3
1552,201-11 CC,2023-07,65.5,"start=1284.0,end=1218.5,max=1284.0",NORMAL_DEMAND,positive_sales,44.25,44.25,trimmed_mean_3,trimmed_mean_3
1552,201-11 CC,2023-08,350.0,"start=1218.5,end=888.5,max=1218.5",NORMAL_DEMAND,positive_sales,44.25,44.25,trimmed_mean_3,trimmed_mean_3
1552,201-11 CC,2023-09,28.5,"start=888.5,end=293.8,max=886.0",NORMAL_DEMAND,positive_sales,44.25,44.25,trimmed_mean_3,trimmed_mean_3
1552,201-11 CC,2023-10,135.5,"start=293.8,end=153.8,max=276.8",NORMAL_DEMAND,positive_sales,44.25,44.25,trimmed_mean_3,trimmed_mean_3
1552,201-11 CC,2023-11,50.0,"start=153.8,end=112.2,max=159.8",NORMAL_DEMAND,positive_sales,44.25,44.25,trimmed_mean_3,trimmed_mean_3
1552,201-11 CC,2023-12,359.0,"start=112.2,end=1012.2,max=1354.8",NORMAL_DEMAND,positive_sales,44.25,44.25,trimmed_mean_3,trimmed_mean_3
1552,201-11 CC,2024-01,151.0,"start=1012.2,end=866.2,max=996.2",NORMAL_DEMAND,positive_sales,44.25,44.25,trimmed_mean_3,trimmed_mean_3
1552,201-11 CC,2024-02,68.5,"start=866.2,end=794.8,max=856.2",NORMAL_DEMAND,positive_sales,44.25,44.25,trimmed_mean_3,trimmed_mean_3
1552,201-11 CC,2024-03,85.5,"start=794.8,end=714.2,max=787.8",NORMAL_DEMAND,positive_sales,44.25,44.25,trimmed_mean_3,trimmed_mean_3
1552,201-11 CC,2024-04,90.0,"start=714.2,end=620.2,max=662.8",NORMAL_DEMAND,positive_sales,44.25,44.25,trimmed_mean_3,trimmed_mean_3
1552,201-11 CC,2024-05,59.5,"start=620.2,end=515.8,max=604.2",NORMAL_DEMAND,positive_sales,44.25,44.25,trimmed_mean_3,trimmed_mean_3
1552,201-11 CC,2024-06,34.0,"start=515.8,end=1760.8,max=1768.8",NORMAL_DEMAND,positive_sales,44.25,44.25,trimmed_mean_3,trimmed_mean_3
1552,201-11 CC,2024-07,1091.5,"start=1760.8,end=664.2,max=1740.2",NORMAL_DEMAND,positive_sales,44.25,44.25,trimmed_mean_3,trimmed_mean_3
1552,201-11 CC,2024-08,419.0,"start=664.2,end=239.8,max=619.2",NORMAL_DEMAND,positive_sales,44.25,44.25,trimmed_mean_3,trimmed_mean_3
1552,201-11 CC,2024-09,8.5,"start=239.8,end=165.8,max=246.2",NORMAL_DEMAND,positive_sales,44.25,44.25,trimmed_mean_3,trimmed_mean_3
1552,201-11 CC,2024-10,16.0,"start=165.8,end=148.2,max=165.8",NORMAL_DEMAND,positive_sales,44.25,44.25,trimmed_mean_3,trimmed_mean_3
1552,201-11 CC,2024-11,31.5,"start=148.2,end=113.8,max=141.8",NORMAL_DEMAND,positive_sales,44.25,44.25,trimmed_mean_3,trimmed_mean_3
1552,201-11 CC,2024-12,4.0,"start=113.8,end=113.8,max=117.8",NORMAL_DEMAND,positive_sales,44.25,44.25,trimmed_mean_3,trimmed_mean_3
1552,201-11 CC,2025-01,0.0,"start=113.8,end=115.8,max=115.8",NORMAL_ZERO_DEMAND,zero_sales_with_available_stock(max_stock=115.8>threshold=5.0),44.25,44.25,trimmed_mean_3,trimmed_mean_3
1552,201-11 CC,2025-02,0.0,"start=115.8,end=1379.8,max=1379.8",NORMAL_ZERO_DEMAND,zero_sales_with_available_stock(max_stock=1379.8>threshold=5.0),44.25,44.25,trimmed_mean_3,trimmed_mean_3
1552,201-11 CC,2025-03,103.0,"start=1379.8,end=1276.8,max=1433.8",NORMAL_DEMAND,positive_sales,44.25,44.25,trimmed_mean_3,trimmed_mean_3
1552,201-11 CC,2025-04,2.0,"start=1276.8,end=1274.8,max=1278.8",NORMAL_DEMAND,positive_sales,44.25,44.25,trimmed_mean_3,trimmed_mean_3
1552,201-11 CC,2025-05,25.5,"start=1274.8,end=1249.2,max=1289.2",NORMAL_DEMAND,positive_sales,44.25,44.25,trimmed_mean_3,trimmed_mean_3
1552,201-11 CC,2025-06,135.5,"start=1249.2,end=1113.8,max=1269.2",NORMAL_DEMAND,positive_sales,44.25,44.25,trimmed_mean_3,trimmed_mean_3
1552,201-11 CC,2025-07,38.5,"start=1113.8,end=1075.2,max=1113.8",NORMAL_DEMAND,positive_sales,44.25,44.25,trimmed_mean_3,trimmed_mean_3
1552,201-11 CC,2025-08,254.0,"start=1075.2,end=821.2,max=1125.2",NORMAL_DEMAND,positive_sales,44.25,44.25,trimmed_mean_3,trimmed_mean_3
1552,201-11 CC,2025-09,307.0,"start=821.2,end=511.2,max=890.2",NORMAL_DEMAND,positive_sales,44.25,44.25,trimmed_mean_3,trimmed_mean_3
1552,201-11 CC,2025-10,173.5,"start=511.2,end=343.2,max=585.2",NORMAL_DEMAND,positive_sales,44.25,44.25,trimmed_mean_3,trimmed_mean_3
1552,201-11 CC,2025-11,77.0,"start=343.2,end=266.2,max=360.2",NORMAL_DEMAND,positive_sales,44.25,44.25,trimmed_mean_3,trimmed_mean_3
1552,201-11 CC,2025-12,71.5,"start=266.2,end=197.2,max=274.2",NORMAL_DEMAND,positive_sales,44.25,44.25,trimmed_mean_3,trimmed_mean_3
1552,201-11 CC,2026-01,62.0,"start=197.2,end=1413.2,max=1489.2",NORMAL_DEMAND,positive_sales,44.25,44.25,trimmed_mean_3,trimmed_mean_3
1552,201-11 CC,2026-02,104.5,"start=1413.2,end=1306.2,max=1446.2",NORMAL_DEMAND,positive_sales,44.25,44.25,trimmed_mean_3,trimmed_mean_3
1552,201-11 CC,2026-03,5.0,"start=1306.2,end=1301.2,max=1311.2",NORMAL_DEMAND,positive_sales,44.25,44.25,trimmed_mean_3,trimmed_mean_3
1552,201-11 CC,2026-04,50.0,"start=1301.2,end=1268.2,max=1351.2",NORMAL_DEMAND,positive_sales,44.25,44.25,trimmed_mean_3,trimmed_mean_3
1552,201-11 CC,2026-05,0.0,"start=1268.2,end=1268.2,max=1268.2",NORMAL_ZERO_DEMAND,zero_sales_with_available_stock(max_stock=1268.2>threshold=5.0),44.25,44.25,trimmed_mean_3,trimmed_mean_3
1552,201-11 CC,2026-06,0.0,"start=1268.2,end=1268.2,max=1268.2",NORMAL_ZERO_DEMAND,zero_sales_with_available_stock(max_stock=1268.2>threshold=5.0),44.25,44.25,trimmed_mean_3,trimmed_mean_3
1552,201-11 CC,2026-07,56.5,"start=1268.2,end=2351.8,max=2438.2",NORMAL_DEMAND,positive_sales,44.25,44.25,trimmed_mean_3,trimmed_mean_3
1552,201-11 CC,2026-08,32.0,"start=2351.8,end=2319.8,max=2371.8",NORMAL_DEMAND,positive_sales,44.25,44.25,trimmed_mean_3,trimmed_mean_3
1552,201-11 CC,2026-09,88.0,"start=2319.8,end=2231.8,max=2349.8",NORMAL_DEMAND,positive_sales,44.25,44.25,trimmed_mean_3,trimmed_mean_3
6127,367-13,2023-06,31.0,"start=841.0,end=810.0,max=820.0",NORMAL_DEMAND,positive_sales,0.0,0.0,trimmed_mean_3,trimmed_mean_3
6127,367-13,2023-07,36.5,"start=810.0,end=805.5,max=805.5",NORMAL_DEMAND,positive_sales,0.0,0.0,trimmed_mean_3,trimmed_mean_3
6127,367-13,2023-08,2.5,"start=805.5,end=805.5,max=805.5",NORMAL_DEMAND,positive_sales,0.0,0.0,trimmed_mean_3,trimmed_mean_3
6127,367-13,2023-09,41.0,"start=805.5,end=754.5,max=801.5",NORMAL_DEMAND,positive_sales,0.0,0.0,trimmed_mean_3,trimmed_mean_3
6127,367-13,2023-10,0.0,"start=754.5,end=754.5,max=754.5",NORMAL_ZERO_DEMAND,zero_sales_with_available_stock(max_stock=754.5>threshold=1.0),0.0,0.0,trimmed_mean_3,trimmed_mean_3
6127,367-13,2023-11,42.0,"start=754.5,end=718.5,max=764.5",NORMAL_DEMAND,positive_sales,0.0,0.0,trimmed_mean_3,trimmed_mean_3
6127,367-13,2023-12,0.0,"start=718.5,end=718.5,max=718.5",NORMAL_ZERO_DEMAND,zero_sales_with_available_stock(max_stock=718.5>threshold=1.0),0.0,0.0,trimmed_mean_3,trimmed_mean_3
6127,367-13,2024-01,13.5,"start=718.5,end=705.0,max=715.0",NORMAL_DEMAND,positive_sales,0.0,0.0,trimmed_mean_3,trimmed_mean_3
6127,367-13,2024-02,8.0,"start=705.0,end=697.0,max=697.0",NORMAL_DEMAND,positive_sales,0.0,0.0,trimmed_mean_3,trimmed_mean_3
6127,367-13,2024-03,2.0,"start=697.0,end=654.9,max=695.0",NORMAL_DEMAND,positive_sales,0.0,0.0,trimmed_mean_3,trimmed_mean_3
6127,367-13,2024-04,19.5,"start=654.9,end=635.4,max=635.4",NORMAL_DEMAND,positive_sales,0.0,0.0,trimmed_mean_3,trimmed_mean_3
6127,367-13,2024-05,0.0,"start=635.4,end=623.4,max=632.4",NORMAL_ZERO_DEMAND,zero_sales_with_available_stock(max_stock=632.4>threshold=1.0),0.0,0.0,trimmed_mean_3,trimmed_mean_3
6127,367-13,2024-06,30.0,"start=623.4,end=593.4,max=593.4",NORMAL_DEMAND,positive_sales,0.0,0.0,trimmed_mean_3,trimmed_mean_3
6127,367-13,2024-07,0.0,"start=593.4,end=593.4,max=593.4",NORMAL_ZERO_DEMAND,zero_sales_with_available_stock(max_stock=593.4>threshold=1.0),0.0,0.0,trimmed_mean_3,trimmed_mean_3
6127,367-13,2024-08,0.0,"start=593.4,end=593.4,max=593.4",NORMAL_ZERO_DEMAND,zero_sales_with_available_stock(max_stock=593.4>threshold=1.0),0.0,0.0,trimmed_mean_3,trimmed_mean_3
6127,367-13,2024-09,0.0,"start=593.4,end=593.4,max=593.4",NORMAL_ZERO_DEMAND,zero_sales_with_available_stock(max_stock=593.4>threshold=1.0),0.0,0.0,trimmed_mean_3,trimmed_mean_3
6127,367-13,2024-10,0.0,"start=593.4,end=593.4,max=593.4",NORMAL_ZERO_DEMAND,zero_sales_with_available_stock(max_stock=593.4>threshold=1.0),0.0,0.0,trimmed_mean_3,trimmed_mean_3
6127,367-13,2024-11,0.0,"start=593.4,end=591.4,max=591.4",NORMAL_ZERO_DEMAND,zero_sales_with_available_stock(max_stock=591.4>threshold=1.0),0.0,0.0,trimmed_mean_3,trimmed_mean_3
6127,367-13,2024-12,23.0,"start=591.4,end=568.4,max=568.4",NORMAL_DEMAND,positive_sales,0.0,0.0,trimmed_mean_3,trimmed_mean_3
6127,367-13,2025-01,12.0,"start=568.4,end=542.4,max=558.4",NORMAL_DEMAND,positive_sales,0.0,0.0,trimmed_mean_3,trimmed_mean_3
6127,367-13,2025-02,7.0,"start=542.4,end=535.4,max=549.4",NORMAL_DEMAND,positive_sales,0.0,0.0,trimmed_mean_3,trimmed_mean_3
6127,367-13,2025-03,66.5,"start=535.4,end=466.2,max=565.4",NORMAL_DEMAND,positive_sales,0.0,0.0,trimmed_mean_3,trimmed_mean_3
6127,367-13,2025-04,0.0,"start=466.2,end=466.2,max=466.2",NORMAL_ZERO_DEMAND,zero_sales_with_available_stock(max_stock=466.2>threshold=1.0),0.0,0.0,trimmed_mean_3,trimmed_mean_3
6127,367-13,2025-05,0.0,"start=466.2,end=466.2,max=466.2",NORMAL_ZERO_DEMAND,zero_sales_with_available_stock(max_stock=466.2>threshold=1.0),0.0,0.0,trimmed_mean_3,trimmed_mean_3
6127,367-13,2025-06,0.0,"start=466.2,end=466.2,max=466.2",NORMAL_ZERO_DEMAND,zero_sales_with_available_stock(max_stock=466.2>threshold=1.0),0.0,0.0,trimmed_mean_3,trimmed_mean_3
6127,367-13,2025-07,0.0,"start=466.2,end=466.2,max=466.2",NORMAL_ZERO_DEMAND,zero_sales_with_available_stock(max_stock=466.2>threshold=1.0),0.0,0.0,trimmed_mean_3,trimmed_mean_3
6127,367-13,2025-08,0.0,"start=466.2,end=466.2,max=466.2",NORMAL_ZERO_DEMAND,zero_sales_with_available_stock(max_stock=466.2>threshold=1.0),0.0,0.0,trimmed_mean_3,trimmed_mean_3
6127,367-13,2025-09,0.0,"start=466.2,end=466.2,max=466.2",NORMAL_ZERO_DEMAND,zero_sales_with_available_stock(max_stock=466.2>threshold=1.0),0.0,0.0,trimmed_mean_3,trimmed_mean_3
6127,367-13,2025-10,0.0,"start=466.2,end=466.2,max=466.2",NORMAL_ZERO_DEMAND,zero_sales_with_available_stock(max_stock=466.2>threshold=1.0),0.0,0.0,trimmed_mean_3,trimmed_mean_3
6127,367-13,2025-11,13.0,"start=466.2,end=453.2,max=479.2",NORMAL_DEMAND,positive_sales,0.0,0.0,trimmed_mean_3,trimmed_mean_3
6127,367-13,2025-12,0.0,"start=453.2,end=453.2,max=453.2",NORMAL_ZERO_DEMAND,zero_sales_with_available_stock(max_stock=453.2>threshold=1.0),0.0,0.0,trimmed_mean_3,trimmed_mean_3
6127,367-13,2026-01,0.0,"start=453.2,end=453.2,max=453.2",NORMAL_ZERO_DEMAND,zero_sales_with_available_stock(max_stock=453.2>threshold=1.0),0.0,0.0,trimmed_mean_3,trimmed_mean_3
6127,367-13,2026-02,0.0,"start=453.2,end=453.2,max=453.2",NORMAL_ZERO_DEMAND,zero_sales_with_available_stock(max_stock=453.2>threshold=1.0),0.0,0.0,trimmed_mean_3,trimmed_mean_3
6127,367-13,2026-03,0.0,"start=453.2,end=453.2,max=453.2",NORMAL_ZERO_DEMAND,zero_sales_with_available_stock(max_stock=453.2>threshold=1.0),0.0,0.0,trimmed_mean_3,trimmed_mean_3
6127,367-13,2026-04,0.0,"start=453.2,end=453.2,max=453.2",NORMAL_ZERO_DEMAND,zero_sales_with_available_stock(max_stock=453.2>threshold=1.0),0.0,0.0,trimmed_mean_3,trimmed_mean_3
6127,367-13,2026-05,0.0,"start=453.2,end=453.2,max=453.2",NORMAL_ZERO_DEMAND,zero_sales_with_available_stock(max_stock=453.2>threshold=1.0),0.0,0.0,trimmed_mean_3,trimmed_mean_3
6127,367-13,2026-06,0.0,"start=453.2,end=453.2,max=453.2",NORMAL_ZERO_DEMAND,zero_sales_with_available_stock(max_stock=453.2>threshold=1.0),0.0,0.0,trimmed_mean_3,trimmed_mean_3
6127,367-13,2026-07,0.0,"start=453.2,end=453.2,max=453.2",NORMAL_ZERO_DEMAND,zero_sales_with_available_stock(max_stock=453.2>threshold=1.0),0.0,0.0,trimmed_mean_3,trimmed_mean_3
6127,367-13,2026-08,0.0,"start=453.2,end=453.2,max=453.2",NORMAL_ZERO_DEMAND,zero_sales_with_available_stock(max_stock=453.2>threshold=1.0),0.0,0.0,trimmed_mean_3,trimmed_mean_3
6127,367-13,2026-09,0.0,"start=453.2,end=453.2,max=453.2",NORMAL_ZERO_DEMAND,zero_sales_with_available_stock(max_stock=453.2>threshold=1.0),0.0,0.0,trimmed_mean_3,trimmed_mean_3
5230,355-38,2023-06,16.0,"start=172.6,end=156.6,max=156.6",NORMAL_DEMAND,positive_sales,0.0,0.0,trimmed_mean_3,trimmed_mean_3
5230,355-38,2023-07,80.5,"start=156.6,end=16.0,max=149.1",NORMAL_DEMAND,positive_sales,0.0,0.0,trimmed_mean_3,trimmed_mean_3
5230,355-38,2023-08,0.0,"start=16.0,end=16.0,max=16.0",NORMAL_ZERO_DEMAND,zero_sales_with_available_stock(max_stock=16.0>threshold=1.1),0.0,0.0,trimmed_mean_3,trimmed_mean_3
5230,355-38,2023-09,0.0,"start=16.0,end=16.0,max=16.0",NORMAL_ZERO_DEMAND,zero_sales_with_available_stock(max_stock=16.0>threshold=1.1),0.0,0.0,trimmed_mean_3,trimmed_mean_3
5230,355-38,2023-10,0.0,"start=16.0,end=16.0,max=16.0",NORMAL_ZERO_DEMAND,zero_sales_with_available_stock(max_stock=16.0>threshold=1.1),0.0,0.0,trimmed_mean_3,trimmed_mean_3
5230,355-38,2023-11,0.0,"start=16.0,end=116.4,max=116.4",NORMAL_ZERO_DEMAND,zero_sales_with_available_stock(max_stock=116.4>threshold=1.1),0.0,0.0,trimmed_mean_3,trimmed_mean_3
5230,355-38,2023-12,0.0,"start=116.4,end=116.4,max=116.4",NORMAL_ZERO_DEMAND,zero_sales_with_available_stock(max_stock=116.4>threshold=1.1),0.0,0.0,trimmed_mean_3,trimmed_mean_3
5230,355-38,2024-01,18.5,"start=116.4,end=97.9,max=97.9",NORMAL_DEMAND,positive_sales,0.0,0.0,trimmed_mean_3,trimmed_mean_3
5230,355-38,2024-02,0.0,"start=97.9,end=97.9,max=97.9",NORMAL_ZERO_DEMAND,zero_sales_with_available_stock(max_stock=97.9>threshold=1.1),0.0,0.0,trimmed_mean_3,trimmed_mean_3
5230,355-38,2024-03,0.0,"start=97.9,end=252.6,max=253.6",NORMAL_ZERO_DEMAND,zero_sales_with_available_stock(max_stock=253.6>threshold=1.1),0.0,0.0,trimmed_mean_3,trimmed_mean_3
5230,355-38,2024-04,0.0,"start=252.6,end=252.6,max=252.6",NORMAL_ZERO_DEMAND,zero_sales_with_available_stock(max_stock=252.6>threshold=1.1),0.0,0.0,trimmed_mean_3,trimmed_mean_3
5230,355-38,2024-05,24.0,"start=252.6,end=223.6,max=228.6",NORMAL_DEMAND,positive_sales,0.0,0.0,trimmed_mean_3,trimmed_mean_3
5230,355-38,2024-06,0.0,"start=223.6,end=223.6,max=223.6",NORMAL_ZERO_DEMAND,zero_sales_with_available_stock(max_stock=223.6>threshold=1.1),0.0,0.0,trimmed_mean_3,trimmed_mean_3
5230,355-38,2024-07,0.0,"start=223.6,end=295.2,max=295.2",NORMAL_ZERO_DEMAND,zero_sales_with_available_stock(max_stock=295.2>threshold=1.1),0.0,0.0,trimmed_mean_3,trimmed_mean_3
5230,355-38,2024-08,0.0,"start=295.2,end=295.2,max=295.2",NORMAL_ZERO_DEMAND,zero_sales_with_available_stock(max_stock=295.2>threshold=1.1),0.0,0.0,trimmed_mean_3,trimmed_mean_3
5230,355-38,2024-09,0.0,"start=295.2,end=295.2,max=295.2",NORMAL_ZERO_DEMAND,zero_sales_with_available_stock(max_stock=295.2>threshold=1.1),0.0,0.0,trimmed_mean_3,trimmed_mean_3
5230,355-38,2024-10,0.0,"start=295.2,end=295.2,max=295.2",NORMAL_ZERO_DEMAND,zero_sales_with_available_stock(max_stock=295.2>threshold=1.1),0.0,0.0,trimmed_mean_3,trimmed_mean_3
5230,355-38,2024-11,0.0,"start=295.2,end=295.2,max=295.2",NORMAL_ZERO_DEMAND,zero_sales_with_available_stock(max_stock=295.2>threshold=1.1),0.0,0.0,trimmed_mean_3,trimmed_mean_3
5230,355-38,2024-12,0.0,"start=295.2,end=295.2,max=295.2",NORMAL_ZERO_DEMAND,zero_sales_with_available_stock(max_stock=295.2>threshold=1.1),0.0,0.0,trimmed_mean_3,trimmed_mean_3
5230,355-38,2025-01,0.0,"start=295.2,end=295.2,max=295.2",NORMAL_ZERO_DEMAND,zero_sales_with_available_stock(max_stock=295.2>threshold=1.1),0.0,0.0,trimmed_mean_3,trimmed_mean_3
5230,355-38,2025-02,0.0,"start=295.2,end=295.2,max=295.2",NORMAL_ZERO_DEMAND,zero_sales_with_available_stock(max_stock=295.2>threshold=1.1),0.0,0.0,trimmed_mean_3,trimmed_mean_3
5230,355-38,2025-03,0.0,"start=295.2,end=295.2,max=295.2",NORMAL_ZERO_DEMAND,zero_sales_with_available_stock(max_stock=295.2>threshold=1.1),0.0,0.0,trimmed_mean_3,trimmed_mean_3
5230,355-38,2025-04,0.0,"start=295.2,end=295.2,max=295.2",NORMAL_ZERO_DEMAND,zero_sales_with_available_stock(max_stock=295.2>threshold=1.1),0.0,0.0,trimmed_mean_3,trimmed_mean_3
5230,355-38,2025-05,0.0,"start=295.2,end=295.2,max=295.2",NORMAL_ZERO_DEMAND,zero_sales_with_available_stock(max_stock=295.2>threshold=1.1),0.0,0.0,trimmed_mean_3,trimmed_mean_3
5230,355-38,2025-06,0.0,"start=295.2,end=295.2,max=295.2",NORMAL_ZERO_DEMAND,zero_sales_with_available_stock(max_stock=295.2>threshold=1.1),0.0,0.0,trimmed_mean_3,trimmed_mean_3
5230,355-38,2025-07,0.0,"start=295.2,end=295.2,max=295.2",NORMAL_ZERO_DEMAND,zero_sales_with_available_stock(max_stock=295.2>threshold=1.1),0.0,0.0,trimmed_mean_3,trimmed_mean_3
5230,355-38,2025-08,0.0,"start=295.2,end=295.2,max=295.2",NORMAL_ZERO_DEMAND,zero_sales_with_available_stock(max_stock=295.2>threshold=1.1),0.0,0.0,trimmed_mean_3,trimmed_mean_3
5230,355-38,2025-09,0.0,"start=295.2,end=295.2,max=295.2",NORMAL_ZERO_DEMAND,zero_sales_with_available_stock(max_stock=295.2>threshold=1.1),0.0,0.0,trimmed_mean_3,trimmed_mean_3
5230,355-38,2025-10,0.0,"start=295.2,end=295.2,max=295.2",NORMAL_ZERO_DEMAND,zero_sales_with_available_stock(max_stock=295.2>threshold=1.1),0.0,0.0,trimmed_mean_3,trimmed_mean_3
5230,355-38,2025-11,0.0,"start=295.2,end=295.2,max=295.2",NORMAL_ZERO_DEMAND,zero_sales_with_available_stock(max_stock=295.2>threshold=1.1),0.0,0.0,trimmed_mean_3,trimmed_mean_3
5230,355-38,2025-12,0.0,"start=295.2,end=295.2,max=295.2",NORMAL_ZERO_DEMAND,zero_sales_with_available_stock(max_stock=295.2>threshold=1.1),0.0,0.0,trimmed_mean_3,trimmed_mean_3
5230,355-38,2026-01,0.0,"start=295.2,end=295.2,max=295.2",NORMAL_ZERO_DEMAND,zero_sales_with_available_stock(max_stock=295.2>threshold=1.1),0.0,0.0,trimmed_mean_3,trimmed_mean_3
5230,355-38,2026-02,0.0,"start=295.2,end=295.2,max=295.2",NORMAL_ZERO_DEMAND,zero_sales_with_available_stock(max_stock=295.2>threshold=1.1),0.0,0.0,trimmed_mean_3,trimmed_mean_3
5230,355-38,2026-03,0.0,"start=295.2,end=295.2,max=295.2",NORMAL_ZERO_DEMAND,zero_sales_with_available_stock(max_stock=295.2>threshold=1.1),0.0,0.0,trimmed_mean_3,trimmed_mean_3
5230,355-38,2026-04,0.0,"start=295.2,end=295.2,max=295.2",NORMAL_ZERO_DEMAND,zero_sales_with_available_stock(max_stock=295.2>threshold=1.1),0.0,0.0,trimmed_mean_3,trimmed_mean_3
5230,355-38,2026-05,0.0,"start=295.2,end=295.2,max=295.2",NORMAL_ZERO_DEMAND,zero_sales_with_available_stock(max_stock=295.2>threshold=1.1),0.0,0.0,trimmed_mean_3,trimmed_mean_3
5230,355-38,2026-06,0.0,"start=295.2,end=295.2,max=295.2",NORMAL_ZERO_DEMAND,zero_sales_with_available_stock(max_stock=295.2>threshold=1.1),0.0,0.0,trimmed_mean_3,trimmed_mean_3
5230,355-38,2026-07,0.0,"start=295.2,end=295.2,max=295.2",NORMAL_ZERO_DEMAND,zero_sales_with_available_stock(max_stock=295.2>threshold=1.1),0.0,0.0,trimmed_mean_3,trimmed_mean_3
5230,355-38,2026-08,0.0,"start=295.2,end=295.2,max=295.2",NORMAL_ZERO_DEMAND,zero_sales_with_available_stock(max_stock=295.2>threshold=1.1),0.0,0.0,trimmed_mean_3,trimmed_mean_3
5230,355-38,2026-09,0.0,"start=295.2,end=295.2,max=295.2",NORMAL_ZERO_DEMAND,zero_sales_with_available_stock(max_stock=295.2>threshold=1.1),0.0,0.0,trimmed_mean_3,trimmed_mean_3
4827,1706-05,2025-02,22.0,"start=22.0,end=0.0,max=22.0",NORMAL_DEMAND,positive_sales,0.0,22.0,trimmed_mean_3,trimmed_mean_3
4827,1706-05,2025-03,0.0,"start=0.0,end=0.0,max=0.0",STOCKOUT_SUPPRESSED,zero_sales_with_depleted_stock(max_stock=0.0<=threshold=1.1),0.0,22.0,trimmed_mean_3,trimmed_mean_3
4827,1706-05,2025-04,0.0,"start=0.0,end=0.0,max=0.0",STOCKOUT_SUPPRESSED,zero_sales_with_depleted_stock(max_stock=0.0<=threshold=1.1),0.0,22.0,trimmed_mean_3,trimmed_mean_3
4827,1706-05,2025-05,0.0,"start=0.0,end=0.0,max=0.0",STOCKOUT_SUPPRESSED,zero_sales_with_depleted_stock(max_stock=0.0<=threshold=1.1),0.0,22.0,trimmed_mean_3,trimmed_mean_3
4827,1706-05,2025-06,0.0,"start=0.0,end=0.0,max=0.0",STOCKOUT_SUPPRESSED,zero_sales_with_depleted_stock(max_stock=0.0<=threshold=1.1),0.0,22.0,trimmed_mean_3,trimmed_mean_3
4827,1706-05,2025-07,0.0,"start=0.0,end=0.0,max=0.0",STOCKOUT_SUPPRESSED,zero_sales_with_depleted_stock(max_stock=0.0<=threshold=1.1),0.0,22.0,trimmed_mean_3,trimmed_mean_3
4827,1706-05,2025-08,0.0,"start=0.0,end=0.0,max=0.0",STOCKOUT_SUPPRESSED,zero_sales_with_depleted_stock(max_stock=0.0<=threshold=1.1),0.0,22.0,trimmed_mean_3,trimmed_mean_3
4827,1706-05,2025-09,0.0,"start=0.0,end=0.0,max=0.0",STOCKOUT_SUPPRESSED,zero_sales_with_depleted_stock(max_stock=0.0<=threshold=1.1),0.0,22.0,trimmed_mean_3,trimmed_mean_3
4827,1706-05,2025-10,0.0,"start=0.0,end=0.0,max=0.0",STOCKOUT_SUPPRESSED,zero_sales_with_depleted_stock(max_stock=0.0<=threshold=1.1),0.0,22.0,trimmed_mean_3,trimmed_mean_3
4827,1706-05,2025-11,0.0,"start=0.0,end=0.0,max=0.0",STOCKOUT_SUPPRESSED,zero_sales_with_depleted_stock(max_stock=0.0<=threshold=1.1),0.0,22.0,trimmed_mean_3,trimmed_mean_3
4827,1706-05,2025-12,0.0,"start=0.0,end=0.0,max=0.0",STOCKOUT_SUPPRESSED,zero_sales_with_depleted_stock(max_stock=0.0<=threshold=1.1),0.0,22.0,trimmed_mean_3,trimmed_mean_3
4827,1706-05,2026-01,0.0,"start=0.0,end=0.0,max=0.0",STOCKOUT_SUPPRESSED,zero_sales_with_depleted_stock(max_stock=0.0<=threshold=1.1),0.0,22.0,trimmed_mean_3,trimmed_mean_3
4827,1706-05,2026-02,0.0,"start=0.0,end=0.0,max=0.0",STOCKOUT_SUPPRESSED,zero_sales_with_depleted_stock(max_stock=0.0<=threshold=1.1),0.0,22.0,trimmed_mean_3,trimmed_mean_3
4827,1706-05,2026-03,0.0,"start=0.0,end=0.0,max=0.0",STOCKOUT_SUPPRESSED,zero_sales_with_depleted_stock(max_stock=0.0<=threshold=1.1),0.0,22.0,trimmed_mean_3,trimmed_mean_3
4827,1706-05,2026-04,0.0,"start=0.0,end=0.0,max=0.0",STOCKOUT_SUPPRESSED,zero_sales_with_depleted_stock(max_stock=0.0<=threshold=1.1),0.0,22.0,trimmed_mean_3,trimmed_mean_3
4827,1706-05,2026-05,0.0,"start=0.0,end=0.0,max=0.0",STOCKOUT_SUPPRESSED,zero_sales_with_depleted_stock(max_stock=0.0<=threshold=1.1),0.0,22.0,trimmed_mean_3,trimmed_mean_3
4827,1706-05,2026-06,0.0,"start=0.0,end=0.0,max=0.0",STOCKOUT_SUPPRESSED,zero_sales_with_depleted_stock(max_stock=0.0<=threshold=1.1),0.0,22.0,trimmed_mean_3,trimmed_mean_3
4827,1706-05,2026-07,0.0,"start=0.0,end=0.0,max=0.0",STOCKOUT_SUPPRESSED,zero_sales_with_depleted_stock(max_stock=0.0<=threshold=1.1),0.0,22.0,trimmed_mean_3,trimmed_mean_3
4827,1706-05,2026-08,0.0,"start=0.0,end=0.0,max=0.0",STOCKOUT_SUPPRESSED,zero_sales_with_depleted_stock(max_stock=0.0<=threshold=1.1),0.0,22.0,trimmed_mean_3,trimmed_mean_3
4827,1706-05,2026-09,0.0,"start=0.0,end=0.0,max=0.0",STOCKOUT_SUPPRESSED,zero_sales_with_depleted_stock(max_stock=0.0<=threshold=1.1),0.0,22.0,trimmed_mean_3,trimmed_mean_3
10430,Lee Cooper Ladies 3 Hands Fn Silver&Blue (LC07824.380),2024-01,1.0,"start=0.0,end=1.0,max=2.0",NORMAL_DEMAND,positive_sales,0.0,1.0,trimmed_mean_3,trimmed_mean_3
10430,Lee Cooper Ladies 3 Hands Fn Silver&Blue (LC07824.380),2024-02,0.0,"start=1.0,end=1.0,max=1.0",STOCKOUT_SUPPRESSED,zero_sales_with_depleted_stock(max_stock=1.0<=threshold=1.0),0.0,1.0,trimmed_mean_3,trimmed_mean_3
10430,Lee Cooper Ladies 3 Hands Fn Silver&Blue (LC07824.380),2024-03,0.0,"start=1.0,end=1.0,max=1.0",STOCKOUT_SUPPRESSED,zero_sales_with_depleted_stock(max_stock=1.0<=threshold=1.0),0.0,1.0,trimmed_mean_3,trimmed_mean_3
10430,Lee Cooper Ladies 3 Hands Fn Silver&Blue (LC07824.380),2024-04,0.0,"start=1.0,end=1.0,max=1.0",STOCKOUT_SUPPRESSED,zero_sales_with_depleted_stock(max_stock=1.0<=threshold=1.0),0.0,1.0,trimmed_mean_3,trimmed_mean_3
10430,Lee Cooper Ladies 3 Hands Fn Silver&Blue (LC07824.380),2024-05,0.0,"start=1.0,end=1.0,max=1.0",STOCKOUT_SUPPRESSED,zero_sales_with_depleted_stock(max_stock=1.0<=threshold=1.0),0.0,1.0,trimmed_mean_3,trimmed_mean_3
10430,Lee Cooper Ladies 3 Hands Fn Silver&Blue (LC07824.380),2024-06,0.0,"start=1.0,end=1.0,max=1.0",STOCKOUT_SUPPRESSED,zero_sales_with_depleted_stock(max_stock=1.0<=threshold=1.0),0.0,1.0,trimmed_mean_3,trimmed_mean_3
10430,Lee Cooper Ladies 3 Hands Fn Silver&Blue (LC07824.380),2024-07,0.0,"start=1.0,end=1.0,max=1.0",STOCKOUT_SUPPRESSED,zero_sales_with_depleted_stock(max_stock=1.0<=threshold=1.0),0.0,1.0,trimmed_mean_3,trimmed_mean_3
10430,Lee Cooper Ladies 3 Hands Fn Silver&Blue (LC07824.380),2024-08,0.0,"start=1.0,end=1.0,max=1.0",STOCKOUT_SUPPRESSED,zero_sales_with_depleted_stock(max_stock=1.0<=threshold=1.0),0.0,1.0,trimmed_mean_3,trimmed_mean_3
10430,Lee Cooper Ladies 3 Hands Fn Silver&Blue (LC07824.380),2024-09,0.0,"start=1.0,end=1.0,max=1.0",STOCKOUT_SUPPRESSED,zero_sales_with_depleted_stock(max_stock=1.0<=threshold=1.0),0.0,1.0,trimmed_mean_3,trimmed_mean_3
10430,Lee Cooper Ladies 3 Hands Fn Silver&Blue (LC07824.380),2024-10,0.0,"start=1.0,end=0.0,max=0.0",STOCKOUT_SUPPRESSED,zero_sales_with_depleted_stock(max_stock=0.0<=threshold=1.0),0.0,1.0,trimmed_mean_3,trimmed_mean_3
10430,Lee Cooper Ladies 3 Hands Fn Silver&Blue (LC07824.380),2024-11,0.0,"start=0.0,end=0.0,max=0.0",STOCKOUT_SUPPRESSED,zero_sales_with_depleted_stock(max_stock=0.0<=threshold=1.0),0.0,1.0,trimmed_mean_3,trimmed_mean_3
10430,Lee Cooper Ladies 3 Hands Fn Silver&Blue (LC07824.380),2024-12,0.0,"start=0.0,end=0.0,max=0.0",STOCKOUT_SUPPRESSED,zero_sales_with_depleted_stock(max_stock=0.0<=threshold=1.0),0.0,1.0,trimmed_mean_3,trimmed_mean_3
10430,Lee Cooper Ladies 3 Hands Fn Silver&Blue (LC07824.380),2025-01,0.0,"start=0.0,end=0.0,max=0.0",STOCKOUT_SUPPRESSED,zero_sales_with_depleted_stock(max_stock=0.0<=threshold=1.0),0.0,1.0,trimmed_mean_3,trimmed_mean_3
10430,Lee Cooper Ladies 3 Hands Fn Silver&Blue (LC07824.380),2025-02,0.0,"start=0.0,end=0.0,max=0.0",STOCKOUT_SUPPRESSED,zero_sales_with_depleted_stock(max_stock=0.0<=threshold=1.0),0.0,1.0,trimmed_mean_3,trimmed_mean_3
10430,Lee Cooper Ladies 3 Hands Fn Silver&Blue (LC07824.380),2025-03,0.0,"start=0.0,end=0.0,max=0.0",STOCKOUT_SUPPRESSED,zero_sales_with_depleted_stock(max_stock=0.0<=threshold=1.0),0.0,1.0,trimmed_mean_3,trimmed_mean_3
10430,Lee Cooper Ladies 3 Hands Fn Silver&Blue (LC07824.380),2025-04,0.0,"start=0.0,end=0.0,max=0.0",STOCKOUT_SUPPRESSED,zero_sales_with_depleted_stock(max_stock=0.0<=threshold=1.0),0.0,1.0,trimmed_mean_3,trimmed_mean_3
10430,Lee Cooper Ladies 3 Hands Fn Silver&Blue (LC07824.380),2025-05,1.0,"start=0.0,end=0.0,max=1.0",NORMAL_DEMAND,positive_sales,0.0,1.0,trimmed_mean_3,trimmed_mean_3
10430,Lee Cooper Ladies 3 Hands Fn Silver&Blue (LC07824.380),2025-06,0.0,"start=0.0,end=0.0,max=0.0",STOCKOUT_SUPPRESSED,zero_sales_with_depleted_stock(max_stock=0.0<=threshold=1.0),0.0,1.0,trimmed_mean_3,trimmed_mean_3
10430,Lee Cooper Ladies 3 Hands Fn Silver&Blue (LC07824.380),2025-07,0.0,"start=0.0,end=0.0,max=0.0",STOCKOUT_SUPPRESSED,zero_sales_with_depleted_stock(max_stock=0.0<=threshold=1.0),0.0,1.0,trimmed_mean_3,trimmed_mean_3
10430,Lee Cooper Ladies 3 Hands Fn Silver&Blue (LC07824.380),2025-08,0.0,"start=0.0,end=0.0,max=0.0",STOCKOUT_SUPPRESSED,zero_sales_with_depleted_stock(max_stock=0.0<=threshold=1.0),0.0,1.0,trimmed_mean_3,trimmed_mean_3
10430,Lee Cooper Ladies 3 Hands Fn Silver&Blue (LC07824.380),2025-09,0.0,"start=0.0,end=0.0,max=0.0",STOCKOUT_SUPPRESSED,zero_sales_with_depleted_stock(max_stock=0.0<=threshold=1.0),0.0,1.0,trimmed_mean_3,trimmed_mean_3
10430,Lee Cooper Ladies 3 Hands Fn Silver&Blue (LC07824.380),2025-10,0.0,"start=0.0,end=0.0,max=0.0",STOCKOUT_SUPPRESSED,zero_sales_with_depleted_stock(max_stock=0.0<=threshold=1.0),0.0,1.0,trimmed_mean_3,trimmed_mean_3
10430,Lee Cooper Ladies 3 Hands Fn Silver&Blue (LC07824.380),2025-11,2.0,"start=0.0,end=0.0,max=2.0",NORMAL_DEMAND,positive_sales,0.0,1.0,trimmed_mean_3,trimmed_mean_3
10430,Lee Cooper Ladies 3 Hands Fn Silver&Blue (LC07824.380),2025-12,0.0,"start=0.0,end=0.0,max=0.0",STOCKOUT_SUPPRESSED,zero_sales_with_depleted_stock(max_stock=0.0<=threshold=1.0),0.0,1.0,trimmed_mean_3,trimmed_mean_3
10430,Lee Cooper Ladies 3 Hands Fn Silver&Blue (LC07824.380),2026-01,0.0,"start=0.0,end=0.0,max=0.0",STOCKOUT_SUPPRESSED,zero_sales_with_depleted_stock(max_stock=0.0<=threshold=1.0),0.0,1.0,trimmed_mean_3,trimmed_mean_3
10430,Lee Cooper Ladies 3 Hands Fn Silver&Blue (LC07824.380),2026-02,0.0,"start=0.0,end=0.0,max=0.0",STOCKOUT_SUPPRESSED,zero_sales_with_depleted_stock(max_stock=0.0<=threshold=1.0),0.0,1.0,trimmed_mean_3,trimmed_mean_3
10430,Lee Cooper Ladies 3 Hands Fn Silver&Blue (LC07824.380),2026-03,0.0,"start=0.0,end=0.0,max=0.0",STOCKOUT_SUPPRESSED,zero_sales_with_depleted_stock(max_stock=0.0<=threshold=1.0),0.0,1.0,trimmed_mean_3,trimmed_mean_3
10430,Lee Cooper Ladies 3 Hands Fn Silver&Blue (LC07824.380),2026-04,0.0,"start=0.0,end=0.0,max=0.0",STOCKOUT_SUPPRESSED,zero_sales_with_depleted_stock(max_stock=0.0<=threshold=1.0),0.0,1.0,trimmed_mean_3,trimmed_mean_3
10430,Lee Cooper Ladies 3 Hands Fn Silver&Blue (LC07824.380),2026-05,0.0,"start=0.0,end=0.0,max=0.0",STOCKOUT_SUPPRESSED,zero_sales_with_depleted_stock(max_stock=0.0<=threshold=1.0),0.0,1.0,trimmed_mean_3,trimmed_mean_3
10430,Lee Cooper Ladies 3 Hands Fn Silver&Blue (LC07824.380),2026-06,0.0,"start=0.0,end=0.0,max=0.0",STOCKOUT_SUPPRESSED,zero_sales_with_depleted_stock(max_stock=0.0<=threshold=1.0),0.0,1.0,trimmed_mean_3,trimmed_mean_3
10430,Lee Cooper Ladies 3 Hands Fn Silver&Blue (LC07824.380),2026-07,0.0,"start=0.0,end=0.0,max=0.0",STOCKOUT_SUPPRESSED,zero_sales_with_depleted_stock(max_stock=0.0<=threshold=1.0),0.0,1.0,trimmed_mean_3,trimmed_mean_3
10430,Lee Cooper Ladies 3 Hands Fn Silver&Blue (LC07824.380),2026-08,0.0,"start=0.0,end=0.0,max=0.0",STOCKOUT_SUPPRESSED,zero_sales_with_depleted_stock(max_stock=0.0<=threshold=1.0),0.0,1.0,trimmed_mean_3,trimmed_mean_3
10430,Lee Cooper Ladies 3 Hands Fn Silver&Blue (LC07824.380),2026-09,0.0,"start=0.0,end=0.0,max=0.0",STOCKOUT_SUPPRESSED,zero_sales_with_depleted_stock(max_stock=0.0<=threshold=1.0),0.0,1.0,trimmed_mean_3,trimmed_mean_3
6114,366-26,2023-06,5.0,"start=271.9,end=266.9,max=269.9",NORMAL_DEMAND,positive_sales,0.0,0.0,trimmed_mean_3,trimmed_mean_3
6114,366-26,2023-07,0.0,"start=266.9,end=266.9,max=266.9",NORMAL_ZERO_DEMAND,zero_sales_with_available_stock(max_stock=266.9>threshold=1.0),0.0,0.0,trimmed_mean_3,trimmed_mean_3
6114,366-26,2023-08,0.0,"start=266.9,end=266.9,max=266.9",NORMAL_ZERO_DEMAND,zero_sales_with_available_stock(max_stock=266.9>threshold=1.0),0.0,0.0,trimmed_mean_3,trimmed_mean_3
6114,366-26,2023-09,0.0,"start=266.9,end=266.9,max=266.9",NORMAL_ZERO_DEMAND,zero_sales_with_available_stock(max_stock=266.9>threshold=1.0),0.0,0.0,trimmed_mean_3,trimmed_mean_3
6114,366-26,2023-10,0.0,"start=266.9,end=266.9,max=266.9",NORMAL_ZERO_DEMAND,zero_sales_with_available_stock(max_stock=266.9>threshold=1.0),0.0,0.0,trimmed_mean_3,trimmed_mean_3
6114,366-26,2023-11,2.0,"start=266.9,end=168.0,max=264.9",NORMAL_DEMAND,positive_sales,0.0,0.0,trimmed_mean_3,trimmed_mean_3
6114,366-26,2023-12,0.0,"start=168.0,end=261.4,max=261.4",NORMAL_ZERO_DEMAND,zero_sales_with_available_stock(max_stock=261.4>threshold=1.0),0.0,0.0,trimmed_mean_3,trimmed_mean_3
6114,366-26,2024-01,0.0,"start=261.4,end=261.4,max=261.4",NORMAL_ZERO_DEMAND,zero_sales_with_available_stock(max_stock=261.4>threshold=1.0),0.0,0.0,trimmed_mean_3,trimmed_mean_3
6114,366-26,2024-02,0.0,"start=261.4,end=261.4,max=261.4",NORMAL_ZERO_DEMAND,zero_sales_with_available_stock(max_stock=261.4>threshold=1.0),0.0,0.0,trimmed_mean_3,trimmed_mean_3
6114,366-26,2024-03,0.0,"start=261.4,end=261.4,max=261.4",NORMAL_ZERO_DEMAND,zero_sales_with_available_stock(max_stock=261.4>threshold=1.0),0.0,0.0,trimmed_mean_3,trimmed_mean_3
6114,366-26,2024-04,0.0,"start=261.4,end=261.4,max=261.4",NORMAL_ZERO_DEMAND,zero_sales_with_available_stock(max_stock=261.4>threshold=1.0),0.0,0.0,trimmed_mean_3,trimmed_mean_3
6114,366-26,2024-05,0.0,"start=261.4,end=261.4,max=261.4",NORMAL_ZERO_DEMAND,zero_sales_with_available_stock(max_stock=261.4>threshold=1.0),0.0,0.0,trimmed_mean_3,trimmed_mean_3
6114,366-26,2024-06,8.0,"start=261.4,end=253.4,max=253.4",NORMAL_DEMAND,positive_sales,0.0,0.0,trimmed_mean_3,trimmed_mean_3
6114,366-26,2024-07,0.0,"start=253.4,end=253.4,max=253.4",NORMAL_ZERO_DEMAND,zero_sales_with_available_stock(max_stock=253.4>threshold=1.0),0.0,0.0,trimmed_mean_3,trimmed_mean_3
6114,366-26,2024-08,0.0,"start=253.4,end=253.4,max=253.4",NORMAL_ZERO_DEMAND,zero_sales_with_available_stock(max_stock=253.4>threshold=1.0),0.0,0.0,trimmed_mean_3,trimmed_mean_3
6114,366-26,2024-09,0.0,"start=253.4,end=253.4,max=253.4",NORMAL_ZERO_DEMAND,zero_sales_with_available_stock(max_stock=253.4>threshold=1.0),0.0,0.0,trimmed_mean_3,trimmed_mean_3
6114,366-26,2024-10,0.0,"start=253.4,end=249.4,max=249.4",NORMAL_ZERO_DEMAND,zero_sales_with_available_stock(max_stock=249.4>threshold=1.0),0.0,0.0,trimmed_mean_3,trimmed_mean_3
6114,366-26,2024-11,0.0,"start=249.4,end=249.4,max=249.4",NORMAL_ZERO_DEMAND,zero_sales_with_available_stock(max_stock=249.4>threshold=1.0),0.0,0.0,trimmed_mean_3,trimmed_mean_3
6114,366-26,2024-12,0.0,"start=249.4,end=249.4,max=249.4",NORMAL_ZERO_DEMAND,zero_sales_with_available_stock(max_stock=249.4>threshold=1.0),0.0,0.0,trimmed_mean_3,trimmed_mean_3
6114,366-26,2025-01,0.0,"start=249.4,end=249.4,max=249.4",NORMAL_ZERO_DEMAND,zero_sales_with_available_stock(max_stock=249.4>threshold=1.0),0.0,0.0,trimmed_mean_3,trimmed_mean_3
6114,366-26,2025-02,0.0,"start=249.4,end=249.4,max=249.4",NORMAL_ZERO_DEMAND,zero_sales_with_available_stock(max_stock=249.4>threshold=1.0),0.0,0.0,trimmed_mean_3,trimmed_mean_3
6114,366-26,2025-03,0.0,"start=249.4,end=296.7,max=296.7",NORMAL_ZERO_DEMAND,zero_sales_with_available_stock(max_stock=296.7>threshold=1.0),0.0,0.0,trimmed_mean_3,trimmed_mean_3
6114,366-26,2025-04,0.0,"start=296.7,end=296.7,max=296.7",NORMAL_ZERO_DEMAND,zero_sales_with_available_stock(max_stock=296.7>threshold=1.0),0.0,0.0,trimmed_mean_3,trimmed_mean_3
6114,366-26,2025-05,0.0,"start=296.7,end=296.7,max=296.7",NORMAL_ZERO_DEMAND,zero_sales_with_available_stock(max_stock=296.7>threshold=1.0),0.0,0.0,trimmed_mean_3,trimmed_mean_3
6114,366-26,2025-06,0.0,"start=296.7,end=296.7,max=296.7",NORMAL_ZERO_DEMAND,zero_sales_with_available_stock(max_stock=296.7>threshold=1.0),0.0,0.0,trimmed_mean_3,trimmed_mean_3
6114,366-26,2025-07,0.0,"start=296.7,end=296.7,max=296.7",NORMAL_ZERO_DEMAND,zero_sales_with_available_stock(max_stock=296.7>threshold=1.0),0.0,0.0,trimmed_mean_3,trimmed_mean_3
6114,366-26,2025-08,0.0,"start=296.7,end=296.7,max=296.7",NORMAL_ZERO_DEMAND,zero_sales_with_available_stock(max_stock=296.7>threshold=1.0),0.0,0.0,trimmed_mean_3,trimmed_mean_3
6114,366-26,2025-09,0.0,"start=296.7,end=296.7,max=296.7",NORMAL_ZERO_DEMAND,zero_sales_with_available_stock(max_stock=296.7>threshold=1.0),0.0,0.0,trimmed_mean_3,trimmed_mean_3
6114,366-26,2025-10,6.0,"start=296.7,end=290.7,max=302.7",NORMAL_DEMAND,positive_sales,0.0,0.0,trimmed_mean_3,trimmed_mean_3
6114,366-26,2025-11,0.0,"start=290.7,end=290.7,max=290.7",NORMAL_ZERO_DEMAND,zero_sales_with_available_stock(max_stock=290.7>threshold=1.0),0.0,0.0,trimmed_mean_3,trimmed_mean_3
6114,366-26,2025-12,0.0,"start=290.7,end=290.7,max=290.7",NORMAL_ZERO_DEMAND,zero_sales_with_available_stock(max_stock=290.7>threshold=1.0),0.0,0.0,trimmed_mean_3,trimmed_mean_3
6114,366-26,2026-01,0.0,"start=290.7,end=290.7,max=290.7",NORMAL_ZERO_DEMAND,zero_sales_with_available_stock(max_stock=290.7>threshold=1.0),0.0,0.0,trimmed_mean_3,trimmed_mean_3
6114,366-26,2026-02,6.0,"start=290.7,end=284.7,max=296.7",NORMAL_DEMAND,positive_sales,0.0,0.0,trimmed_mean_3,trimmed_mean_3
6114,366-26,2026-03,0.0,"start=284.7,end=284.7,max=284.7",NORMAL_ZERO_DEMAND,zero_sales_with_available_stock(max_stock=284.7>threshold=1.0),0.0,0.0,trimmed_mean_3,trimmed_mean_3
6114,366-26,2026-04,0.0,"start=284.7,end=284.7,max=284.7",NORMAL_ZERO_DEMAND,zero_sales_with_available_stock(max_stock=284.7>threshold=1.0),0.0,0.0,trimmed_mean_3,trimmed_mean_3
6114,366-26,2026-05,0.0,"start=284.7,end=284.7,max=284.7",NORMAL_ZERO_DEMAND,zero_sales_with_available_stock(max_stock=284.7>threshold=1.0),0.0,0.0,trimmed_mean_3,trimmed_mean_3
6114,366-26,2026-06,0.0,"start=284.7,end=284.7,max=284.7",NORMAL_ZERO_DEMAND,zero_sales_with_available_stock(max_stock=284.7>threshold=1.0),0.0,0.0,trimmed_mean_3,trimmed_mean_3
6114,366-26,2026-07,0.0,"start=284.7,end=284.7,max=284.7",NORMAL_ZERO_DEMAND,zero_sales_with_available_stock(max_stock=284.7>threshold=1.0),0.0,0.0,trimmed_mean_3,trimmed_mean_3
6114,366-26,2026-08,0.0,"start=284.7,end=284.7,max=284.7",NORMAL_ZERO_DEMAND,zero_sales_with_available_stock(max_stock=284.7>threshold=1.0),0.0,0.0,trimmed_mean_3,trimmed_mean_3
6114,366-26,2026-09,0.0,"start=284.7,end=284.7,max=284.7",NORMAL_ZERO_DEMAND,zero_sales_with_available_stock(max_stock=284.7>threshold=1.0),0.0,0.0,trimmed_mean_3,trimmed_mean_3
1595,201-55,2023-08,30.0,"start=452.0,end=422.0,max=422.0",NORMAL_DEMAND,positive_sales,11.34,11.34,croston,croston
1595,201-55,2023-09,11.0,"start=422.0,end=411.0,max=411.0",NORMAL_DEMAND,positive_sales,11.34,11.34,croston,croston
1595,201-55,2023-10,6.0,"start=411.0,end=405.0,max=405.0",NORMAL_DEMAND,positive_sales,11.34,11.34,croston,croston
1595,201-55,2023-11,52.0,"start=405.0,end=353.0,max=399.0",NORMAL_DEMAND,positive_sales,11.34,11.34,croston,croston
1595,201-55,2023-12,0.0,"start=353.0,end=353.0,max=353.0",NORMAL_ZERO_DEMAND,zero_sales_with_available_stock(max_stock=353.0>threshold=1.0),11.34,11.34,croston,croston
1595,201-55,2024-01,0.0,"start=353.0,end=631.0,max=631.0",NORMAL_ZERO_DEMAND,zero_sales_with_available_stock(max_stock=631.0>threshold=1.0),11.34,11.34,croston,croston
1595,201-55,2024-02,0.0,"start=631.0,end=631.0,max=631.0",NORMAL_ZERO_DEMAND,zero_sales_with_available_stock(max_stock=631.0>threshold=1.0),11.34,11.34,croston,croston
1595,201-55,2024-03,0.0,"start=631.0,end=311.0,max=521.0",NORMAL_ZERO_DEMAND,zero_sales_with_available_stock(max_stock=521.0>threshold=1.0),11.34,11.34,croston,croston
1595,201-55,2024-04,0.0,"start=311.0,end=311.0,max=311.0",NORMAL_ZERO_DEMAND,zero_sales_with_available_stock(max_stock=311.0>threshold=1.0),11.34,11.34,croston,croston
1595,201-55,2024-05,4.0,"start=311.0,end=307.0,max=307.0",NORMAL_DEMAND,positive_sales,11.34,11.34,croston,croston
1595,201-55,2024-06,0.0,"start=307.0,end=307.0,max=307.0",NORMAL_ZERO_DEMAND,zero_sales_with_available_stock(max_stock=307.0>threshold=1.0),11.34,11.34,croston,croston
1595,201-55,2024-07,0.0,"start=307.0,end=307.0,max=307.0",NORMAL_ZERO_DEMAND,zero_sales_with_available_stock(max_stock=307.0>threshold=1.0),11.34,11.34,croston,croston
1595,201-55,2024-08,0.0,"start=307.0,end=307.0,max=307.0",NORMAL_ZERO_DEMAND,zero_sales_with_available_stock(max_stock=307.0>threshold=1.0),11.34,11.34,croston,croston
1595,201-55,2024-09,0.0,"start=307.0,end=307.0,max=307.0",NORMAL_ZERO_DEMAND,zero_sales_with_available_stock(max_stock=307.0>threshold=1.0),11.34,11.34,croston,croston
1595,201-55,2024-10,11.5,"start=307.0,end=295.5,max=297.0",NORMAL_DEMAND,positive_sales,11.34,11.34,croston,croston
1595,201-55,2024-11,25.0,"start=295.5,end=278.0,max=303.0",NORMAL_DEMAND,positive_sales,11.34,11.34,croston,croston
1595,201-55,2024-12,0.0,"start=278.0,end=278.0,max=278.0",NORMAL_ZERO_DEMAND,zero_sales_with_available_stock(max_stock=278.0>threshold=1.0),11.34,11.34,croston,croston
1595,201-55,2025-01,0.0,"start=278.0,end=266.0,max=278.0",NORMAL_ZERO_DEMAND,zero_sales_with_available_stock(max_stock=278.0>threshold=1.0),11.34,11.34,croston,croston
1595,201-55,2025-02,0.0,"start=266.0,end=266.0,max=266.0",NORMAL_ZERO_DEMAND,zero_sales_with_available_stock(max_stock=266.0>threshold=1.0),11.34,11.34,croston,croston
1595,201-55,2025-03,0.0,"start=266.0,end=266.0,max=266.0",NORMAL_ZERO_DEMAND,zero_sales_with_available_stock(max_stock=266.0>threshold=1.0),11.34,11.34,croston,croston
1595,201-55,2025-04,0.0,"start=266.0,end=266.0,max=266.0",NORMAL_ZERO_DEMAND,zero_sales_with_available_stock(max_stock=266.0>threshold=1.0),11.34,11.34,croston,croston
1595,201-55,2025-05,0.0,"start=266.0,end=266.0,max=266.0",NORMAL_ZERO_DEMAND,zero_sales_with_available_stock(max_stock=266.0>threshold=1.0),11.34,11.34,croston,croston
1595,201-55,2025-06,10.0,"start=266.0,end=256.0,max=266.0",NORMAL_DEMAND,positive_sales,11.34,11.34,croston,croston
1595,201-55,2025-07,18.0,"start=256.0,end=238.0,max=269.0",NORMAL_DEMAND,positive_sales,11.34,11.34,croston,croston
1595,201-55,2025-08,0.0,"start=238.0,end=238.0,max=238.0",NORMAL_ZERO_DEMAND,zero_sales_with_available_stock(max_stock=238.0>threshold=1.0),11.34,11.34,croston,croston
1595,201-55,2025-09,0.0,"start=238.0,end=838.0,max=838.0",NORMAL_ZERO_DEMAND,zero_sales_with_available_stock(max_stock=838.0>threshold=1.0),11.34,11.34,croston,croston
1595,201-55,2025-10,1.5,"start=838.0,end=836.5,max=839.5",NORMAL_DEMAND,positive_sales,11.34,11.34,croston,croston
1595,201-55,2025-11,0.0,"start=836.5,end=836.5,max=836.5",NORMAL_ZERO_DEMAND,zero_sales_with_available_stock(max_stock=836.5>threshold=1.0),11.34,11.34,croston,croston
1595,201-55,2025-12,4.0,"start=836.5,end=832.5,max=840.5",NORMAL_DEMAND,positive_sales,11.34,11.34,croston,croston
1595,201-55,2026-01,4.0,"start=832.5,end=828.5,max=834.5",NORMAL_DEMAND,positive_sales,11.34,11.34,croston,croston
1595,201-55,2026-02,0.0,"start=828.5,end=828.5,max=828.5",NORMAL_ZERO_DEMAND,zero_sales_with_available_stock(max_stock=828.5>threshold=1.0),11.34,11.34,croston,croston
1595,201-55,2026-03,0.0,"start=828.5,end=828.5,max=828.5",NORMAL_ZERO_DEMAND,zero_sales_with_available_stock(max_stock=828.5>threshold=1.0),11.34,11.34,croston,croston
1595,201-55,2026-04,40.0,"start=828.5,end=788.5,max=868.5",NORMAL_DEMAND,positive_sales,11.34,11.34,croston,croston
1595,201-55,2026-05,30.0,"start=788.5,end=758.5,max=818.5",NORMAL_DEMAND,positive_sales,11.34,11.34,croston,croston
1595,201-55,2026-06,10.0,"start=758.5,end=735.0,max=765.5",NORMAL_DEMAND,positive_sales,11.34,11.34,croston,croston
1595,201-55,2026-07,35.0,"start=735.0,end=700.0,max=770.0",NORMAL_DEMAND,positive_sales,11.34,11.34,croston,croston
1595,201-55,2026-08,0.0,"start=700.0,end=700.0,max=700.0",NORMAL_ZERO_DEMAND,zero_sales_with_available_stock(max_stock=700.0>threshold=1.0),11.34,11.34,croston,croston
1595,201-55,2026-09,0.0,"start=700.0,end=700.0,max=700.0",NORMAL_ZERO_DEMAND,zero_sales_with_available_stock(max_stock=700.0>threshold=1.0),11.34,11.34,croston,croston
1268,Lisos 21,2024-01,10.0,"start=124.0,end=114.0,max=114.0",NORMAL_DEMAND,positive_sales,0.0,0.0,trimmed_mean_3,trimmed_mean_3
1268,Lisos 21,2024-02,0.0,"start=114.0,end=114.0,max=114.0",NORMAL_ZERO_DEMAND,zero_sales_with_available_stock(max_stock=114.0>threshold=1.0),0.0,0.0,trimmed_mean_3,trimmed_mean_3
1268,Lisos 21,2024-03,0.0,"start=114.0,end=114.0,max=114.0",NORMAL_ZERO_DEMAND,zero_sales_with_available_stock(max_stock=114.0>threshold=1.0),0.0,0.0,trimmed_mean_3,trimmed_mean_3
1268,Lisos 21,2024-04,0.0,"start=114.0,end=114.0,max=114.0",NORMAL_ZERO_DEMAND,zero_sales_with_available_stock(max_stock=114.0>threshold=1.0),0.0,0.0,trimmed_mean_3,trimmed_mean_3
1268,Lisos 21,2024-05,0.0,"start=114.0,end=114.0,max=114.0",NORMAL_ZERO_DEMAND,zero_sales_with_available_stock(max_stock=114.0>threshold=1.0),0.0,0.0,trimmed_mean_3,trimmed_mean_3
1268,Lisos 21,2024-06,0.0,"start=114.0,end=109.0,max=109.0",NORMAL_ZERO_DEMAND,zero_sales_with_available_stock(max_stock=109.0>threshold=1.0),0.0,0.0,trimmed_mean_3,trimmed_mean_3
1268,Lisos 21,2024-07,0.0,"start=109.0,end=109.0,max=109.0",NORMAL_ZERO_DEMAND,zero_sales_with_available_stock(max_stock=109.0>threshold=1.0),0.0,0.0,trimmed_mean_3,trimmed_mean_3
1268,Lisos 21,2024-08,0.0,"start=109.0,end=109.0,max=109.0",NORMAL_ZERO_DEMAND,zero_sales_with_available_stock(max_stock=109.0>threshold=1.0),0.0,0.0,trimmed_mean_3,trimmed_mean_3
1268,Lisos 21,2024-09,0.0,"start=109.0,end=109.0,max=109.0",NORMAL_ZERO_DEMAND,zero_sales_with_available_stock(max_stock=109.0>threshold=1.0),0.0,0.0,trimmed_mean_3,trimmed_mean_3
1268,Lisos 21,2024-10,0.0,"start=109.0,end=109.0,max=109.0",NORMAL_ZERO_DEMAND,zero_sales_with_available_stock(max_stock=109.0>threshold=1.0),0.0,0.0,trimmed_mean_3,trimmed_mean_3
1268,Lisos 21,2024-11,0.0,"start=109.0,end=109.0,max=109.0",NORMAL_ZERO_DEMAND,zero_sales_with_available_stock(max_stock=109.0>threshold=1.0),0.0,0.0,trimmed_mean_3,trimmed_mean_3
1268,Lisos 21,2024-12,0.0,"start=109.0,end=109.0,max=109.0",NORMAL_ZERO_DEMAND,zero_sales_with_available_stock(max_stock=109.0>threshold=1.0),0.0,0.0,trimmed_mean_3,trimmed_mean_3
1268,Lisos 21,2025-01,0.0,"start=109.0,end=109.0,max=109.0",NORMAL_ZERO_DEMAND,zero_sales_with_available_stock(max_stock=109.0>threshold=1.0),0.0,0.0,trimmed_mean_3,trimmed_mean_3
1268,Lisos 21,2025-02,0.0,"start=109.0,end=109.0,max=109.0",NORMAL_ZERO_DEMAND,zero_sales_with_available_stock(max_stock=109.0>threshold=1.0),0.0,0.0,trimmed_mean_3,trimmed_mean_3
1268,Lisos 21,2025-03,0.0,"start=109.0,end=109.0,max=109.0",NORMAL_ZERO_DEMAND,zero_sales_with_available_stock(max_stock=109.0>threshold=1.0),0.0,0.0,trimmed_mean_3,trimmed_mean_3
1268,Lisos 21,2025-04,0.0,"start=109.0,end=109.0,max=109.0",NORMAL_ZERO_DEMAND,zero_sales_with_available_stock(max_stock=109.0>threshold=1.0),0.0,0.0,trimmed_mean_3,trimmed_mean_3
1268,Lisos 21,2025-05,0.0,"start=109.0,end=109.0,max=109.0",NORMAL_ZERO_DEMAND,zero_sales_with_available_stock(max_stock=109.0>threshold=1.0),0.0,0.0,trimmed_mean_3,trimmed_mean_3
1268,Lisos 21,2025-06,0.0,"start=109.0,end=109.0,max=109.0",NORMAL_ZERO_DEMAND,zero_sales_with_available_stock(max_stock=109.0>threshold=1.0),0.0,0.0,trimmed_mean_3,trimmed_mean_3
1268,Lisos 21,2025-07,0.0,"start=109.0,end=104.0,max=104.0",NORMAL_ZERO_DEMAND,zero_sales_with_available_stock(max_stock=104.0>threshold=1.0),0.0,0.0,trimmed_mean_3,trimmed_mean_3
1268,Lisos 21,2025-08,0.0,"start=104.0,end=104.0,max=104.0",NORMAL_ZERO_DEMAND,zero_sales_with_available_stock(max_stock=104.0>threshold=1.0),0.0,0.0,trimmed_mean_3,trimmed_mean_3
1268,Lisos 21,2025-09,0.0,"start=104.0,end=104.0,max=104.0",NORMAL_ZERO_DEMAND,zero_sales_with_available_stock(max_stock=104.0>threshold=1.0),0.0,0.0,trimmed_mean_3,trimmed_mean_3
1268,Lisos 21,2025-10,0.0,"start=104.0,end=104.0,max=104.0",NORMAL_ZERO_DEMAND,zero_sales_with_available_stock(max_stock=104.0>threshold=1.0),0.0,0.0,trimmed_mean_3,trimmed_mean_3
1268,Lisos 21,2025-11,0.0,"start=104.0,end=104.0,max=104.0",NORMAL_ZERO_DEMAND,zero_sales_with_available_stock(max_stock=104.0>threshold=1.0),0.0,0.0,trimmed_mean_3,trimmed_mean_3
1268,Lisos 21,2025-12,0.0,"start=104.0,end=104.0,max=104.0",NORMAL_ZERO_DEMAND,zero_sales_with_available_stock(max_stock=104.0>threshold=1.0),0.0,0.0,trimmed_mean_3,trimmed_mean_3
1268,Lisos 21,2026-01,0.0,"start=104.0,end=104.0,max=104.0",NORMAL_ZERO_DEMAND,zero_sales_with_available_stock(max_stock=104.0>threshold=1.0),0.0,0.0,trimmed_mean_3,trimmed_mean_3
1268,Lisos 21,2026-02,0.0,"start=104.0,end=104.0,max=104.0",NORMAL_ZERO_DEMAND,zero_sales_with_available_stock(max_stock=104.0>threshold=1.0),0.0,0.0,trimmed_mean_3,trimmed_mean_3
1268,Lisos 21,2026-03,0.0,"start=104.0,end=104.0,max=104.0",NORMAL_ZERO_DEMAND,zero_sales_with_available_stock(max_stock=104.0>threshold=1.0),0.0,0.0,trimmed_mean_3,trimmed_mean_3
1268,Lisos 21,2026-04,0.0,"start=104.0,end=104.0,max=104.0",NORMAL_ZERO_DEMAND,zero_sales_with_available_stock(max_stock=104.0>threshold=1.0),0.0,0.0,trimmed_mean_3,trimmed_mean_3
1268,Lisos 21,2026-05,0.0,"start=104.0,end=104.0,max=104.0",NORMAL_ZERO_DEMAND,zero_sales_with_available_stock(max_stock=104.0>threshold=1.0),0.0,0.0,trimmed_mean_3,trimmed_mean_3
1268,Lisos 21,2026-06,0.0,"start=104.0,end=104.0,max=104.0",NORMAL_ZERO_DEMAND,zero_sales_with_available_stock(max_stock=104.0>threshold=1.0),0.0,0.0,trimmed_mean_3,trimmed_mean_3
1268,Lisos 21,2026-07,0.0,"start=104.0,end=104.0,max=104.0",NORMAL_ZERO_DEMAND,zero_sales_with_available_stock(max_stock=104.0>threshold=1.0),0.0,0.0,trimmed_mean_3,trimmed_mean_3
1268,Lisos 21,2026-08,0.0,"start=104.0,end=104.0,max=104.0",NORMAL_ZERO_DEMAND,zero_sales_with_available_stock(max_stock=104.0>threshold=1.0),0.0,0.0,trimmed_mean_3,trimmed_mean_3
1268,Lisos 21,2026-09,0.0,"start=104.0,end=104.0,max=104.0",NORMAL_ZERO_DEMAND,zero_sales_with_available_stock(max_stock=104.0>threshold=1.0),0.0,0.0,trimmed_mean_3,trimmed_mean_3
9612,Leviotto Women's Sneaker NUDE (LVTW21003),2023-12,1.0,"start=0.0,end=0.0,max=1.0",NORMAL_DEMAND,positive_sales,0.0,1.0,trimmed_mean_3,trimmed_mean_3
9612,Leviotto Women's Sneaker NUDE (LVTW21003),2024-01,2.0,"start=0.0,end=0.0,max=1.0",NORMAL_DEMAND,positive_sales,0.0,1.0,trimmed_mean_3,trimmed_mean_3
9612,Leviotto Women's Sneaker NUDE (LVTW21003),2024-02,0.0,"start=0.0,end=0.0,max=0.0",STOCKOUT_SUPPRESSED,zero_sales_with_depleted_stock(max_stock=0.0<=threshold=1.0),0.0,1.0,trimmed_mean_3,trimmed_mean_3
9612,Leviotto Women's Sneaker NUDE (LVTW21003),2024-03,1.0,"start=0.0,end=0.0,max=1.0",NORMAL_DEMAND,positive_sales,0.0,1.0,trimmed_mean_3,trimmed_mean_3
9612,Leviotto Women's Sneaker NUDE (LVTW21003),2024-04,1.0,"start=0.0,end=0.0,max=1.0",NORMAL_DEMAND,positive_sales,0.0,1.0,trimmed_mean_3,trimmed_mean_3
9612,Leviotto Women's Sneaker NUDE (LVTW21003),2024-05,0.0,"start=0.0,end=0.0,max=0.0",STOCKOUT_SUPPRESSED,zero_sales_with_depleted_stock(max_stock=0.0<=threshold=1.0),0.0,1.0,trimmed_mean_3,trimmed_mean_3
9612,Leviotto Women's Sneaker NUDE (LVTW21003),2024-06,0.0,"start=0.0,end=0.0,max=0.0",STOCKOUT_SUPPRESSED,zero_sales_with_depleted_stock(max_stock=0.0<=threshold=1.0),0.0,1.0,trimmed_mean_3,trimmed_mean_3
9612,Leviotto Women's Sneaker NUDE (LVTW21003),2024-07,0.0,"start=0.0,end=0.0,max=0.0",STOCKOUT_SUPPRESSED,zero_sales_with_depleted_stock(max_stock=0.0<=threshold=1.0),0.0,1.0,trimmed_mean_3,trimmed_mean_3
9612,Leviotto Women's Sneaker NUDE (LVTW21003),2024-08,1.0,"start=0.0,end=0.0,max=1.0",NORMAL_DEMAND,positive_sales,0.0,1.0,trimmed_mean_3,trimmed_mean_3
9612,Leviotto Women's Sneaker NUDE (LVTW21003),2024-09,1.0,"start=0.0,end=0.0,max=1.0",NORMAL_DEMAND,positive_sales,0.0,1.0,trimmed_mean_3,trimmed_mean_3
9612,Leviotto Women's Sneaker NUDE (LVTW21003),2024-10,0.0,"start=0.0,end=0.0,max=0.0",STOCKOUT_SUPPRESSED,zero_sales_with_depleted_stock(max_stock=0.0<=threshold=1.0),0.0,1.0,trimmed_mean_3,trimmed_mean_3
9612,Leviotto Women's Sneaker NUDE (LVTW21003),2024-11,0.0,"start=0.0,end=0.0,max=0.0",STOCKOUT_SUPPRESSED,zero_sales_with_depleted_stock(max_stock=0.0<=threshold=1.0),0.0,1.0,trimmed_mean_3,trimmed_mean_3
9612,Leviotto Women's Sneaker NUDE (LVTW21003),2024-12,0.0,"start=0.0,end=0.0,max=0.0",STOCKOUT_SUPPRESSED,zero_sales_with_depleted_stock(max_stock=0.0<=threshold=1.0),0.0,1.0,trimmed_mean_3,trimmed_mean_3
9612,Leviotto Women's Sneaker NUDE (LVTW21003),2025-01,0.0,"start=0.0,end=0.0,max=0.0",STOCKOUT_SUPPRESSED,zero_sales_with_depleted_stock(max_stock=0.0<=threshold=1.0),0.0,1.0,trimmed_mean_3,trimmed_mean_3
9612,Leviotto Women's Sneaker NUDE (LVTW21003),2025-02,0.0,"start=0.0,end=0.0,max=0.0",STOCKOUT_SUPPRESSED,zero_sales_with_depleted_stock(max_stock=0.0<=threshold=1.0),0.0,1.0,trimmed_mean_3,trimmed_mean_3
9612,Leviotto Women's Sneaker NUDE (LVTW21003),2025-03,0.0,"start=0.0,end=0.0,max=0.0",STOCKOUT_SUPPRESSED,zero_sales_with_depleted_stock(max_stock=0.0<=threshold=1.0),0.0,1.0,trimmed_mean_3,trimmed_mean_3
9612,Leviotto Women's Sneaker NUDE (LVTW21003),2025-04,0.0,"start=0.0,end=0.0,max=0.0",STOCKOUT_SUPPRESSED,zero_sales_with_depleted_stock(max_stock=0.0<=threshold=1.0),0.0,1.0,trimmed_mean_3,trimmed_mean_3
9612,Leviotto Women's Sneaker NUDE (LVTW21003),2025-05,0.0,"start=0.0,end=0.0,max=0.0",STOCKOUT_SUPPRESSED,zero_sales_with_depleted_stock(max_stock=0.0<=threshold=1.0),0.0,1.0,trimmed_mean_3,trimmed_mean_3
9612,Leviotto Women's Sneaker NUDE (LVTW21003),2025-06,1.0,"start=0.0,end=1.0,max=2.0",NORMAL_DEMAND,positive_sales,0.0,1.0,trimmed_mean_3,trimmed_mean_3
9612,Leviotto Women's Sneaker NUDE (LVTW21003),2025-07,1.0,"start=1.0,end=1.0,max=2.0",NORMAL_DEMAND,positive_sales,0.0,1.0,trimmed_mean_3,trimmed_mean_3
9612,Leviotto Women's Sneaker NUDE (LVTW21003),2025-08,0.0,"start=1.0,end=1.0,max=1.0",STOCKOUT_SUPPRESSED,zero_sales_with_depleted_stock(max_stock=1.0<=threshold=1.0),0.0,1.0,trimmed_mean_3,trimmed_mean_3
9612,Leviotto Women's Sneaker NUDE (LVTW21003),2025-09,0.0,"start=1.0,end=1.0,max=1.0",STOCKOUT_SUPPRESSED,zero_sales_with_depleted_stock(max_stock=1.0<=threshold=1.0),0.0,1.0,trimmed_mean_3,trimmed_mean_3
9612,Leviotto Women's Sneaker NUDE (LVTW21003),2025-10,0.0,"start=1.0,end=1.0,max=1.0",STOCKOUT_SUPPRESSED,zero_sales_with_depleted_stock(max_stock=1.0<=threshold=1.0),0.0,1.0,trimmed_mean_3,trimmed_mean_3
9612,Leviotto Women's Sneaker NUDE (LVTW21003),2025-11,0.0,"start=1.0,end=1.0,max=1.0",STOCKOUT_SUPPRESSED,zero_sales_with_depleted_stock(max_stock=1.0<=threshold=1.0),0.0,1.0,trimmed_mean_3,trimmed_mean_3
9612,Leviotto Women's Sneaker NUDE (LVTW21003),2025-12,0.0,"start=1.0,end=1.0,max=1.0",STOCKOUT_SUPPRESSED,zero_sales_with_depleted_stock(max_stock=1.0<=threshold=1.0),0.0,1.0,trimmed_mean_3,trimmed_mean_3
9612,Leviotto Women's Sneaker NUDE (LVTW21003),2026-01,1.0,"start=1.0,end=1.0,max=2.0",NORMAL_DEMAND,positive_sales,0.0,1.0,trimmed_mean_3,trimmed_mean_3
9612,Leviotto Women's Sneaker NUDE (LVTW21003),2026-02,0.0,"start=1.0,end=1.0,max=1.0",STOCKOUT_SUPPRESSED,zero_sales_with_depleted_stock(max_stock=1.0<=threshold=1.0),0.0,1.0,trimmed_mean_3,trimmed_mean_3
9612,Leviotto Women's Sneaker NUDE (LVTW21003),2026-03,0.0,"start=1.0,end=1.0,max=1.0",STOCKOUT_SUPPRESSED,zero_sales_with_depleted_stock(max_stock=1.0<=threshold=1.0),0.0,1.0,trimmed_mean_3,trimmed_mean_3
9612,Leviotto Women's Sneaker NUDE (LVTW21003),2026-04,0.0,"start=1.0,end=1.0,max=1.0",STOCKOUT_SUPPRESSED,zero_sales_with_depleted_stock(max_stock=1.0<=threshold=1.0),0.0,1.0,trimmed_mean_3,trimmed_mean_3
9612,Leviotto Women's Sneaker NUDE (LVTW21003),2026-05,0.0,"start=1.0,end=1.0,max=1.0",STOCKOUT_SUPPRESSED,zero_sales_with_depleted_stock(max_stock=1.0<=threshold=1.0),0.0,1.0,trimmed_mean_3,trimmed_mean_3
9612,Leviotto Women's Sneaker NUDE (LVTW21003),2026-06,0.0,"start=1.0,end=1.0,max=1.0",STOCKOUT_SUPPRESSED,zero_sales_with_depleted_stock(max_stock=1.0<=threshold=1.0),0.0,1.0,trimmed_mean_3,trimmed_mean_3
9612,Leviotto Women's Sneaker NUDE (LVTW21003),2026-07,0.0,"start=1.0,end=1.0,max=1.0",STOCKOUT_SUPPRESSED,zero_sales_with_depleted_stock(max_stock=1.0<=threshold=1.0),0.0,1.0,trimmed_mean_3,trimmed_mean_3
9612,Leviotto Women's Sneaker NUDE (LVTW21003),2026-08,0.0,"start=1.0,end=1.0,max=1.0",STOCKOUT_SUPPRESSED,zero_sales_with_depleted_stock(max_stock=1.0<=threshold=1.0),0.0,1.0,trimmed_mean_3,trimmed_mean_3
9612,Leviotto Women's Sneaker NUDE (LVTW21003),2026-09,0.0,"start=1.0,end=1.0,max=1.0",STOCKOUT_SUPPRESSED,zero_sales_with_depleted_stock(max_stock=1.0<=threshold=1.0),0.0,1.0,trimmed_mean_3,trimmed_mean_3
19618,437-57,2025-11,6.0,"start=198.8,end=192.8,max=204.8",NORMAL_DEMAND,positive_sales,0.0,0.0,trimmed_mean_3,trimmed_mean_3
19618,437-57,2025-12,58.0,"start=192.8,end=145.3,max=234.8",NORMAL_DEMAND,positive_sales,0.0,0.0,trimmed_mean_3,trimmed_mean_3
19618,437-57,2026-01,35.0,"start=145.3,end=110.3,max=159.3",NORMAL_DEMAND,positive_sales,0.0,0.0,trimmed_mean_3,trimmed_mean_3
19618,437-57,2026-02,12.0,"start=110.3,end=98.3,max=122.3",NORMAL_DEMAND,positive_sales,0.0,0.0,trimmed_mean_3,trimmed_mean_3
19618,437-57,2026-03,8.5,"start=98.3,end=86.2,max=101.8",NORMAL_DEMAND,positive_sales,0.0,0.0,trimmed_mean_3,trimmed_mean_3
19618,437-57,2026-04,0.0,"start=86.2,end=86.2,max=86.2",NORMAL_ZERO_DEMAND,zero_sales_with_available_stock(max_stock=86.2>threshold=1.0),0.0,0.0,trimmed_mean_3,trimmed_mean_3
19618,437-57,2026-05,0.0,"start=86.2,end=86.2,max=86.2",NORMAL_ZERO_DEMAND,zero_sales_with_available_stock(max_stock=86.2>threshold=1.0),0.0,0.0,trimmed_mean_3,trimmed_mean_3
19618,437-57,2026-06,10.5,"start=86.2,end=75.7,max=96.7",NORMAL_DEMAND,positive_sales,0.0,0.0,trimmed_mean_3,trimmed_mean_3
19618,437-57,2026-07,0.0,"start=75.7,end=234.5,max=234.5",NORMAL_ZERO_DEMAND,zero_sales_with_available_stock(max_stock=234.5>threshold=1.0),0.0,0.0,trimmed_mean_3,trimmed_mean_3
19618,437-57,2026-08,24.0,"start=234.5,end=210.5,max=258.5",NORMAL_DEMAND,positive_sales,0.0,0.0,trimmed_mean_3,trimmed_mean_3
19618,437-57,2026-09,0.0,"start=210.5,end=210.5,max=210.5",NORMAL_ZERO_DEMAND,zero_sales_with_available_stock(max_stock=210.5>threshold=1.0),0.0,0.0,trimmed_mean_3,trimmed_mean_3
173,345-99,2024-01,8.0,"start=404.1,end=396.1,max=404.1",NORMAL_DEMAND,positive_sales,0.0,0.0,trimmed_mean_3,trimmed_mean_3
173,345-99,2024-02,0.0,"start=396.1,end=396.1,max=396.1",NORMAL_ZERO_DEMAND,zero_sales_with_available_stock(max_stock=396.1>threshold=1.0),0.0,0.0,trimmed_mean_3,trimmed_mean_3
173,345-99,2024-03,0.0,"start=396.1,end=396.1,max=396.1",NORMAL_ZERO_DEMAND,zero_sales_with_available_stock(max_stock=396.1>threshold=1.0),0.0,0.0,trimmed_mean_3,trimmed_mean_3
173,345-99,2024-04,0.0,"start=396.1,end=396.1,max=396.1",NORMAL_ZERO_DEMAND,zero_sales_with_available_stock(max_stock=396.1>threshold=1.0),0.0,0.0,trimmed_mean_3,trimmed_mean_3
173,345-99,2024-05,0.0,"start=396.1,end=396.1,max=396.1",NORMAL_ZERO_DEMAND,zero_sales_with_available_stock(max_stock=396.1>threshold=1.0),0.0,0.0,trimmed_mean_3,trimmed_mean_3
173,345-99,2024-06,0.0,"start=396.1,end=396.1,max=396.1",NORMAL_ZERO_DEMAND,zero_sales_with_available_stock(max_stock=396.1>threshold=1.0),0.0,0.0,trimmed_mean_3,trimmed_mean_3
173,345-99,2024-07,0.0,"start=396.1,end=396.1,max=396.1",NORMAL_ZERO_DEMAND,zero_sales_with_available_stock(max_stock=396.1>threshold=1.0),0.0,0.0,trimmed_mean_3,trimmed_mean_3
173,345-99,2024-08,0.0,"start=396.1,end=396.1,max=396.1",NORMAL_ZERO_DEMAND,zero_sales_with_available_stock(max_stock=396.1>threshold=1.0),0.0,0.0,trimmed_mean_3,trimmed_mean_3
173,345-99,2024-09,0.0,"start=396.1,end=396.1,max=396.1",NORMAL_ZERO_DEMAND,zero_sales_with_available_stock(max_stock=396.1>threshold=1.0),0.0,0.0,trimmed_mean_3,trimmed_mean_3
173,345-99,2024-10,0.0,"start=396.1,end=396.1,max=396.1",NORMAL_ZERO_DEMAND,zero_sales_with_available_stock(max_stock=396.1>threshold=1.0),0.0,0.0,trimmed_mean_3,trimmed_mean_3
173,345-99,2024-11,0.0,"start=396.1,end=396.1,max=396.1",NORMAL_ZERO_DEMAND,zero_sales_with_available_stock(max_stock=396.1>threshold=1.0),0.0,0.0,trimmed_mean_3,trimmed_mean_3
173,345-99,2024-12,0.0,"start=396.1,end=396.1,max=396.1",NORMAL_ZERO_DEMAND,zero_sales_with_available_stock(max_stock=396.1>threshold=1.0),0.0,0.0,trimmed_mean_3,trimmed_mean_3
173,345-99,2025-01,0.0,"start=396.1,end=396.1,max=396.1",NORMAL_ZERO_DEMAND,zero_sales_with_available_stock(max_stock=396.1>threshold=1.0),0.0,0.0,trimmed_mean_3,trimmed_mean_3
173,345-99,2025-02,0.0,"start=396.1,end=396.1,max=396.1",NORMAL_ZERO_DEMAND,zero_sales_with_available_stock(max_stock=396.1>threshold=1.0),0.0,0.0,trimmed_mean_3,trimmed_mean_3
173,345-99,2025-03,0.0,"start=396.1,end=396.1,max=396.1",NORMAL_ZERO_DEMAND,zero_sales_with_available_stock(max_stock=396.1>threshold=1.0),0.0,0.0,trimmed_mean_3,trimmed_mean_3
173,345-99,2025-04,0.0,"start=396.1,end=396.1,max=396.1",NORMAL_ZERO_DEMAND,zero_sales_with_available_stock(max_stock=396.1>threshold=1.0),0.0,0.0,trimmed_mean_3,trimmed_mean_3
173,345-99,2025-05,0.0,"start=396.1,end=396.1,max=396.1",NORMAL_ZERO_DEMAND,zero_sales_with_available_stock(max_stock=396.1>threshold=1.0),0.0,0.0,trimmed_mean_3,trimmed_mean_3
173,345-99,2025-06,0.0,"start=396.1,end=396.1,max=396.1",NORMAL_ZERO_DEMAND,zero_sales_with_available_stock(max_stock=396.1>threshold=1.0),0.0,0.0,trimmed_mean_3,trimmed_mean_3
173,345-99,2025-07,0.0,"start=396.1,end=396.1,max=396.1",NORMAL_ZERO_DEMAND,zero_sales_with_available_stock(max_stock=396.1>threshold=1.0),0.0,0.0,trimmed_mean_3,trimmed_mean_3
173,345-99,2025-08,0.0,"start=396.1,end=396.1,max=396.1",NORMAL_ZERO_DEMAND,zero_sales_with_available_stock(max_stock=396.1>threshold=1.0),0.0,0.0,trimmed_mean_3,trimmed_mean_3
173,345-99,2025-09,0.0,"start=396.1,end=396.1,max=396.1",NORMAL_ZERO_DEMAND,zero_sales_with_available_stock(max_stock=396.1>threshold=1.0),0.0,0.0,trimmed_mean_3,trimmed_mean_3
173,345-99,2025-10,0.0,"start=396.1,end=396.1,max=396.1",NORMAL_ZERO_DEMAND,zero_sales_with_available_stock(max_stock=396.1>threshold=1.0),0.0,0.0,trimmed_mean_3,trimmed_mean_3
173,345-99,2025-11,0.0,"start=396.1,end=396.1,max=396.1",NORMAL_ZERO_DEMAND,zero_sales_with_available_stock(max_stock=396.1>threshold=1.0),0.0,0.0,trimmed_mean_3,trimmed_mean_3
173,345-99,2025-12,0.0,"start=396.1,end=396.1,max=396.1",NORMAL_ZERO_DEMAND,zero_sales_with_available_stock(max_stock=396.1>threshold=1.0),0.0,0.0,trimmed_mean_3,trimmed_mean_3
173,345-99,2026-01,0.0,"start=396.1,end=396.1,max=396.1",NORMAL_ZERO_DEMAND,zero_sales_with_available_stock(max_stock=396.1>threshold=1.0),0.0,0.0,trimmed_mean_3,trimmed_mean_3
173,345-99,2026-02,0.0,"start=396.1,end=396.1,max=396.1",NORMAL_ZERO_DEMAND,zero_sales_with_available_stock(max_stock=396.1>threshold=1.0),0.0,0.0,trimmed_mean_3,trimmed_mean_3
173,345-99,2026-03,0.0,"start=396.1,end=396.1,max=396.1",NORMAL_ZERO_DEMAND,zero_sales_with_available_stock(max_stock=396.1>threshold=1.0),0.0,0.0,trimmed_mean_3,trimmed_mean_3
173,345-99,2026-04,0.0,"start=396.1,end=396.1,max=396.1",NORMAL_ZERO_DEMAND,zero_sales_with_available_stock(max_stock=396.1>threshold=1.0),0.0,0.0,trimmed_mean_3,trimmed_mean_3
173,345-99,2026-05,0.0,"start=396.1,end=396.1,max=396.1",NORMAL_ZERO_DEMAND,zero_sales_with_available_stock(max_stock=396.1>threshold=1.0),0.0,0.0,trimmed_mean_3,trimmed_mean_3
173,345-99,2026-06,0.0,"start=396.1,end=396.1,max=396.1",NORMAL_ZERO_DEMAND,zero_sales_with_available_stock(max_stock=396.1>threshold=1.0),0.0,0.0,trimmed_mean_3,trimmed_mean_3
173,345-99,2026-07,0.0,"start=396.1,end=396.1,max=396.1",NORMAL_ZERO_DEMAND,zero_sales_with_available_stock(max_stock=396.1>threshold=1.0),0.0,0.0,trimmed_mean_3,trimmed_mean_3
173,345-99,2026-08,0.0,"start=396.1,end=396.1,max=396.1",NORMAL_ZERO_DEMAND,zero_sales_with_available_stock(max_stock=396.1>threshold=1.0),0.0,0.0,trimmed_mean_3,trimmed_mean_3
173,345-99,2026-09,0.0,"start=396.1,end=396.1,max=396.1",NORMAL_ZERO_DEMAND,zero_sales_with_available_stock(max_stock=396.1>threshold=1.0),0.0,0.0,trimmed_mean_3,trimmed_mean_3
10073,DE-V1-107,2024-02,6.0,"start=246.0,end=242.7,max=248.7",NORMAL_DEMAND,positive_sales,0.0,0.0,trimmed_mean_3,trimmed_mean_3
10073,DE-V1-107,2024-03,0.0,"start=242.7,end=292.7,max=292.7",NORMAL_ZERO_DEMAND,zero_sales_with_available_stock(max_stock=292.7>threshold=1.0),0.0,0.0,trimmed_mean_3,trimmed_mean_3
10073,DE-V1-107,2024-04,0.0,"start=292.7,end=292.7,max=292.7",NORMAL_ZERO_DEMAND,zero_sales_with_available_stock(max_stock=292.7>threshold=1.0),0.0,0.0,trimmed_mean_3,trimmed_mean_3
10073,DE-V1-107,2024-05,0.0,"start=292.7,end=292.7,max=292.7",NORMAL_ZERO_DEMAND,zero_sales_with_available_stock(max_stock=292.7>threshold=1.0),0.0,0.0,trimmed_mean_3,trimmed_mean_3
10073,DE-V1-107,2024-06,0.0,"start=292.7,end=292.7,max=292.7",NORMAL_ZERO_DEMAND,zero_sales_with_available_stock(max_stock=292.7>threshold=1.0),0.0,0.0,trimmed_mean_3,trimmed_mean_3
10073,DE-V1-107,2024-07,0.0,"start=292.7,end=292.7,max=292.7",NORMAL_ZERO_DEMAND,zero_sales_with_available_stock(max_stock=292.7>threshold=1.0),0.0,0.0,trimmed_mean_3,trimmed_mean_3
10073,DE-V1-107,2024-08,0.0,"start=292.7,end=292.7,max=292.7",NORMAL_ZERO_DEMAND,zero_sales_with_available_stock(max_stock=292.7>threshold=1.0),0.0,0.0,trimmed_mean_3,trimmed_mean_3
10073,DE-V1-107,2024-09,0.0,"start=292.7,end=292.7,max=292.7",NORMAL_ZERO_DEMAND,zero_sales_with_available_stock(max_stock=292.7>threshold=1.0),0.0,0.0,trimmed_mean_3,trimmed_mean_3
10073,DE-V1-107,2024-10,0.0,"start=292.7,end=292.7,max=292.7",NORMAL_ZERO_DEMAND,zero_sales_with_available_stock(max_stock=292.7>threshold=1.0),0.0,0.0,trimmed_mean_3,trimmed_mean_3
10073,DE-V1-107,2024-11,0.0,"start=292.7,end=292.7,max=292.7",NORMAL_ZERO_DEMAND,zero_sales_with_available_stock(max_stock=292.7>threshold=1.0),0.0,0.0,trimmed_mean_3,trimmed_mean_3
10073,DE-V1-107,2024-12,0.0,"start=292.7,end=292.7,max=292.7",NORMAL_ZERO_DEMAND,zero_sales_with_available_stock(max_stock=292.7>threshold=1.0),0.0,0.0,trimmed_mean_3,trimmed_mean_3
10073,DE-V1-107,2025-01,0.0,"start=292.7,end=292.7,max=292.7",NORMAL_ZERO_DEMAND,zero_sales_with_available_stock(max_stock=292.7>threshold=1.0),0.0,0.0,trimmed_mean_3,trimmed_mean_3
10073,DE-V1-107,2025-02,0.0,"start=292.7,end=292.7,max=292.7",NORMAL_ZERO_DEMAND,zero_sales_with_available_stock(max_stock=292.7>threshold=1.0),0.0,0.0,trimmed_mean_3,trimmed_mean_3
10073,DE-V1-107,2025-03,0.0,"start=292.7,end=295.7,max=295.7",NORMAL_ZERO_DEMAND,zero_sales_with_available_stock(max_stock=295.7>threshold=1.0),0.0,0.0,trimmed_mean_3,trimmed_mean_3
10073,DE-V1-107,2025-04,0.0,"start=295.7,end=296.7,max=296.7",NORMAL_ZERO_DEMAND,zero_sales_with_available_stock(max_stock=296.7>threshold=1.0),0.0,0.0,trimmed_mean_3,trimmed_mean_3
10073,DE-V1-107,2025-05,0.0,"start=296.7,end=296.7,max=296.7",NORMAL_ZERO_DEMAND,zero_sales_with_available_stock(max_stock=296.7>threshold=1.0),0.0,0.0,trimmed_mean_3,trimmed_mean_3
10073,DE-V1-107,2025-06,0.0,"start=296.7,end=296.7,max=296.7",NORMAL_ZERO_DEMAND,zero_sales_with_available_stock(max_stock=296.7>threshold=1.0),0.0,0.0,trimmed_mean_3,trimmed_mean_3
10073,DE-V1-107,2025-07,0.0,"start=296.7,end=296.7,max=296.7",NORMAL_ZERO_DEMAND,zero_sales_with_available_stock(max_stock=296.7>threshold=1.0),0.0,0.0,trimmed_mean_3,trimmed_mean_3
10073,DE-V1-107,2025-08,0.0,"start=296.7,end=296.7,max=296.7",NORMAL_ZERO_DEMAND,zero_sales_with_available_stock(max_stock=296.7>threshold=1.0),0.0,0.0,trimmed_mean_3,trimmed_mean_3
10073,DE-V1-107,2025-09,0.0,"start=296.7,end=296.7,max=296.7",NORMAL_ZERO_DEMAND,zero_sales_with_available_stock(max_stock=296.7>threshold=1.0),0.0,0.0,trimmed_mean_3,trimmed_mean_3
10073,DE-V1-107,2025-10,0.0,"start=296.7,end=296.7,max=296.7",NORMAL_ZERO_DEMAND,zero_sales_with_available_stock(max_stock=296.7>threshold=1.0),0.0,0.0,trimmed_mean_3,trimmed_mean_3
10073,DE-V1-107,2025-11,0.0,"start=296.7,end=296.7,max=296.7",NORMAL_ZERO_DEMAND,zero_sales_with_available_stock(max_stock=296.7>threshold=1.0),0.0,0.0,trimmed_mean_3,trimmed_mean_3
10073,DE-V1-107,2025-12,0.0,"start=296.7,end=296.7,max=296.7",NORMAL_ZERO_DEMAND,zero_sales_with_available_stock(max_stock=296.7>threshold=1.0),0.0,0.0,trimmed_mean_3,trimmed_mean_3
10073,DE-V1-107,2026-01,0.0,"start=296.7,end=296.7,max=296.7",NORMAL_ZERO_DEMAND,zero_sales_with_available_stock(max_stock=296.7>threshold=1.0),0.0,0.0,trimmed_mean_3,trimmed_mean_3
10073,DE-V1-107,2026-02,0.0,"start=296.7,end=296.7,max=296.7",NORMAL_ZERO_DEMAND,zero_sales_with_available_stock(max_stock=296.7>threshold=1.0),0.0,0.0,trimmed_mean_3,trimmed_mean_3
10073,DE-V1-107,2026-03,0.0,"start=296.7,end=296.7,max=296.7",NORMAL_ZERO_DEMAND,zero_sales_with_available_stock(max_stock=296.7>threshold=1.0),0.0,0.0,trimmed_mean_3,trimmed_mean_3
10073,DE-V1-107,2026-04,0.0,"start=296.7,end=296.7,max=296.7",NORMAL_ZERO_DEMAND,zero_sales_with_available_stock(max_stock=296.7>threshold=1.0),0.0,0.0,trimmed_mean_3,trimmed_mean_3
10073,DE-V1-107,2026-05,0.0,"start=296.7,end=296.7,max=296.7",NORMAL_ZERO_DEMAND,zero_sales_with_available_stock(max_stock=296.7>threshold=1.0),0.0,0.0,trimmed_mean_3,trimmed_mean_3
10073,DE-V1-107,2026-06,0.0,"start=296.7,end=296.7,max=296.7",NORMAL_ZERO_DEMAND,zero_sales_with_available_stock(max_stock=296.7>threshold=1.0),0.0,0.0,trimmed_mean_3,trimmed_mean_3
10073,DE-V1-107,2026-07,0.0,"start=296.7,end=296.7,max=296.7",NORMAL_ZERO_DEMAND,zero_sales_with_available_stock(max_stock=296.7>threshold=1.0),0.0,0.0,trimmed_mean_3,trimmed_mean_3
10073,DE-V1-107,2026-08,0.0,"start=296.7,end=296.7,max=296.7",NORMAL_ZERO_DEMAND,zero_sales_with_available_stock(max_stock=296.7>threshold=1.0),0.0,0.0,trimmed_mean_3,trimmed_mean_3
10073,DE-V1-107,2026-09,0.0,"start=296.7,end=296.7,max=296.7",NORMAL_ZERO_DEMAND,zero_sales_with_available_stock(max_stock=296.7>threshold=1.0),0.0,0.0,trimmed_mean_3,trimmed_mean_3
15805,407-29,2024-04,27.0,"start=0.0,end=37.1,max=64.1",NORMAL_DEMAND,positive_sales,0.0,0.0,seasonal_naive,seasonal_naive
15805,407-29,2024-05,0.0,"start=37.1,end=37.1,max=37.1",NORMAL_ZERO_DEMAND,zero_sales_with_available_stock(max_stock=37.1>threshold=1.0),0.0,0.0,seasonal_naive,seasonal_naive
15805,407-29,2024-06,0.0,"start=37.1,end=37.1,max=37.1",NORMAL_ZERO_DEMAND,zero_sales_with_available_stock(max_stock=37.1>threshold=1.0),0.0,0.0,seasonal_naive,seasonal_naive
15805,407-29,2024-07,0.0,"start=37.1,end=37.1,max=37.1",NORMAL_ZERO_DEMAND,zero_sales_with_available_stock(max_stock=37.1>threshold=1.0),0.0,0.0,seasonal_naive,seasonal_naive
15805,407-29,2024-08,0.0,"start=37.1,end=37.1,max=37.1",NORMAL_ZERO_DEMAND,zero_sales_with_available_stock(max_stock=37.1>threshold=1.0),0.0,0.0,seasonal_naive,seasonal_naive
15805,407-29,2024-09,0.0,"start=37.1,end=37.1,max=37.1",NORMAL_ZERO_DEMAND,zero_sales_with_available_stock(max_stock=37.1>threshold=1.0),0.0,0.0,seasonal_naive,seasonal_naive
15805,407-29,2024-10,0.0,"start=37.1,end=37.1,max=37.1",NORMAL_ZERO_DEMAND,zero_sales_with_available_stock(max_stock=37.1>threshold=1.0),0.0,0.0,seasonal_naive,seasonal_naive
15805,407-29,2024-11,0.0,"start=37.1,end=37.1,max=37.1",NORMAL_ZERO_DEMAND,zero_sales_with_available_stock(max_stock=37.1>threshold=1.0),0.0,0.0,seasonal_naive,seasonal_naive
15805,407-29,2024-12,0.5,"start=37.1,end=36.6,max=36.6",NORMAL_DEMAND,positive_sales,0.0,0.0,seasonal_naive,seasonal_naive
15805,407-29,2025-01,0.0,"start=36.6,end=36.6,max=36.6",NORMAL_ZERO_DEMAND,zero_sales_with_available_stock(max_stock=36.6>threshold=1.0),0.0,0.0,seasonal_naive,seasonal_naive
15805,407-29,2025-02,0.0,"start=36.6,end=36.6,max=36.6",NORMAL_ZERO_DEMAND,zero_sales_with_available_stock(max_stock=36.6>threshold=1.0),0.0,0.0,seasonal_naive,seasonal_naive
15805,407-29,2025-03,2.0,"start=36.6,end=34.6,max=38.6",NORMAL_DEMAND,positive_sales,0.0,0.0,seasonal_naive,seasonal_naive
15805,407-29,2025-04,3.0,"start=34.6,end=31.6,max=37.6",NORMAL_DEMAND,positive_sales,0.0,0.0,seasonal_naive,seasonal_naive
15805,407-29,2025-05,12.5,"start=31.6,end=19.1,max=42.6",NORMAL_DEMAND,positive_sales,0.0,0.0,seasonal_naive,seasonal_naive
15805,407-29,2025-06,0.0,"start=19.1,end=19.1,max=19.1",NORMAL_ZERO_DEMAND,zero_sales_with_available_stock(max_stock=19.1>threshold=1.0),0.0,0.0,seasonal_naive,seasonal_naive
15805,407-29,2025-07,0.0,"start=19.1,end=19.1,max=19.1",NORMAL_ZERO_DEMAND,zero_sales_with_available_stock(max_stock=19.1>threshold=1.0),0.0,0.0,seasonal_naive,seasonal_naive
15805,407-29,2025-08,10.5,"start=19.1,end=48.0,max=51.0",NORMAL_DEMAND,positive_sales,0.0,0.0,seasonal_naive,seasonal_naive
15805,407-29,2025-09,0.0,"start=48.0,end=48.0,max=48.0",NORMAL_ZERO_DEMAND,zero_sales_with_available_stock(max_stock=48.0>threshold=1.0),0.0,0.0,seasonal_naive,seasonal_naive
15805,407-29,2025-10,0.0,"start=48.0,end=48.0,max=48.0",NORMAL_ZERO_DEMAND,zero_sales_with_available_stock(max_stock=48.0>threshold=1.0),0.0,0.0,seasonal_naive,seasonal_naive
15805,407-29,2025-11,5.0,"start=48.0,end=43.0,max=53.0",NORMAL_DEMAND,positive_sales,0.0,0.0,seasonal_naive,seasonal_naive
15805,407-29,2025-12,13.0,"start=43.0,end=131.8,max=154.8",NORMAL_DEMAND,positive_sales,0.0,0.0,seasonal_naive,seasonal_naive
15805,407-29,2026-01,0.0,"start=131.8,end=131.8,max=131.8",NORMAL_ZERO_DEMAND,zero_sales_with_available_stock(max_stock=131.8>threshold=1.0),0.0,0.0,seasonal_naive,seasonal_naive
15805,407-29,2026-02,0.0,"start=131.8,end=131.8,max=131.8",NORMAL_ZERO_DEMAND,zero_sales_with_available_stock(max_stock=131.8>threshold=1.0),0.0,0.0,seasonal_naive,seasonal_naive
15805,407-29,2026-03,0.0,"start=131.8,end=131.8,max=131.8",NORMAL_ZERO_DEMAND,zero_sales_with_available_stock(max_stock=131.8>threshold=1.0),0.0,0.0,seasonal_naive,seasonal_naive
15805,407-29,2026-04,15.0,"start=131.8,end=116.8,max=143.8",NORMAL_DEMAND,positive_sales,0.0,0.0,seasonal_naive,seasonal_naive
15805,407-29,2026-05,2.0,"start=116.8,end=114.8,max=118.8",NORMAL_DEMAND,positive_sales,0.0,0.0,seasonal_naive,seasonal_naive
15805,407-29,2026-06,0.0,"start=114.8,end=114.8,max=114.8",NORMAL_ZERO_DEMAND,zero_sales_with_available_stock(max_stock=114.8>threshold=1.0),0.0,0.0,seasonal_naive,seasonal_naive
15805,407-29,2026-07,0.0,"start=114.8,end=114.8,max=114.8",NORMAL_ZERO_DEMAND,zero_sales_with_available_stock(max_stock=114.8>threshold=1.0),0.0,0.0,seasonal_naive,seasonal_naive
15805,407-29,2026-08,0.0,"start=114.8,end=114.8,max=114.8",NORMAL_ZERO_DEMAND,zero_sales_with_available_stock(max_stock=114.8>threshold=1.0),0.0,0.0,seasonal_naive,seasonal_naive
15805,407-29,2026-09,0.0,"start=114.8,end=114.8,max=114.8",NORMAL_ZERO_DEMAND,zero_sales_with_available_stock(max_stock=114.8>threshold=1.0),0.0,0.0,seasonal_naive,seasonal_naive
20310,443-35,2026-09,28.0,"start=199.4,end=171.4,max=216.9",NORMAL_DEMAND,positive_sales,28.0,28.0,trimmed_mean_3,trimmed_mean_3
13277,401-06,2024-03,12.0,"start=95.0,end=83.0,max=95.0",NORMAL_DEMAND,positive_sales,6.95,6.95,ses,ses
13277,401-06,2024-04,0.0,"start=83.0,end=83.0,max=83.0",NORMAL_ZERO_DEMAND,zero_sales_with_available_stock(max_stock=83.0>threshold=1.0),6.95,6.95,ses,ses
13277,401-06,2024-05,0.0,"start=83.0,end=83.0,max=83.0",NORMAL_ZERO_DEMAND,zero_sales_with_available_stock(max_stock=83.0>threshold=1.0),6.95,6.95,ses,ses
13277,401-06,2024-06,29.0,"start=83.0,end=52.1,max=54.0",NORMAL_DEMAND,positive_sales,6.95,6.95,ses,ses
13277,401-06,2024-07,0.0,"start=52.1,end=52.1,max=52.1",NORMAL_ZERO_DEMAND,zero_sales_with_available_stock(max_stock=52.1>threshold=1.0),6.95,6.95,ses,ses
13277,401-06,2024-08,0.0,"start=52.1,end=52.1,max=52.1",NORMAL_ZERO_DEMAND,zero_sales_with_available_stock(max_stock=52.1>threshold=1.0),6.95,6.95,ses,ses
13277,401-06,2024-09,0.0,"start=52.1,end=52.1,max=52.1",NORMAL_ZERO_DEMAND,zero_sales_with_available_stock(max_stock=52.1>threshold=1.0),6.95,6.95,ses,ses
13277,401-06,2024-10,22.5,"start=52.1,end=29.6,max=50.6",NORMAL_DEMAND,positive_sales,6.95,6.95,ses,ses
13277,401-06,2024-11,38.0,"start=29.6,end=41.6,max=79.6",NORMAL_DEMAND,positive_sales,6.95,6.95,ses,ses
13277,401-06,2024-12,0.0,"start=41.6,end=41.6,max=41.6",NORMAL_ZERO_DEMAND,zero_sales_with_available_stock(max_stock=41.6>threshold=1.0),6.95,6.95,ses,ses
13277,401-06,2025-01,0.0,"start=41.6,end=41.6,max=41.6",NORMAL_ZERO_DEMAND,zero_sales_with_available_stock(max_stock=41.6>threshold=1.0),6.95,6.95,ses,ses
13277,401-06,2025-02,1.0,"start=41.6,end=40.6,max=42.6",NORMAL_DEMAND,positive_sales,6.95,6.95,ses,ses
13277,401-06,2025-03,0.0,"start=40.6,end=40.6,max=40.6",NORMAL_ZERO_DEMAND,zero_sales_with_available_stock(max_stock=40.6>threshold=1.0),6.95,6.95,ses,ses
13277,401-06,2025-04,0.0,"start=40.6,end=40.6,max=40.6",NORMAL_ZERO_DEMAND,zero_sales_with_available_stock(max_stock=40.6>threshold=1.0),6.95,6.95,ses,ses
13277,401-06,2025-05,3.0,"start=40.6,end=37.6,max=43.6",NORMAL_DEMAND,positive_sales,6.95,6.95,ses,ses
13277,401-06,2025-06,0.0,"start=37.6,end=37.6,max=37.6",NORMAL_ZERO_DEMAND,zero_sales_with_available_stock(max_stock=37.6>threshold=1.0),6.95,6.95,ses,ses
13277,401-06,2025-07,14.0,"start=37.6,end=23.6,max=51.6",NORMAL_DEMAND,positive_sales,6.95,6.95,ses,ses
13277,401-06,2025-08,0.0,"start=23.6,end=23.6,max=23.6",NORMAL_ZERO_DEMAND,zero_sales_with_available_stock(max_stock=23.6>threshold=1.0),6.95,6.95,ses,ses
13277,401-06,2025-09,0.0,"start=23.6,end=23.6,max=23.6",NORMAL_ZERO_DEMAND,zero_sales_with_available_stock(max_stock=23.6>threshold=1.0),6.95,6.95,ses,ses
13277,401-06,2025-10,0.0,"start=23.6,end=23.6,max=23.6",NORMAL_ZERO_DEMAND,zero_sales_with_available_stock(max_stock=23.6>threshold=1.0),6.95,6.95,ses,ses
13277,401-06,2025-11,34.0,"start=23.6,end=12.0,max=70.0",NORMAL_DEMAND,positive_sales,6.95,6.95,ses,ses
13277,401-06,2025-12,4.0,"start=12.0,end=81.6,max=98.6",NORMAL_DEMAND,positive_sales,6.95,6.95,ses,ses
13277,401-06,2026-01,16.0,"start=81.6,end=65.6,max=91.6",NORMAL_DEMAND,positive_sales,6.95,6.95,ses,ses
13277,401-06,2026-02,0.0,"start=65.6,end=65.6,max=65.6",NORMAL_ZERO_DEMAND,zero_sales_with_available_stock(max_stock=65.6>threshold=1.0),6.95,6.95,ses,ses
13277,401-06,2026-03,0.0,"start=65.6,end=65.6,max=65.6",NORMAL_ZERO_DEMAND,zero_sales_with_available_stock(max_stock=65.6>threshold=1.0),6.95,6.95,ses,ses
13277,401-06,2026-04,30.0,"start=65.6,end=30.0,max=93.9",NORMAL_DEMAND,positive_sales,6.95,6.95,ses,ses
13277,401-06,2026-05,0.0,"start=30.0,end=30.0,max=30.0",NORMAL_ZERO_DEMAND,zero_sales_with_available_stock(max_stock=30.0>threshold=1.0),6.95,6.95,ses,ses
13277,401-06,2026-06,0.0,"start=30.0,end=30.0,max=30.0",NORMAL_ZERO_DEMAND,zero_sales_with_available_stock(max_stock=30.0>threshold=1.0),6.95,6.95,ses,ses
13277,401-06,2026-07,0.0,"start=30.0,end=30.0,max=30.0",NORMAL_ZERO_DEMAND,zero_sales_with_available_stock(max_stock=30.0>threshold=1.0),6.95,6.95,ses,ses
13277,401-06,2026-08,12.0,"start=30.0,end=18.0,max=30.0",NORMAL_DEMAND,positive_sales,6.95,6.95,ses,ses
13277,401-06,2026-09,0.0,"start=18.0,end=18.0,max=18.0",NORMAL_ZERO_DEMAND,zero_sales_with_available_stock(max_stock=18.0>threshold=1.0),6.95,6.95,ses,ses
